encounter_id,predicted_probability,risk_category
96431664,0.3084076,Low
146293770,0.41974857,Medium
128884314,0.56559414,Medium
71578422,0.4494777,Medium
330778598,0.38665164,Medium
84789984,0.5237296,Medium
44218638,0.5589536,Medium
29848206,0.5634181,Medium
184706748,0.3939037,Medium
320874110,0.43492422,Medium
177522960,0.15375927,Low
340742504,0.42871675,Medium
109216752,0.56695044,Medium
24364416,0.34215665,Medium
156409146,0.45604876,Medium
97361292,0.43394884,Medium
217766874,0.60914093,Medium
364879748,0.4066409,Medium
180348756,0.3323112,Medium
164465412,0.51137096,Medium
139621302,0.2804844,Low
106189350,0.3398356,Medium
164688390,0.5027245,Medium
157976856,0.3410784,Medium
109170360,0.32581875,Low
147891066,0.43942654,Medium
177124620,0.61834365,Medium
103025238,0.41061652,Medium
315503660,0.47746906,Medium
377884154,0.47856855,Medium
352593794,0.3396699,Medium
190670556,0.43503106,Medium
146630268,0.3988761,Medium
150408876,0.3496069,Medium
326133026,0.45368567,Medium
14571612,0.414277,Medium
76023990,0.25409335,Low
168828378,0.6595553,Medium
270106182,0.32889903,Low
271666362,0.25541648,Low
155120730,0.29495963,Low
88288896,0.50477564,Medium
103752600,0.46720272,Medium
58946832,0.4897863,Medium
39483774,0.5277168,Medium
135869166,0.47718614,Medium
68076852,0.3745299,Medium
146908530,0.40789986,Medium
110604072,0.5656698,Medium
273674178,0.5345832,Medium
224811360,0.42902774,Medium
42531948,0.4134554,Medium
62570088,0.48096827,Medium
406743158,0.40318522,Medium
257332998,0.5582288,Medium
211837230,0.49955478,Medium
22786566,0.4187317,Medium
122400708,0.5538589,Medium
213227928,0.4136627,Medium
175997154,0.4186222,Medium
123135618,0.48419663,Medium
158776836,0.47937137,Medium
129000474,0.325644,Low
108302148,0.37112147,Medium
78262014,0.75356025,High
52700790,0.5325246,Medium
92403360,0.25307533,Low
95073360,0.39759347,Medium
350191118,0.41845956,Medium
179779398,0.44970924,Medium
272101758,0.45806313,Medium
39582588,0.57050925,Medium
153989292,0.52703744,Medium
171626352,0.3826587,Medium
146636478,0.4553769,Medium
13198794,0.50279135,Medium
103574604,0.33740148,Medium
247210176,0.2817784,Low
70463124,0.28717324,Low
59639418,0.5348403,Medium
46652544,0.2719211,Low
57468654,0.48924884,Medium
30430236,0.4114941,Medium
343078016,0.082541086,Low
14462742,0.6718961,High
160290234,0.38418645,Medium
148499484,0.28387848,Low
145267536,0.3285407,Low
68719872,0.50626534,Medium
163312446,0.39234892,Medium
3828228,0.3980167,Medium
99812994,0.22729068,Low
126795060,0.47455156,Medium
355422788,0.40476143,Medium
49692204,0.39198267,Medium
250993032,0.39569345,Medium
31853544,0.3197521,Low
236213466,0.37838733,Medium
85537008,0.40557536,Medium
384960782,0.48927566,Medium
249444102,0.5366335,Medium
98151006,0.50451124,Medium
153801912,0.4542644,Medium
108629034,0.3584065,Medium
96564654,0.3691408,Medium
264532422,0.41293338,Medium
53182542,0.7347605,High
106631718,0.7685206,High
125732064,0.5281593,Medium
60462330,0.5736438,Medium
160139262,0.4192715,Medium
69328980,0.37964904,Medium
155506404,0.41587573,Medium
271551948,0.38457036,Medium
20322972,0.59490347,Medium
111562308,0.611494,Medium
72776562,0.362799,Medium
278949894,0.3959193,Medium
43328760,0.56561583,Medium
150017202,0.660767,High
229559286,0.4067345,Medium
37553538,0.4470258,Medium
327231260,0.30762702,Low
100064046,0.49374738,Medium
254298474,0.515092,Medium
350266988,0.55016834,Medium
134317008,0.6629547,High
157758558,0.52281886,Medium
256141560,0.44830653,Medium
108154008,0.49115044,Medium
154083222,0.29880583,Low
321962954,0.40697947,Medium
68632836,0.43331152,Medium
244302534,0.5259419,Medium
78999300,0.51815027,Medium
136719720,0.6297035,Medium
195234834,0.49757496,Medium
252355998,0.4663717,Medium
80455236,0.31858578,Low
240629898,0.43817702,Medium
92306514,0.28524968,Low
68935914,0.4839726,Medium
92580666,0.46239167,Medium
241703028,0.5360324,Medium
64670814,0.51564264,Medium
55264098,0.29664564,Low
143923260,0.44221237,Medium
182506902,0.66547847,High
192520428,0.40532243,Medium
163116420,0.45768973,Medium
363817160,0.5270147,Medium
6174762,0.4892703,Medium
165768780,0.5168679,Medium
110638962,0.36096853,Medium
126827670,0.48661444,Medium
296628962,0.48687643,Medium
215603790,0.34368616,Medium
212004126,0.7516649,High
106545624,0.47595888,Medium
16215312,0.39946026,Medium
145607616,0.55009437,Medium
338955254,0.4013615,Medium
287816808,0.46673638,Medium
100131384,0.32816228,Low
153821976,0.35532248,Medium
340190084,0.43155593,Medium
167952384,0.5237653,Medium
207988536,0.47105703,Medium
29036358,0.28136808,Low
38495886,0.47170642,Medium
73899480,0.46858233,Medium
233691234,0.33960772,Medium
88219056,0.49337578,Medium
147324870,0.480439,Medium
247678902,0.4913904,Medium
31229490,0.46422085,Medium
144393234,0.3657875,Medium
32005092,0.39999428,Medium
105711570,0.61797583,Medium
392585798,0.4450541,Medium
50903034,0.43560266,Medium
36711348,0.7007249,High
359641526,0.53310424,Medium
45157686,0.5225207,Medium
39945834,0.57773286,Medium
197520048,0.47233993,Medium
24566616,0.4757324,Medium
39096720,0.5165048,Medium
392087750,0.3933572,Medium
416699258,0.33352286,Medium
46330470,0.32921973,Low
150841890,0.64055437,Medium
181825974,0.24034776,Low
105177072,0.6453945,Medium
81611010,0.53625876,Medium
315490874,0.34514594,Medium
189044622,0.38355947,Medium
142883472,0.4339093,Medium
27310422,0.6210711,Medium
109622460,0.50743216,Medium
143249328,0.82031983,High
125613126,0.34707245,Medium
39485958,0.37435338,Medium
168259176,0.33628753,Medium
166821342,0.30703968,Low
245295540,0.39357936,Medium
113521524,0.4857588,Medium
217311618,0.5134179,Medium
193283292,0.43977746,Medium
96360576,0.4609504,Medium
126647604,0.60182744,Medium
283478748,0.56227285,Medium
189300996,0.54817265,Medium
227740662,0.6176695,Medium
176283666,0.46486995,Medium
156916548,0.34171098,Medium
128059398,0.5940819,Medium
203372916,0.36537346,Medium
303677006,0.6830292,High
221574558,0.62863165,Medium
311878196,0.4639256,Medium
263112798,0.4140329,Medium
217517124,0.48920298,Medium
47677860,0.5548173,Medium
236118252,0.46420974,Medium
88071042,0.5415049,Medium
103078800,0.4999649,Medium
110111556,0.5084047,Medium
75614868,0.47942442,Medium
9644022,0.4958446,Medium
89693526,0.32814476,Low
73995438,0.3415222,Medium
156572340,0.35751846,Medium
142203780,0.49318168,Medium
10769412,0.40338543,Medium
241542066,0.3340699,Medium
85698006,0.5397293,Medium
241806534,0.6134238,Medium
127762476,0.29101947,Low
154148646,0.31651756,Low
127910154,0.41076803,Medium
121142922,0.35089782,Medium
179200698,0.64986163,Medium
261639318,0.3404839,Medium
4576464,0.41371852,Medium
164553660,0.3222388,Low
49828002,0.70024645,High
260007768,0.51227725,Medium
275058462,0.4280386,Medium
141678444,0.60261714,Medium
169761972,0.49382818,Medium
257423328,0.345308,Medium
150206466,0.6390224,Medium
39646452,0.5057917,Medium
290477226,0.50296277,Medium
176655894,0.21063966,Low
160314624,0.27115342,Low
289053960,0.5244581,Medium
35606394,0.5716862,Medium
170093724,0.50262636,Medium
172444350,0.22007488,Low
176915064,0.50444084,Medium
150078258,0.5320408,Medium
325444970,0.67372197,High
8859450,0.73134416,High
412042142,0.43399465,Medium
32511042,0.48125115,Medium
74849664,0.7180615,High
184780002,0.5106636,Medium
22218918,0.49505097,Medium
204752010,0.7092556,High
53679174,0.42583704,Medium
122601624,0.5474183,Medium
423770456,0.52105004,Medium
244831518,0.8167615,High
28468872,0.35917825,Medium
15984510,0.4529802,Medium
114036768,0.4127779,Medium
86402028,0.48212016,Medium
304265798,0.43262374,Medium
96477174,0.7872013,High
192038580,0.44818974,Medium
159257784,0.53441983,Medium
59659140,0.47030583,Medium
403170962,0.52917385,Medium
353064980,0.35865998,Medium
228363294,0.49866107,Medium
95699976,0.2682916,Low
289006092,0.51894,Medium
269955372,0.16484314,Low
197925600,0.6355002,Medium
168041916,0.5101677,Medium
71161080,0.32280558,Low
149893002,0.48961118,Medium
22449504,0.50792587,Medium
27613752,0.527495,Medium
145990716,0.28293052,Low
260022900,0.40246058,Medium
108441606,0.511083,Medium
216995712,0.44236612,Medium
222048402,0.39306906,Medium
69055020,0.3482596,Medium
79725714,0.4204366,Medium
51492786,0.5528999,Medium
22459686,0.6468083,Medium
125201226,0.7627124,High
197961072,0.5329453,Medium
156511248,0.33045834,Medium
223520556,0.3520073,Medium
5281974,0.353423,Medium
340286216,0.5107831,Medium
7089882,0.42040464,Medium
166561710,0.39312765,Medium
78629508,0.41957718,Medium
88792836,0.78290606,High
274375398,0.43111274,Medium
110855688,0.35912934,Medium
60641418,0.2365624,Low
167321814,0.35977754,Medium
123692832,0.29201302,Low
354318086,0.51645696,Medium
124016322,0.5197657,Medium
105918150,0.33544847,Medium
166544478,0.62440187,Medium
26844600,0.31455445,Low
220268976,0.3964268,Medium
99570510,0.41052565,Medium
288614394,0.41536507,Medium
62994246,0.52247524,Medium
3996996,0.38270158,Medium
141861228,0.44283757,Medium
223575990,0.37343016,Medium
102665670,0.41103724,Medium
195026658,0.40623444,Medium
167562966,0.72155374,High
48505854,0.49337846,Medium
21090690,0.5315018,Medium
398500478,0.37683553,Medium
163900812,0.30016422,Low
51736788,0.519183,Medium
73653660,0.40527862,Medium
66464490,0.54276216,Medium
164606208,0.5558692,Medium
96585372,0.28539506,Low
372665912,0.5989155,Medium
79966704,0.29567894,Low
101295978,0.5290274,Medium
164151630,0.25380486,Low
126837330,0.40730911,Medium
106367130,0.41027492,Medium
64177488,0.5023745,Medium
27994296,0.559864,Medium
65012316,0.43078977,Medium
64205748,0.52836144,Medium
20508456,0.46065852,Medium
108178242,0.54934096,Medium
84872004,0.34903565,Medium
111620874,0.45955184,Medium
250582284,0.4869727,Medium
339042674,0.6510429,Medium
107865924,0.37885782,Medium
112455732,0.3134157,Low
86808072,0.32597506,Low
232089444,0.39611024,Medium
98429040,0.48386195,Medium
70901412,0.6286772,Medium
251198472,0.31424436,Low
344867288,0.38996515,Medium
238817658,0.6018805,Medium
146581242,0.43547532,Medium
37367310,0.56122786,Medium
110589144,0.29852864,Low
39639336,0.27284923,Low
66391020,0.24037687,Low
165926130,0.28550583,Low
222056850,0.41173434,Medium
162208470,0.6357811,Medium
31277580,0.27460024,Low
17957946,0.31827277,Low
63824412,0.61486363,Medium
34816080,0.4274538,Medium
270007812,0.43056798,Medium
37634892,0.48893985,Medium
184808634,0.3923981,Medium
252451758,0.83692884,High
172969674,0.54043496,Medium
96430962,0.5220634,Medium
155961012,0.5537994,Medium
158454102,0.5395831,Medium
96442548,0.28740153,Low
32031048,0.7075989,High
145309446,0.32653332,Low
123338904,0.3368877,Medium
128092554,0.17581385,Low
28631376,0.15463832,Low
123167094,0.32286423,Low
108887700,0.50394607,Medium
394958270,0.42032436,Medium
125825382,0.41182643,Medium
166694826,0.46502343,Medium
171278190,0.5575946,Medium
154518060,0.37193623,Medium
363258200,0.53133196,Medium
198813318,0.29185054,Low
283061166,0.45816466,Medium
149122926,0.4435794,Medium
300145766,0.17235407,Low
51446850,0.448569,Medium
76027020,0.23845875,Low
36760242,0.6010035,Medium
9225600,0.31803578,Low
123601920,0.5190018,Medium
91149318,0.7158109,High
26311806,0.45134917,Medium
126320166,0.4725222,Medium
152883186,0.31055713,Low
192979086,0.46870068,Medium
98011026,0.46696672,Medium
122930844,0.36456898,Medium
283975902,0.33433393,Medium
39443748,0.45177755,Medium
7197084,0.32668725,Low
105717264,0.30934528,Low
265273392,0.44259512,Medium
209770458,0.6006058,Medium
212203092,0.38195294,Medium
51695664,0.50266284,Medium
223095744,0.33301005,Medium
64992444,0.38508728,Medium
255996018,0.49089155,Medium
190792044,0.41391015,Medium
277563540,0.52659726,Medium
88191882,0.47549972,Medium
125535786,0.38941965,Medium
300723476,0.77623844,High
171026244,0.4628507,Medium
87635130,0.51734143,Medium
96302352,0.5186602,Medium
154417602,0.4529805,Medium
200122422,0.67874,High
45738732,0.53308463,Medium
107502948,0.5236679,Medium
39955962,0.5848183,Medium
76061226,0.27570564,Low
106517946,0.43704027,Medium
141963840,0.20288779,Low
82661022,0.52552813,Medium
73527990,0.21779068,Low
22080606,0.60279006,Medium
32651280,0.34041193,Medium
243084156,0.4859406,Medium
55284888,0.38561845,Medium
162997092,0.54962176,Medium
19192254,0.35864592,Medium
102156330,0.62982225,Medium
8607732,0.31385016,Low
55836582,0.48503363,Medium
181852974,0.6156028,Medium
10567692,0.26685506,Low
22108218,0.29205653,Low
106173684,0.5947502,Medium
203578434,0.5498899,Medium
158167170,0.4099471,Medium
27032400,0.4518354,Medium
193941288,0.5649398,Medium
3677814,0.32014048,Low
39074046,0.2699401,Low
59129640,0.1885906,Low
60229572,0.33639166,Medium
136412154,0.2153546,Low
42030360,0.32114017,Low
149718654,0.42942804,Medium
32781996,0.5219006,Medium
157269180,0.5182321,Medium
360786440,0.2900604,Low
145272282,0.29641765,Low
233515194,0.39303032,Medium
39059988,0.40214798,Medium
29451852,0.37090674,Medium
189156876,0.33830228,Medium
282514152,0.37393564,Medium
405534692,0.45478228,Medium
47625846,0.4910796,Medium
222753270,0.36725318,Medium
68052426,0.4862535,Medium
87035226,0.35095277,Medium
139592508,0.44913602,Medium
234059874,0.54528195,Medium
110027724,0.49866912,Medium
72838740,0.5898476,Medium
42444276,0.5487783,Medium
185501592,0.40607947,Medium
191409930,0.5754105,Medium
87657918,0.32833406,Low
195444492,0.34519753,Medium
269430168,0.46426708,Medium
71047338,0.39192128,Medium
119226144,0.57479566,Medium
255878508,0.6410444,Medium
153688434,0.35932225,Medium
149747610,0.39058238,Medium
59213946,0.6343825,Medium
267229830,0.64936334,Medium
403166390,0.46149194,Medium
89553414,0.6292154,Medium
157892070,0.5097487,Medium
235458642,0.37489605,Medium
83242758,0.38355613,Medium
372612164,0.3832576,Medium
386093678,0.51107806,Medium
108097812,0.49902648,Medium
18726906,0.42821306,Medium
134439348,0.8000482,High
96573570,0.43722638,Medium
140743344,0.6220786,Medium
280875042,0.30283946,Low
125204508,0.46611023,Medium
134931648,0.75197357,High
253989096,0.38731065,Medium
152306238,0.3636664,Medium
174741876,0.3033818,Low
294219446,0.47588244,Medium
174630312,0.5275245,Medium
88943754,0.60226506,Medium
247732368,0.3158201,Low
341467106,0.4950708,Medium
366602738,0.7308245,High
55297626,0.271691,Low
61806414,0.52581674,Medium
420858866,0.56545424,Medium
443694464,0.4326383,Medium
227999112,0.5533333,Medium
127145382,0.31004307,Low
289172610,0.7739181,High
129759288,0.6883081,High
433686662,0.3549076,Medium
183771888,0.35634038,Medium
5116878,0.2691825,Low
313173968,0.5181148,Medium
84964866,0.6246923,Medium
60426300,0.47454762,Medium
84955056,0.2839274,Low
324302774,0.5424069,Medium
239402886,0.32509893,Low
45266928,0.5349124,Medium
169079070,0.5533044,Medium
130120572,0.34988675,Medium
79931970,0.3828597,Medium
150735174,0.50619096,Medium
116376882,0.43891117,Medium
54121890,0.54695165,Medium
2549826,0.24305072,Low
245604840,0.63225025,Medium
155412918,0.3587644,Medium
170135874,0.79393363,High
9945708,0.53916293,Medium
90089406,0.44637516,Medium
83040756,0.57103324,Medium
22153884,0.37429392,Medium
49097772,0.5525841,Medium
25432338,0.34715292,Medium
250397238,0.5068852,Medium
264814968,0.66063005,High
147766800,0.39833748,Medium
230433570,0.3221774,Low
427913852,0.41137737,Medium
149397702,0.3321197,Medium
347229914,0.36699343,Medium
96362418,0.5015715,Medium
15168246,0.6740104,High
37455294,0.48973006,Medium
52652304,0.47499847,Medium
146018676,0.41621628,Medium
375543968,0.47543406,Medium
52664616,0.511097,Medium
138697734,0.29599017,Low
278578332,0.5761905,Medium
56626272,0.586593,Medium
429625034,0.5165705,Medium
184061004,0.3290026,Low
134336322,0.3428859,Medium
107763030,0.4151534,Medium
201794016,0.4412271,Medium
26123628,0.48087636,Medium
189316608,0.4571731,Medium
132289782,0.5905205,Medium
251430168,0.23448373,Low
43153446,0.6134864,Medium
232041666,0.40337232,Medium
389693054,0.48117265,Medium
26557212,0.45898142,Medium
131723946,0.35957098,Medium
120190806,0.3641051,Medium
424446506,0.35102794,Medium
152870286,0.7886749,High
154715298,0.15943024,Low
132552972,0.5453184,Medium
153060138,0.58927083,Medium
249202026,0.4507361,Medium
273639054,0.58429676,Medium
134029974,0.4853495,Medium
209303748,0.3215057,Low
158378610,0.69937736,High
105465642,0.28788057,Low
147407334,0.6236151,Medium
108517884,0.40092352,Medium
56746290,0.59932995,Medium
21476454,0.22596371,Low
231268884,0.32667083,Low
186553266,0.55564475,Medium
403722842,0.35194802,Medium
72003156,0.60111934,Medium
90659124,0.33410388,Medium
110807436,0.30208558,Low
81813138,0.28528324,Low
125645346,0.79132795,High
67752018,0.40826762,Medium
17000706,0.35712516,Medium
249322872,0.2915048,Low
277546380,0.3771924,Medium
2356308,0.332059,Medium
147502638,0.35473263,Medium
366784046,0.54447323,Medium
66360738,0.42863244,Medium
125636388,0.4420941,Medium
2588250,0.31188074,Low
246811800,0.58173573,Medium
49143672,0.27869403,Low
2473668,0.27280676,Low
107608458,0.6843791,High
75721872,0.71043867,High
76677018,0.5957737,Medium
167576670,0.29113504,Low
132847590,0.33073255,Medium
84918330,0.71734536,High
61914870,0.61685884,Medium
406751162,0.53202176,Medium
136732992,0.5548554,Medium
284420832,0.56848514,Medium
287621928,0.39369008,Medium
100556064,0.3063333,Low
155157408,0.567833,Medium
336689510,0.3276579,Low
124231644,0.40889385,Medium
171879078,0.15314494,Low
131084652,0.502049,Medium
34847850,0.5481107,Medium
267682818,0.43554297,Medium
409598918,0.29119998,Low
202194426,0.3565503,Medium
67333500,0.46387258,Medium
80716050,0.48012254,Medium
165796146,0.5165252,Medium
166431414,0.5613476,Medium
56973630,0.30988938,Low
138664830,0.32895365,Low
200505756,0.47952724,Medium
120988422,0.11320884,Low
140429688,0.32481766,Low
111526158,0.46203792,Medium
143245902,0.5551731,Medium
147896010,0.2727694,Low
52356906,0.45686918,Medium
428470706,0.68617386,High
160598874,0.31544253,Low
171226686,0.32054445,Low
156619788,0.3467164,Medium
219691446,0.3119532,Low
58012656,0.49488515,Medium
372504380,0.36103365,Medium
87290994,0.60243493,Medium
40811892,0.7333303,High
302527640,0.5989691,Medium
411375524,0.54170656,Medium
111062946,0.7717503,High
24895632,0.47498652,Medium
121201140,0.40449312,Medium
151528002,0.32525223,Low
63120822,0.6058514,Medium
66338250,0.584908,Medium
91716486,0.66784745,High
171405060,0.42916507,Medium
164151654,0.35863578,Medium
391461836,0.49670863,Medium
89859936,0.44230193,Medium
418543220,0.59077615,Medium
18880104,0.22448486,Low
103571562,0.21835802,Low
329672420,0.6572339,Medium
100708764,0.39076957,Medium
288496650,0.4827258,Medium
35830650,0.2602535,Low
231311370,0.42635405,Medium
34135254,0.4827099,Medium
22037400,0.4401054,Medium
69890052,0.5358594,Medium
105198258,0.49060422,Medium
256759278,0.39888018,Medium
429701396,0.4193011,Medium
118444164,0.47975585,Medium
213256452,0.496725,Medium
81893556,0.34427646,Medium
88234584,0.308475,Low
87006378,0.4844061,Medium
163381464,0.5149724,Medium
82337286,0.41992852,Medium
140870616,0.31081298,Low
83822928,0.6247481,Medium
243505224,0.40933648,Medium
202598226,0.49519125,Medium
172179102,0.3959942,Medium
141218022,0.5650822,Medium
12623490,0.41388828,Medium
284265342,0.4532679,Medium
105773574,0.49766836,Medium
146729178,0.6701786,High
72503484,0.6249964,Medium
58848546,0.40837598,Medium
86833188,0.50037795,Medium
33528516,0.51213354,Medium
82012980,0.52727556,Medium
280241670,0.48348522,Medium
124182372,0.36749768,Medium
100573098,0.15772215,Low
70177284,0.18015398,Low
20738814,0.33220443,Medium
62479230,0.40682134,Medium
316077152,0.32597286,Low
351378104,0.39170146,Medium
37309656,0.6125443,Medium
191898876,0.54986554,Medium
123814812,0.6442158,Medium
160613172,0.3994655,Medium
105106464,0.5194862,Medium
272180124,0.38876083,Medium
96201648,0.39560273,Medium
229770258,0.3144843,Low
137965506,0.29440808,Low
103820118,0.39449272,Medium
255551280,0.6625334,High
157743096,0.6160005,Medium
307293902,0.3145492,Low
233040444,0.57528156,Medium
158599998,0.48815444,Medium
83801964,0.36968115,Medium
225479682,0.5100608,Medium
371413358,0.7794707,High
344361338,0.27080685,Low
53968032,0.47459134,Medium
85455366,0.5133236,Medium
166117668,0.34744957,Medium
142043346,0.6189814,Medium
124904520,0.35943353,Medium
275948688,0.33337358,Medium
279897750,0.3172703,Low
184570416,0.70680755,High
67168392,0.42412704,Medium
147722970,0.45051757,Medium
207570750,0.3997791,Medium
66196782,0.50364536,Medium
20881464,0.26893538,Low
359583380,0.37686893,Medium
15013008,0.59289795,Medium
254118126,0.52490497,Medium
437920694,0.46185705,Medium
259565172,0.28529298,Low
264808038,0.41372758,Medium
99279228,0.33045465,Medium
8062380,0.5767264,Medium
435036452,0.4789285,Medium
55960980,0.41647792,Medium
255068184,0.5216907,Medium
211586964,0.6634723,High
17420844,0.33750162,Medium
83314824,0.57931894,Medium
23597412,0.19685331,Low
333756674,0.4412208,Medium
78387612,0.39970908,Medium
379141490,0.2847606,Low
167729418,0.45541802,Medium
48142410,0.24265589,Low
166266510,0.413573,Medium
168454002,0.43572947,Medium
131488788,0.68349487,High
204717594,0.26674035,Low
355569392,0.5969462,Medium
157142592,0.45301005,Medium
171912768,0.53889847,Medium
296121278,0.5264218,Medium
27506028,0.43674594,Medium
32172774,0.292367,Low
168869742,0.43344104,Medium
249236718,0.4375904,Medium
8057154,0.5487153,Medium
18282630,0.29874924,Low
97851192,0.43705878,Medium
81449412,0.47586882,Medium
99005238,0.6173156,Medium
59914584,0.5316215,Medium
103517430,0.27877787,Low
68776986,0.5309521,Medium
188667942,0.4541863,Medium
138394140,0.40196094,Medium
164989794,0.6243959,Medium
3043728,0.4300011,Medium
108540414,0.5544646,Medium
171513942,0.48643503,Medium
68240916,0.43575564,Medium
191039082,0.37474558,Medium
151163724,0.47265834,Medium
51496524,0.34820777,Medium
71004000,0.24338481,Low
140586624,0.44564274,Medium
142100208,0.4409184,Medium
47889642,0.59183663,Medium
118388112,0.56478804,Medium
2584908,0.477055,Medium
151153362,0.3990576,Medium
106787922,0.59845805,Medium
87001752,0.58954924,Medium
45232560,0.5167633,Medium
82716336,0.6280383,Medium
171785052,0.39469323,Medium
113364558,0.3182683,Low
152145342,0.12546527,Low
131624550,0.3472933,Medium
137934834,0.3995203,Medium
215309016,0.5184296,Medium
436195022,0.31989923,Low
24903858,0.3282455,Low
286239576,0.31538263,Low
118824402,0.6155964,Medium
165526488,0.26371968,Low
176282760,0.40472934,Medium
79265802,0.2939601,Low
8354730,0.26456675,Low
248845008,0.49510327,Medium
161683212,0.4694827,Medium
53093892,0.47256473,Medium
147339438,0.5294041,Medium
121876092,0.49563068,Medium
171581640,0.4279581,Medium
109351842,0.47213587,Medium
186410442,0.66324264,High
136553064,0.5269455,Medium
286334256,0.4496561,Medium
184418214,0.5303096,Medium
155390832,0.51884,Medium
109646280,0.54824513,Medium
24919512,0.42988503,Medium
264457512,0.48331732,Medium
152940078,0.5844037,Medium
103433490,0.4328663,Medium
97087050,0.52107507,Medium
282449832,0.46706012,Medium
95398788,0.46272913,Medium
140575062,0.59816897,Medium
122283168,0.49875012,Medium
40059690,0.4195734,Medium
35702934,0.2336329,Low
226247556,0.39166853,Medium
240452760,0.5199629,Medium
46862664,0.509596,Medium
274568778,0.29054767,Low
189052530,0.41315278,Medium
369705902,0.5298935,Medium
203611470,0.5868955,Medium
28322820,0.40648556,Medium
108037818,0.450403,Medium
114249258,0.33905488,Medium
53244132,0.82797396,High
147739632,0.41379794,Medium
108732936,0.68170196,High
106166634,0.24512827,Low
179674506,0.30437645,Low
20808438,0.427171,Medium
371451638,0.433359,Medium
81027114,0.34633872,Medium
106169490,0.5272702,Medium
155386152,0.6023731,Medium
25014756,0.40621513,Medium
86741256,0.23195545,Low
269923230,0.43321747,Medium
349610090,0.43418038,Medium
206703642,0.41150707,Medium
31783146,0.3700217,Medium
225722970,0.6209765,Medium
13027782,0.5173931,Medium
247900836,0.26421076,Low
127946706,0.40424806,Medium
63894504,0.34212685,Medium
103500216,0.6336859,Medium
131871342,0.4519252,Medium
130141332,0.40018365,Medium
151023594,0.38508752,Medium
164946774,0.6368701,Medium
165949692,0.4826958,Medium
299640380,0.76709944,High
38334306,0.5571406,Medium
390289142,0.33683276,Medium
351303074,0.47695184,Medium
47487510,0.57346743,Medium
79117530,0.38523033,Medium
344240546,0.3423894,Medium
272531856,0.6016957,Medium
162168024,0.4589178,Medium
269967528,0.464061,Medium
153890892,0.5714847,Medium
82599096,0.39092326,Medium
144022410,0.56966895,Medium
279689484,0.39276066,Medium
23995254,0.77991116,High
87208452,0.4645916,Medium
60318078,0.7194332,High
13604076,0.2982512,Low
47086806,0.5013661,Medium
166865742,0.5813918,Medium
175729008,0.22560821,Low
118552086,0.6186346,Medium
236184234,0.5407757,Medium
243716670,0.43112022,Medium
263798070,0.47382006,Medium
38244300,0.4366115,Medium
73198716,0.49942416,Medium
244804578,0.33442912,Medium
109802310,0.3281471,Low
86345370,0.29672843,Low
105147096,0.27074766,Low
366757220,0.43081307,Medium
274984302,0.34071958,Medium
111512652,0.43312106,Medium
96562230,0.29710734,Low
149137800,0.25915992,Low
53274210,0.28611127,Low
62398290,0.42710766,Medium
153678918,0.21773846,Low
314314214,0.2601256,Low
100000902,0.4916262,Medium
152738232,0.40106767,Medium
23774718,0.33919615,Medium
144211638,0.1318705,Low
159604578,0.8331798,High
72087210,0.59589213,Medium
303658202,0.457218,Medium
153264426,0.51850694,Medium
429014708,0.4528279,Medium
125433540,0.77599186,High
160694628,0.6470754,Medium
363087512,0.35138422,Medium
174826182,0.27402818,Low
442069580,0.22024165,Low
125296026,0.53408414,Medium
122818128,0.34942976,Medium
108660858,0.39852497,Medium
136825656,0.5454894,Medium
36476244,0.32891616,Low
63223758,0.14009543,Low
128177850,0.5369027,Medium
81435414,0.30904266,Low
183620310,0.35457245,Medium
85885002,0.35384372,Medium
241101738,0.38500604,Medium
16278096,0.43757534,Medium
125591712,0.48597383,Medium
43467168,0.42332235,Medium
64059816,0.5136527,Medium
255668730,0.57234293,Medium
126897576,0.29849356,Low
172879428,0.48648918,Medium
424343816,0.49929956,Medium
106605420,0.69538736,High
113360760,0.40196887,Medium
7599132,0.44829136,Medium
45542244,0.76191276,High
32384550,0.7259696,High
164789994,0.5918976,Medium
109518588,0.42251903,Medium
154127268,0.56112915,Medium
258806664,0.40319163,Medium
282104886,0.6205891,Medium
168589368,0.38426793,Medium
100816884,0.5404329,Medium
285892146,0.59758043,Medium
107157036,0.7049761,High
181825734,0.42220497,Medium
143461410,0.40387553,Medium
85252710,0.4157009,Medium
406709474,0.5133034,Medium
22885338,0.2519513,Low
192714348,0.31948885,Low
148646202,0.4736677,Medium
160837698,0.50132173,Medium
60521832,0.4840624,Medium
28219830,0.270506,Low
24623538,0.48150894,Medium
64675896,0.5741329,Medium
22927980,0.2578891,Low
168095970,0.42340183,Medium
81003822,0.3995522,Medium
175114614,0.5353073,Medium
152558370,0.54420674,Medium
140183166,0.5792716,Medium
192835836,0.26774812,Low
7734444,0.61298054,Medium
29123250,0.29364514,Low
280477314,0.454295,Medium
249808950,0.5129798,Medium
349612748,0.39502013,Medium
118230900,0.8367597,High
183948012,0.50661296,Medium
94186128,0.3036497,Low
31246350,0.6099146,Medium
31743834,0.4149228,Medium
29849364,0.52877337,Medium
25975536,0.44645616,Medium
111515196,0.5336176,Medium
148537716,0.39771828,Medium
46698498,0.38245407,Medium
177000588,0.28213197,Low
208320936,0.44898218,Medium
415015406,0.48768198,Medium
96585660,0.62430644,Medium
31240662,0.3560666,Medium
413187926,0.3326198,Medium
101384358,0.42786264,Medium
258506688,0.34633914,Medium
89626830,0.34791481,Medium
173284560,0.4793842,Medium
101363070,0.548248,Medium
237935574,0.37865576,Medium
227554158,0.55540955,Medium
138702714,0.5401695,Medium
171977928,0.47272024,Medium
262812354,0.3238942,Low
122337546,0.42571086,Medium
96353064,0.40563637,Medium
38214090,0.37241203,Medium
24463164,0.4616142,Medium
152902152,0.58723664,Medium
59910438,0.491593,Medium
100779018,0.3448854,Medium
122729892,0.43687153,Medium
66139338,0.5284789,Medium
187635696,0.42760885,Medium
367931666,0.3538053,Medium
140469768,0.5755763,Medium
360253604,0.4064473,Medium
32027760,0.48607665,Medium
245634492,0.5314477,Medium
189617898,0.3802779,Medium
154043304,0.6596252,Medium
101684760,0.37090066,Medium
39755106,0.5556575,Medium
190475424,0.3064921,Low
164938794,0.5550339,Medium
393141962,0.4642743,Medium
122091648,0.38828543,Medium
105670650,0.661287,High
67113192,0.5253714,Medium
144945090,0.49921474,Medium
215615886,0.40332472,Medium
113716236,0.5746109,Medium
156538440,0.5357207,Medium
231198744,0.4146531,Medium
157928364,0.3162851,Low
260435736,0.74942005,High
58978296,0.7387586,High
8599518,0.5583329,Medium
415471460,0.5132091,Medium
6479334,0.5222729,Medium
68463762,0.4256049,Medium
438480422,0.3039849,Low
130306974,0.4778434,Medium
165127572,0.57421917,Medium
142205478,0.29294288,Low
38079192,0.41680294,Medium
95096100,0.5295721,Medium
109070508,0.5224862,Medium
102402810,0.40550652,Medium
156860796,0.2678678,Low
118387566,0.25129867,Low
8282100,0.23069051,Low
151930476,0.53480214,Medium
7990818,0.463689,Medium
123746550,0.3286744,Low
98134548,0.07963368,Low
40201542,0.2942903,Low
167815680,0.47527644,Medium
286889160,0.40065208,Medium
51180060,0.39299473,Medium
92941668,0.60270596,Medium
423207956,0.38243404,Medium
9533268,0.45251825,Medium
31248402,0.2670748,Low
257636286,0.44782943,Medium
157163322,0.21830672,Low
156800748,0.31512165,Low
10126866,0.5213417,Medium
82847010,0.4769674,Medium
223633140,0.73703176,High
62737524,0.49851596,Medium
141774690,0.62425447,Medium
113155278,0.27634495,Low
259765782,0.48970035,Medium
294871712,0.4119727,Medium
160066224,0.36241177,Medium
274566930,0.5639974,Medium
45545502,0.61650366,Medium
136279194,0.40253356,Medium
67422228,0.2959975,Low
392021612,0.49724966,Medium
85528062,0.4618243,Medium
50764056,0.5524577,Medium
46245456,0.24174075,Low
118650942,0.29589072,Low
210764358,0.16145732,Low
366686936,0.45713708,Medium
319655078,0.3285215,Low
371952002,0.7183677,High
100468080,0.51751256,Medium
206761878,0.3890857,Medium
273636420,0.59309745,Medium
272370450,0.554871,Medium
62250996,0.4403938,Medium
110208366,0.33818355,Medium
434869136,0.47398016,Medium
105699528,0.4256028,Medium
95291196,0.50185573,Medium
173618352,0.3007053,Low
57093540,0.58209735,Medium
251699520,0.46029145,Medium
265821636,0.1043123,Low
171237726,0.68353134,High
68925336,0.2526214,Low
8156442,0.47897777,Medium
330279776,0.47142723,Medium
177123144,0.40615883,Medium
374425328,0.54516774,Medium
153802596,0.34699836,Medium
90275238,0.46794832,Medium
149078466,0.41042814,Medium
247835082,0.58304876,Medium
158813778,0.2720829,Low
339638120,0.28997993,Low
45969630,0.48202422,Medium
180126012,0.70150876,High
154133022,0.60345846,Medium
148166100,0.47344562,Medium
388528598,0.49136218,Medium
187389576,0.5011373,Medium
28468734,0.6054233,Medium
120354204,0.34666616,Medium
10860936,0.71655184,High
257030040,0.59312236,Medium
280983528,0.41524523,Medium
376198718,0.54050285,Medium
96281670,0.51528347,Medium
117367164,0.51377887,Medium
71150766,0.27774656,Low
76810278,0.52750975,Medium
98884866,0.43918917,Medium
282934404,0.46558732,Medium
44239458,0.57318795,Medium
131664942,0.31904858,Low
118306818,0.67986995,High
34790358,0.2911682,Low
139378836,0.3372851,Medium
89863920,0.5489796,Medium
380826764,0.47128114,Medium
130389984,0.5278852,Medium
160707060,0.39883602,Medium
293808074,0.41848475,Medium
240182628,0.48313987,Medium
156989352,0.5761239,Medium
12561348,0.53239506,Medium
74910690,0.38288406,Medium
91035342,0.53718287,Medium
239145882,0.5543367,Medium
275190822,0.42178032,Medium
111981576,0.48970652,Medium
92495568,0.48119256,Medium
50399502,0.41823226,Medium
176610678,0.21895196,Low
216223530,0.5714541,Medium
46593564,0.39847258,Medium
179978868,0.55212647,Medium
75721836,0.27057236,Low
27028368,0.6330251,Medium
155538324,0.48891786,Medium
83302602,0.41421846,Medium
64045710,0.4284588,Medium
64128360,0.2992322,Low
338513624,0.33079913,Medium
112855896,0.7383446,High
14481468,0.3380611,Medium
168097962,0.3913249,Medium
369691574,0.35597423,Medium
211184262,0.3359452,Medium
109696758,0.365239,Medium
96759720,0.64421564,Medium
55126908,0.64099187,Medium
94034514,0.25765792,Low
108894192,0.593391,Medium
122784786,0.052087076,Low
344849834,0.48174742,Medium
38077044,0.5400617,Medium
151225860,0.4129585,Medium
211745604,0.3850613,Medium
234279654,0.42134812,Medium
190736802,0.31613258,Low
99729180,0.5151852,Medium
60023466,0.78936213,High
110072364,0.63069594,Medium
29919342,0.4359936,Medium
404443676,0.3583441,Medium
289377624,0.41705826,Medium
183078180,0.5609199,Medium
246145428,0.38748935,Medium
277442742,0.44537723,Medium
204622662,0.43189862,Medium
95096430,0.3747968,Medium
82735404,0.3003637,Low
35430462,0.23664884,Low
63228498,0.59829664,Medium
64268790,0.57171386,Medium
50905428,0.49562132,Medium
72863490,0.49892858,Medium
54677382,0.5534009,Medium
114978798,0.4329676,Medium
162689760,0.40133607,Medium
127021326,0.28206185,Low
109143006,0.39879283,Medium
178300218,0.6454182,Medium
199602780,0.5122846,Medium
442090892,0.3591318,Medium
176010132,0.17808016,Low
68920296,0.5639616,Medium
176329494,0.39756745,Medium
128762556,0.51796705,Medium
265501578,0.44866732,Medium
155017446,0.27291903,Low
134322372,0.45200968,Medium
230759520,0.46590292,Medium
186150690,0.2923091,Low
263175630,0.47658136,Medium
112219560,0.6180385,Medium
262602678,0.25027928,Low
147341862,0.4269936,Medium
136102176,0.56976235,Medium
24018090,0.421403,Medium
100137768,0.39432827,Medium
211478370,0.3580551,Medium
276741252,0.45229164,Medium
174119538,0.4689538,Medium
145268352,0.61128026,Medium
439111250,0.3341973,Medium
85489188,0.572822,Medium
74984514,0.53113484,Medium
39713838,0.5203407,Medium
255148734,0.59414697,Medium
360855512,0.56210065,Medium
111135678,0.4683259,Medium
114244302,0.810253,High
97870626,0.4231182,Medium
206402808,0.65551597,Medium
23900448,0.46656972,Medium
190402644,0.47212163,Medium
200354316,0.44972923,Medium
157718964,0.5107715,Medium
240158484,0.33913723,Medium
162930414,0.3179359,Low
233420616,0.4114385,Medium
221993178,0.3031849,Low
240209364,0.42631504,Medium
346581752,0.4195985,Medium
57111060,0.47689772,Medium
50728194,0.5014615,Medium
150700458,0.61074597,Medium
40643778,0.5497903,Medium
393225164,0.5704035,Medium
32098512,0.67959934,High
17922948,0.17327973,Low
318380936,0.33921382,Medium
124398012,0.54435927,Medium
20081454,0.5669091,Medium
86314722,0.52681255,Medium
91466988,0.5256931,Medium
420892274,0.49489927,Medium
112764348,0.60177916,Medium
38407686,0.48053294,Medium
197168754,0.44569597,Medium
250902186,0.37576297,Medium
156056826,0.4932536,Medium
67332510,0.38557154,Medium
224821692,0.8632962,High
156255222,0.5060074,Medium
416728916,0.44917127,Medium
120861678,0.45515832,Medium
78644670,0.44568413,Medium
46321566,0.63078356,Medium
154518408,0.5869184,Medium
265885896,0.4600541,Medium
66117654,0.41763398,Medium
272891526,0.55995125,Medium
209538426,0.37911928,Medium
175624794,0.49611554,Medium
8288436,0.3032607,Low
118037130,0.50468624,Medium
221358456,0.41498327,Medium
156911658,0.31176576,Low
159478938,0.6849293,High
139800588,0.5560692,Medium
270068856,0.4562708,Medium
79000758,0.66952485,High
180128832,0.763133,High
159498900,0.42593434,Medium
69469602,0.4525793,Medium
129808572,0.4761451,Medium
96618636,0.32524243,Low
182206542,0.49275455,Medium
94443414,0.16350472,Low
97332144,0.32824844,Low
243772578,0.2992746,Low
19782750,0.4550734,Medium
274851324,0.52975106,Medium
350235320,0.51098794,Medium
439129688,0.46925065,Medium
66548508,0.4874581,Medium
12831804,0.3700844,Medium
334257452,0.32618752,Low
157290030,0.45699373,Medium
62687142,0.32718447,Low
9291900,0.43369406,Medium
241027002,0.5509577,Medium
59899872,0.39874017,Medium
137220390,0.29086766,Low
60521664,0.3938028,Medium
39381774,0.29577437,Low
225042012,0.4348969,Medium
63692694,0.73548675,High
432632240,0.3578183,Medium
246578502,0.4519435,Medium
73792146,0.39389047,Medium
36308940,0.345054,Medium
39628746,0.620755,Medium
81848586,0.41389537,Medium
165916770,0.5493858,Medium
384844754,0.4984744,Medium
11302752,0.34963843,Medium
118022418,0.45150417,Medium
198316824,0.5472287,Medium
179171454,0.32271516,Low
92067804,0.3691958,Medium
100479498,0.59134674,Medium
262278756,0.31438112,Low
289979592,0.41174296,Medium
225858900,0.488893,Medium
30737412,0.31927958,Low
109273998,0.42238837,Medium
130411158,0.5670491,Medium
97753080,0.5312544,Medium
89562024,0.5471523,Medium
126492144,0.5945314,Medium
222298452,0.46482378,Medium
145562454,0.49968922,Medium
5335140,0.4087217,Medium
123290466,0.5366601,Medium
6087666,0.7393957,High
156487656,0.52065533,Medium
186755664,0.3177217,Low
112609788,0.47591776,Medium
128170872,0.39656398,Medium
262551492,0.44489494,Medium
58945716,0.33384174,Medium
49693668,0.4092022,Medium
51087966,0.35006014,Medium
170325024,0.5977691,Medium
99987762,0.38341472,Medium
236785056,0.41614154,Medium
164095740,0.48504433,Medium
234930330,0.32737914,Low
223119030,0.4138641,Medium
38153046,0.22729903,Low
21194382,0.50939894,Medium
177403056,0.36223638,Medium
201894810,0.54884726,Medium
149454852,0.66120934,High
185054058,0.7293427,High
281358612,0.42573538,Medium
245335278,0.29772353,Low
54263742,0.2408131,Low
72121152,0.35457197,Medium
29760438,0.388614,Medium
327182306,0.38588318,Medium
229092390,0.2568083,Low
161265438,0.52792835,Medium
29342556,0.43580917,Medium
64986024,0.55370563,Medium
133315902,0.59854245,Medium
437374412,0.41557685,Medium
169068858,0.28954092,Low
139644114,0.46148148,Medium
65223612,0.5777903,Medium
72132198,0.6107963,Medium
118594194,0.58786553,Medium
209571078,0.37610048,Medium
67675404,0.5525902,Medium
164264202,0.19265127,Low
149597076,0.50549036,Medium
136373274,0.46535528,Medium
172991580,0.38368917,Medium
391965500,0.53260225,Medium
51155652,0.49820036,Medium
84876090,0.332152,Medium
343142906,0.6562958,Medium
150972174,0.37374082,Medium
171944898,0.3413625,Medium
182178924,0.329326,Low
106267494,0.5482186,Medium
200278890,0.4075906,Medium
4174992,0.3508167,Medium
80624892,0.6268734,Medium
155124984,0.41344643,Medium
141851292,0.4059336,Medium
181093902,0.60856223,Medium
152061288,0.43373525,Medium
95592630,0.44754958,Medium
116230188,0.49373007,Medium
57560652,0.5444572,Medium
105173100,0.34943286,Medium
106915650,0.5804948,Medium
32812602,0.30157354,Low
173441112,0.30267388,Low
160489038,0.427287,Medium
267873288,0.5749327,Medium
164616276,0.25300726,Low
87153240,0.17602307,Low
154196796,0.47637108,Medium
158177352,0.52407223,Medium
27173100,0.33044544,Medium
174817350,0.67392784,High
144184470,0.43823755,Medium
160969140,0.6626717,High
145787958,0.2790689,Low
66195798,0.64683217,Medium
411443522,0.45574895,Medium
35637966,0.42670748,Medium
83053674,0.19471142,Low
230763672,0.6036333,Medium
94488042,0.5201387,Medium
59313654,0.60979706,Medium
188583534,0.60450345,Medium
385526492,0.259141,Low
111025866,0.6775058,High
155007444,0.32968125,Low
68521500,0.5725893,Medium
246617376,0.540628,Medium
348974942,0.40381,Medium
111446202,0.33258888,Medium
290247156,0.44260576,Medium
163731888,0.43687755,Medium
32446884,0.35670763,Medium
38339598,0.4843664,Medium
194540034,0.32145852,Low
207870282,0.4880188,Medium
219703134,0.49142897,Medium
146739546,0.33314836,Medium
43900524,0.33897698,Medium
79666974,0.41463187,Medium
105366972,0.35980582,Medium
199256280,0.34700486,Medium
72227184,0.6189373,Medium
138955152,0.5008417,Medium
22045398,0.4230449,Medium
243460182,0.4531177,Medium
72764262,0.49847037,Medium
180918948,0.6020952,Medium
144482136,0.6014036,Medium
247871976,0.5944689,Medium
409638908,0.384322,Medium
132490404,0.56331676,Medium
33113712,0.43079078,Medium
435577160,0.3972702,Medium
34400052,0.4520869,Medium
326701268,0.37241626,Medium
55268844,0.56895334,Medium
27197196,0.5352417,Medium
102835302,0.45727363,Medium
146019054,0.34062648,Medium
111434604,0.35252994,Medium
150588840,0.39469197,Medium
181818126,0.5969221,Medium
251758614,0.4457421,Medium
55813590,0.5250173,Medium
114728352,0.20797615,Low
146185098,0.26489145,Low
367308002,0.2565934,Low
373815752,0.2927758,Low
144072744,0.43681115,Medium
65031720,0.5426561,Medium
272007810,0.5165392,Medium
64948056,0.46264285,Medium
15715842,0.14803961,Low
237090294,0.44822165,Medium
160939140,0.47349742,Medium
156732594,0.2019538,Low
189680340,0.5939951,Medium
49800648,0.5559306,Medium
228017526,0.46799687,Medium
11124432,0.33425307,Medium
26931936,0.6109652,Medium
427808966,0.3699499,Medium
153672666,0.4926035,Medium
62950626,0.511733,Medium
435565652,0.46759576,Medium
172301202,0.4542895,Medium
257687652,0.54242426,Medium
143361384,0.25225747,Low
53869878,0.22449712,Low
240136452,0.56935585,Medium
179564058,0.31450567,Low
86096898,0.42452615,Medium
123433944,0.3892264,Medium
382011644,0.56697106,Medium
130078296,0.5339918,Medium
11598126,0.6807046,High
98073840,0.60461164,Medium
155234694,0.5339391,Medium
129859482,0.4855353,Medium
394414100,0.30208364,Low
375554168,0.30640978,Low
215025006,0.3988399,Medium
99695154,0.6939643,High
131693922,0.6295249,Medium
206922108,0.6163628,Medium
158866566,0.45501956,Medium
72721848,0.37815255,Medium
100886916,0.6133224,Medium
127565742,0.47906992,Medium
147209826,0.31589147,Low
137052426,0.4629469,Medium
303103718,0.3246331,Low
23185512,0.28422406,Low
99843288,0.42981133,Medium
64846476,0.43646774,Medium
382559444,0.38068348,Medium
101607342,0.26099157,Low
172410324,0.46414903,Medium
100862514,0.32612014,Low
21433188,0.4374203,Medium
156765996,0.3449529,Medium
178839642,0.58560634,Medium
205494246,0.44636515,Medium
98105598,0.46567687,Medium
169064634,0.403688,Medium
65167212,0.25622004,Low
418479074,0.3652237,Medium
371994134,0.29801506,Low
245511156,0.55771923,Medium
440807120,0.564422,Medium
66705066,0.3161118,Low
119133414,0.35608265,Medium
96590808,0.5418026,Medium
147500958,0.3535194,Medium
250413918,0.52275217,Medium
154183368,0.6161643,Medium
40873836,0.3794124,Medium
58963740,0.36678523,Medium
200460006,0.5690699,Medium
258537942,0.61673605,Medium
276592416,0.43646035,Medium
135112764,0.38092119,Medium
246258036,0.30443344,Low
29732028,0.23448558,Low
127442256,0.3576361,Medium
191690358,0.4612063,Medium
237202110,0.4957505,Medium
206784468,0.66509926,High
65338458,0.7276015,High
149533020,0.31093562,Low
163176354,0.6439152,Medium
128043654,0.5541731,Medium
86215788,0.39764652,Medium
200705610,0.3825481,Medium
259996482,0.4188841,Medium
30908958,0.6056263,Medium
146759412,0.33145452,Medium
134058954,0.5361754,Medium
100292184,0.3310244,Medium
130007304,0.40521604,Medium
344841722,0.34428227,Medium
158974062,0.27722615,Low
129548220,0.39343083,Medium
151679418,0.6029782,Medium
127911696,0.20236334,Low
106023624,0.36440662,Medium
347795894,0.5131334,Medium
50732832,0.45955476,Medium
16866012,0.6297331,Medium
167786226,0.41330922,Medium
39074700,0.5311118,Medium
164268630,0.37387326,Medium
244891692,0.34780675,Medium
101055330,0.27267894,Low
62987184,0.58046484,Medium
422595302,0.47856396,Medium
104904996,0.34188482,Medium
166876968,0.34969166,Medium
47574954,0.47436672,Medium
139647684,0.24886012,Low
52756638,0.5489674,Medium
68187408,0.6743329,High
147099594,0.46277338,Medium
61442088,0.47857118,Medium
73430370,0.5854827,Medium
142853010,0.4815116,Medium
308484122,0.37609398,Medium
170984418,0.60300756,Medium
259442682,0.4893324,Medium
40790982,0.3608379,Medium
154767828,0.6042244,Medium
146730906,0.26487753,Low
107122620,0.46757677,Medium
150794514,0.32003996,Low
10939452,0.4097799,Medium
145172238,0.26874197,Low
153482892,0.81997484,High
221137320,0.27512586,Low
115613730,0.6917706,High
7839114,0.61867446,Medium
121870068,0.673548,High
296602016,0.66518867,High
102687498,0.112055086,Low
239402466,0.45198166,Medium
163511430,0.33946496,Medium
174343830,0.16298,Low
152245830,0.40621248,Medium
163755588,0.47493824,Medium
161586774,0.3936184,Medium
25876608,0.63085884,Medium
236988666,0.39687824,Medium
183338964,0.42014045,Medium
89112834,0.5056283,Medium
89233884,0.56155324,Medium
189732228,0.40341347,Medium
89243700,0.38639405,Medium
157741032,0.3053735,Low
238906884,0.41335854,Medium
168396480,0.5742201,Medium
120150672,0.6895879,High
166340406,0.38518614,Medium
134615754,0.4337322,Medium
37094196,0.506929,Medium
181384770,0.06265131,Low
292226298,0.31605202,Low
5593794,0.21498832,Low
75709260,0.4404154,Medium
156249378,0.3898371,Medium
38495142,0.5624999,Medium
371987996,0.41690296,Medium
147338910,0.52757895,Medium
164399106,0.5545644,Medium
86990622,0.63806546,Medium
133656960,0.4727843,Medium
144498462,0.12621608,Low
39622122,0.3725484,Medium
413188214,0.5055882,Medium
128001414,0.37652612,Medium
174836040,0.41123322,Medium
58518324,0.4455663,Medium
138723228,0.389906,Medium
60283236,0.29912385,Low
214631658,0.62127125,Medium
131505690,0.5037627,Medium
69178362,0.5895585,Medium
130841130,0.4968671,Medium
117007428,0.46007237,Medium
118598406,0.4524833,Medium
74515164,0.24652173,Low
134006460,0.3058574,Low
351381242,0.4421366,Medium
195001704,0.5407507,Medium
95106534,0.48408455,Medium
136704444,0.55859107,Medium
236196114,0.43819195,Medium
36250404,0.31640318,Low
76478424,0.83449125,High
254601930,0.39085746,Medium
110687958,0.36901304,Medium
34105284,0.37056312,Medium
104725596,0.43292412,Medium
14279280,0.5140284,Medium
108342666,0.3778868,Medium
51167142,0.58509284,Medium
117155070,0.6936607,High
249895656,0.39846966,Medium
291181350,0.21851875,Low
24578664,0.32016388,Low
146861412,0.6147162,Medium
160088892,0.37479502,Medium
97977084,0.46367192,Medium
414308462,0.50920236,Medium
107285094,0.25721034,Low
83248230,0.54394084,Medium
19904172,0.41956416,Medium
12452112,0.47883025,Medium
128982414,0.39356193,Medium
260323266,0.39229402,Medium
280898928,0.20076959,Low
22928082,0.3285001,Low
246135288,0.438518,Medium
137062350,0.45842153,Medium
133441284,0.5616409,Medium
150853320,0.32338,Low
259866690,0.43287587,Medium
353683874,0.32245043,Low
71813580,0.4606323,Medium
108882096,0.52057344,Medium
243158916,0.25485384,Low
124448436,0.36657795,Medium
91226934,0.24150504,Low
96912378,0.3612591,Medium
166638570,0.57525545,Medium
16783944,0.3877563,Medium
275726472,0.43684897,Medium
22482972,0.4965462,Medium
41745396,0.5840044,Medium
442576412,0.24720544,Low
68800170,0.84403795,High
113978478,0.5697026,Medium
192931524,0.7779471,High
46693050,0.4834401,Medium
437866904,0.55426115,Medium
153516132,0.60756177,Medium
139405032,0.48705995,Medium
82449348,0.5234825,Medium
6577986,0.49146628,Medium
94810962,0.43573165,Medium
58004364,0.5826554,Medium
7408302,0.37854004,Medium
288972846,0.71377814,High
95180010,0.56739926,Medium
154037802,0.3810044,Medium
245551110,0.2769595,Low
323810918,0.2786095,Low
20828520,0.61701655,Medium
34773012,0.57584584,Medium
266179758,0.55334383,Medium
74226432,0.42858794,Medium
28992660,0.24413042,Low
88223994,0.751475,High
11301504,0.3592479,Medium
89216364,0.31512687,Low
94544358,0.36212268,Medium
137059440,0.39582017,Medium
172123122,0.55969393,Medium
147318474,0.5103674,Medium
50168214,0.519039,Medium
181562052,0.73607916,High
93289548,0.52660143,Medium
110692434,0.39314356,Medium
128449104,0.26368755,Low
159805584,0.30323583,Low
154667502,0.36882854,Medium
243604512,0.38472652,Medium
298432280,0.49556378,Medium
200340738,0.54885596,Medium
197447676,0.44633564,Medium
153542376,0.47097895,Medium
48406434,0.5271662,Medium
399063212,0.5590328,Medium
290879772,0.51117826,Medium
210627492,0.40139705,Medium
288842400,0.5532779,Medium
238880448,0.57601285,Medium
127912848,0.3408334,Medium
128401374,0.4397237,Medium
85604598,0.17459944,Low
26326542,0.5358387,Medium
152340030,0.6034255,Medium
152116248,0.3950502,Medium
174665718,0.3065726,Low
109943388,0.44287,Medium
131777562,0.66156536,High
188704650,0.30321634,Low
441968210,0.53384954,Medium
76142280,0.2488565,Low
163157250,0.6019849,Medium
268078716,0.2903757,Low
154438326,0.47871095,Medium
224413176,0.315727,Low
321340262,0.3677534,Medium
125824188,0.57608336,Medium
153552600,0.30186516,Low
24790536,0.36944488,Medium
26804898,0.5572525,Medium
162189822,0.6429882,Medium
4654188,0.52183974,Medium
205147782,0.2400598,Low
255368466,0.31918296,Low
100039266,0.4555441,Medium
141404766,0.47989446,Medium
384328628,0.4169351,Medium
374396630,0.51557195,Medium
97773474,0.34008133,Medium
164922840,0.38723516,Medium
285512916,0.43498093,Medium
196645158,0.46841082,Medium
64949208,0.74990857,High
52096284,0.50729746,Medium
186861810,0.56780434,Medium
88409916,0.32360584,Low
401933348,0.42980725,Medium
28282434,0.4860894,Medium
238550718,0.3686777,Medium
237805140,0.34885365,Medium
68535090,0.36575738,Medium
368990480,0.4933123,Medium
417843446,0.7552333,High
94912542,0.48877907,Medium
61370316,0.5605658,Medium
77841732,0.41841003,Medium
386114456,0.45221198,Medium
76938798,0.42282066,Medium
38954058,0.520952,Medium
74116044,0.29221568,Low
228000030,0.53136873,Medium
155387046,0.84551865,High
2430276,0.3694336,Medium
26862714,0.24367173,Low
60823188,0.5219944,Medium
276079278,0.31903118,Low
323104352,0.3392232,Medium
39337098,0.60019,Medium
230334414,0.33310407,Medium
37925784,0.4991965,Medium
177028506,0.51943487,Medium
63397926,0.7496999,High
16970586,0.5054768,Medium
122303688,0.54766685,Medium
309560048,0.5184084,Medium
157708464,0.51516783,Medium
36805014,0.31600437,Low
406219724,0.3714032,Medium
99562566,0.2997758,Low
226903422,0.29647812,Low
124677216,0.43925458,Medium
136561878,0.72324234,High
58343988,0.5215159,Medium
76017810,0.32599768,Low
84461124,0.6517641,Medium
135487734,0.44786653,Medium
108665586,0.39311787,Medium
348459896,0.43050072,Medium
192910836,0.42942712,Medium
255036810,0.4039212,Medium
402523136,0.29371652,Low
247902894,0.4523834,Medium
161825088,0.47245455,Medium
168260406,0.6648482,High
23054388,0.4784002,Medium
256495404,0.40951273,Medium
129201162,0.40628123,Medium
43614108,0.47957024,Medium
382612616,0.56645477,Medium
158427390,0.45151624,Medium
93033624,0.5815528,Medium
200485434,0.8219003,High
167925438,0.49519143,Medium
149080488,0.47340554,Medium
137033106,0.58762956,Medium
100487082,0.63788664,Medium
180878538,0.33952513,Medium
400751864,0.3677038,Medium
191778156,0.37328348,Medium
92717514,0.3685973,Medium
314883500,0.772687,High
78516414,0.65905327,Medium
319026854,0.33429426,Medium
138864690,0.4941738,Medium
45608940,0.46068057,Medium
151112268,0.55538607,Medium
129554052,0.2810926,Low
180167202,0.73881584,High
158350926,0.54148483,Medium
126275778,0.39251304,Medium
286706376,0.31472158,Low
84218592,0.47210607,Medium
166452510,0.5876868,Medium
177784668,0.73566127,High
124806438,0.3228164,Low
84343146,0.43554035,Medium
68448528,0.540304,Medium
56857536,0.49293905,Medium
294948998,0.37212765,Medium
58379898,0.39418268,Medium
18177768,0.41351867,Medium
353096510,0.4465019,Medium
69203346,0.6323175,Medium
117453840,0.3450946,Medium
250514604,0.6679127,High
430247180,0.46226418,Medium
238008180,0.52616197,Medium
31290558,0.3399298,Medium
129935616,0.20329407,Low
167049456,0.84709585,High
280814598,0.41975093,Medium
19676160,0.5684188,Medium
143081352,0.3149231,Low
285758262,0.5405073,Medium
118857552,0.406309,Medium
442687934,0.39321348,Medium
107696316,0.36099643,Medium
100882896,0.59697455,Medium
133766328,0.39570168,Medium
214226748,0.37392858,Medium
31466424,0.67824316,High
150435120,0.46613383,Medium
356765660,0.77634054,High
211949562,0.63098454,Medium
108404556,0.25121957,Low
430920410,0.43885428,Medium
196215018,0.32757246,Low
83816952,0.5305933,Medium
156918312,0.3067707,Low
279210102,0.51444554,Medium
119916852,0.53956884,Medium
25039242,0.6105736,Medium
84535692,0.6107308,Medium
134825736,0.71135765,High
136107270,0.4216028,Medium
68250066,0.38165385,Medium
153829890,0.34935555,Medium
2949804,0.3738373,Medium
240962502,0.6179061,Medium
165197088,0.8520163,High
179161212,0.5384,Medium
130135908,0.4827607,Medium
329607920,0.28744134,Low
166001208,0.46386978,Medium
153554490,0.2506007,Low
6355440,0.26414213,Low
429701552,0.36552823,Medium
36122484,0.50482154,Medium
362009996,0.30373257,Low
109629636,0.57159984,Medium
46041102,0.5386091,Medium
174191394,0.5150508,Medium
293358714,0.30600995,Low
121073868,0.34379655,Medium
175649046,0.5606669,Medium
411421340,0.601672,Medium
130823124,0.15333018,Low
61707126,0.54741234,Medium
252303486,0.31524372,Low
47612832,0.54962516,Medium
271511928,0.35123572,Medium
133323804,0.33112457,Medium
104648322,0.26257664,Low
137066508,0.42624462,Medium
241963086,0.35474086,Medium
231597036,0.40129972,Medium
79574646,0.29997408,Low
174251322,0.4323391,Medium
111961812,0.3610542,Medium
134774346,0.48006293,Medium
132129516,0.7031314,High
165728940,0.4458382,Medium
280536642,0.42939752,Medium
147468900,0.2706849,Low
112153008,0.5541048,Medium
182948508,0.20043103,Low
41640720,0.63199323,Medium
110230890,0.45416027,Medium
131048946,0.4568263,Medium
151404618,0.7111706,High
164559102,0.52774245,Medium
104373954,0.40129024,Medium
113271246,0.7150077,High
83413860,0.32456008,Low
297291092,0.5502405,Medium
34728228,0.42105305,Medium
88592694,0.5190585,Medium
168270876,0.395638,Medium
152410020,0.055972893,Low
155314932,0.32731903,Low
165220614,0.45269707,Medium
166744212,0.3700514,Medium
194473422,0.3709707,Medium
73792434,0.74034804,High
128969052,0.34622774,Medium
189015018,0.340114,Medium
158064816,0.4240637,Medium
24150006,0.61202574,Medium
20300958,0.605386,Medium
178490136,0.49630812,Medium
46853154,0.34711185,Medium
89943846,0.3340446,Medium
165137886,0.6118119,Medium
36051540,0.32166243,Low
127754064,0.43225,Medium
73754580,0.29739606,Low
61398972,0.42812905,Medium
75297432,0.31491238,Low
217536426,0.39088956,Medium
164307726,0.30778593,Low
39074256,0.52582645,Medium
75911778,0.3181572,Low
155927544,0.5172514,Medium
224765142,0.37017068,Medium
48847032,0.58689344,Medium
275417094,0.45077708,Medium
115152498,0.558348,Medium
167751546,0.23379335,Low
379672826,0.48379546,Medium
146475366,0.57049596,Medium
51454206,0.43243173,Medium
127494132,0.5334884,Medium
279655908,0.5104872,Medium
32631852,0.5401705,Medium
366137420,0.3891135,Medium
7555146,0.35397592,Medium
58380366,0.5070225,Medium
436152866,0.4835424,Medium
94953720,0.41194177,Medium
316733012,0.5537522,Medium
161975538,0.6264715,Medium
6400152,0.33630663,Medium
390234932,0.53123045,Medium
78393144,0.7507307,High
178191612,0.54101586,Medium
120237474,0.3712123,Medium
203915082,0.58046746,Medium
157353774,0.3222776,Low
127727772,0.562438,Medium
96372546,0.7254552,High
259850550,0.45790395,Medium
29889792,0.30451143,Low
107149524,0.3954889,Medium
98926122,0.17200378,Low
42666882,0.58555573,Medium
117905232,0.58258736,Medium
166242246,0.60611874,Medium
66201630,0.4213532,Medium
71705868,0.44878012,Medium
40162020,0.45554388,Medium
108272052,0.24110837,Low
180512076,0.30016804,Low
159960114,0.38111338,Medium
85523502,0.4141072,Medium
97488594,0.3255522,Low
144469788,0.5350305,Medium
207206526,0.31690195,Low
59538540,0.5376732,Medium
397804844,0.40973523,Medium
403231490,0.42608914,Medium
158101644,0.46664935,Medium
101961288,0.5999739,Medium
42885966,0.2652257,Low
167593686,0.6150609,Medium
158929062,0.44663632,Medium
425566268,0.31242874,Low
98221074,0.58045083,Medium
81363168,0.21505965,Low
134502552,0.4656807,Medium
307786862,0.5181336,Medium
38000436,0.5514451,Medium
12556980,0.5015415,Medium
249713958,0.54360425,Medium
171348792,0.4498222,Medium
112297548,0.3377373,Medium
211947696,0.50403744,Medium
77446704,0.5554991,Medium
191549820,0.3684213,Medium
129591174,0.42262796,Medium
127559550,0.4696962,Medium
166010922,0.41332534,Medium
71431734,0.5090379,Medium
71356962,0.33883318,Medium
171907644,0.21109849,Low
384278924,0.566893,Medium
288983142,0.32259777,Low
157749876,0.60181,Medium
80820942,0.43022844,Medium
123998544,0.5363078,Medium
2538204,0.36694652,Medium
210056544,0.5514384,Medium
109178070,0.30839172,Low
219151938,0.27622753,Low
179491944,0.3657669,Medium
40181718,0.5458557,Medium
183877896,0.3318593,Medium
35725854,0.43871707,Medium
190062492,0.59755456,Medium
18080076,0.2881647,Low
37478658,0.415123,Medium
156725226,0.5768728,Medium
65620308,0.50392216,Medium
56103090,0.4342772,Medium
20862336,0.39256498,Medium
294823070,0.24723965,Low
153119670,0.6182792,Medium
345409394,0.5939609,Medium
264120672,0.41661513,Medium
160948524,0.23028138,Low
36474924,0.45154035,Medium
238177722,0.56951976,Medium
155933724,0.5261918,Medium
72865920,0.4522726,Medium
137917812,0.20267841,Low
272433834,0.38671878,Medium
39025788,0.58500916,Medium
31217094,0.43941298,Medium
383251118,0.4137935,Medium
143379006,0.4234338,Medium
266509248,0.6022033,Medium
246706086,0.41855925,Medium
149696916,0.33533046,Medium
221996454,0.5658513,Medium
76950018,0.38956437,Medium
285510552,0.47388038,Medium
45323166,0.31904367,Low
316724582,0.5100461,Medium
48202854,0.5347791,Medium
53103612,0.6845159,High
363772760,0.42183244,Medium
108598524,0.40044028,Medium
250126518,0.38528377,Medium
135326802,0.44520658,Medium
105704736,0.36394858,Medium
61562190,0.43733162,Medium
55320588,0.51837313,Medium
219378750,0.2992845,Low
160084800,0.3815499,Medium
128286300,0.271738,Low
207016674,0.425323,Medium
293418372,0.3151003,Low
353741810,0.25204825,Low
153298608,0.30316263,Low
58333158,0.60421014,Medium
278557398,0.5407334,Medium
109996638,0.5085474,Medium
406198760,0.64159405,Medium
145258830,0.5258489,Medium
204412452,0.3494535,Medium
242868702,0.42628646,Medium
172792044,0.5189966,Medium
246302538,0.43244722,Medium
352476968,0.32127768,Low
286033878,0.42340952,Medium
68408046,0.45395818,Medium
32552598,0.4973609,Medium
96950202,0.7020835,High
87677322,0.6544743,Medium
45743136,0.1703142,Low
97155078,0.4066483,Medium
226243788,0.41234922,Medium
20095914,0.7222703,High
6176166,0.42876372,Medium
55391736,0.6088545,Medium
83043552,0.46901327,Medium
243310896,0.49703142,Medium
234023082,0.30433375,Low
29188836,0.57013136,Medium
118183926,0.35162902,Medium
222717726,0.367074,Medium
350742962,0.5331209,Medium
73074630,0.32254213,Low
130077522,0.43661082,Medium
100928502,0.4168768,Medium
126808764,0.8341621,High
229299048,0.50396824,Medium
188815434,0.37057596,Medium
205521174,0.45721382,Medium
66703986,0.6069842,Medium
192350052,0.7071402,High
337191242,0.6743325,High
7302828,0.31121224,Low
124791258,0.44954818,Medium
224754174,0.30330828,Low
298497560,0.4759911,Medium
83577954,0.51652133,Medium
180014982,0.7037589,High
11667366,0.52335817,Medium
25992798,0.6877278,High
121600110,0.711526,High
93449352,0.46515438,Medium
84212172,0.33445928,Medium
213854412,0.3235239,Low
279907134,0.5292857,Medium
88471560,0.63157696,Medium
185088624,0.3451339,Medium
167481336,0.5060309,Medium
31866906,0.41922104,Medium
401963030,0.4599976,Medium
114774918,0.45274207,Medium
437342984,0.5164761,Medium
287102220,0.2821114,Low
72648090,0.563979,Medium
71036472,0.4979349,Medium
160181604,0.60569143,Medium
223897392,0.5449604,Medium
207925212,0.4555835,Medium
213074262,0.35296986,Medium
72759654,0.24162003,Low
158513220,0.6828067,High
159971604,0.6036787,Medium
7735086,0.66002256,High
46846632,0.5047285,Medium
195523560,0.52608836,Medium
73206414,0.439604,Medium
83703522,0.31010047,Low
85180782,0.4261021,Medium
96143388,0.275859,Low
170929998,0.4132079,Medium
120547668,0.3543667,Medium
260995992,0.41661656,Medium
165953100,0.30822137,Low
89340372,0.40581718,Medium
154537602,0.55557007,Medium
67496952,0.63372564,Medium
158630460,0.46283212,Medium
240654492,0.46074656,Medium
109803996,0.5259524,Medium
58152900,0.49375007,Medium
5293386,0.39098048,Medium
146959422,0.44747227,Medium
41104224,0.4116683,Medium
304242458,0.39087123,Medium
51162546,0.40705922,Medium
310837316,0.5687926,Medium
348945302,0.38024905,Medium
69580962,0.3980412,Medium
53955006,0.3622262,Medium
108087774,0.4815994,Medium
54136452,0.5162637,Medium
205117494,0.43785095,Medium
147030552,0.4410613,Medium
279775464,0.3418447,Medium
397840820,0.42145896,Medium
59274324,0.45115757,Medium
83401368,0.4139833,Medium
58169226,0.3128982,Low
170784234,0.37637666,Medium
92165802,0.39468092,Medium
163132110,0.6066387,Medium
98345088,0.43192178,Medium
197590806,0.5561957,Medium
169906092,0.4918683,Medium
110277804,0.3812558,Medium
270695676,0.83414835,High
44843778,0.4690888,Medium
378517802,0.3417899,Medium
143712402,0.74187595,High
180278112,0.37982687,Medium
57467376,0.30426976,Low
105243378,0.57758695,Medium
161774190,0.5435731,Medium
266114970,0.19909923,Low
151419150,0.32938012,Low
150556872,0.50595003,Medium
106815564,0.3195766,Low
116456718,0.45894435,Medium
104821506,0.67434114,High
59671380,0.4635301,Medium
155934444,0.4503822,Medium
160945878,0.4161171,Medium
161229702,0.47485074,Medium
158972184,0.3487775,Medium
135112554,0.4203797,Medium
387338516,0.29954445,Low
64013796,0.5406738,Medium
70538916,0.36229786,Medium
179443614,0.6111405,Medium
35836380,0.24032772,Low
65136540,0.64639187,Medium
184840812,0.59498304,Medium
61359882,0.54642653,Medium
18327384,0.48839107,Medium
317884712,0.48028854,Medium
126215334,0.5069039,Medium
101620308,0.30832875,Low
129139500,0.40666398,Medium
105004656,0.45798925,Medium
128677434,0.6234333,Medium
82741614,0.57218784,Medium
110961714,0.48510027,Medium
276108120,0.32167637,Low
127210506,0.23798403,Low
302627378,0.32547328,Low
140865294,0.32686394,Low
7868124,0.2782628,Low
44814174,0.5451606,Medium
441338738,0.44140068,Medium
96519870,0.3737524,Medium
150364476,0.7615145,High
75516828,0.5090343,Medium
12533928,0.35286987,Medium
224946690,0.22057979,Low
176961564,0.5196907,Medium
225153840,0.40015236,Medium
61261416,0.40797782,Medium
242606280,0.37636754,Medium
235413504,0.36500043,Medium
32763240,0.25852898,Low
246965322,0.4440997,Medium
134282676,0.44238907,Medium
145367538,0.40356645,Medium
78734004,0.5548009,Medium
106903812,0.40084192,Medium
9731790,0.371684,Medium
150242232,0.48016986,Medium
89573724,0.40506884,Medium
182772684,0.2943606,Low
160627872,0.6043987,Medium
43826364,0.47128886,Medium
162050238,0.470998,Medium
224502402,0.49628618,Medium
118126014,0.5619532,Medium
311896670,0.5360881,Medium
251021712,0.58687973,Medium
150715134,0.34041637,Medium
312033638,0.47129446,Medium
83109582,0.80246085,High
156320598,0.24049959,Low
91160694,0.2659439,Low
53244936,0.4506406,Medium
8007984,0.52236766,Medium
77179548,0.3535784,Medium
136438644,0.42924425,Medium
281313624,0.31558186,Low
166864404,0.39309707,Medium
272427288,0.7469196,High
143483964,0.5407588,Medium
129546240,0.49254948,Medium
267086766,0.65230787,Medium
386611982,0.3799868,Medium
154848252,0.67165077,High
141124272,0.5468946,Medium
129356562,0.27160537,Low
141671106,0.5720922,Medium
212601318,0.54546374,Medium
166288476,0.6037927,Medium
172025694,0.7310178,High
151659612,0.39537433,Medium
38131704,0.37337902,Medium
96627522,0.7333808,High
84654432,0.43155396,Medium
127970700,0.42084157,Medium
118538850,0.49877894,Medium
232975296,0.3923688,Medium
13800636,0.6659208,High
62818170,0.45905733,Medium
392541734,0.5674359,Medium
247808052,0.4791156,Medium
126708684,0.32359838,Low
97287126,0.37390763,Medium
59289300,0.42702433,Medium
153414024,0.4582533,Medium
25950462,0.44978788,Medium
230786184,0.55468595,Medium
9198750,0.13963197,Low
344312564,0.46842933,Medium
115360788,0.7061149,High
117598320,0.3440943,Medium
86039376,0.31558278,Low
92994276,0.39208815,Medium
52131174,0.54688996,Medium
35545686,0.5148674,Medium
254337426,0.52816254,Medium
55853484,0.6873416,High
3863238,0.34958848,Medium
40816854,0.46148592,Medium
267078186,0.8448786,High
108680982,0.4686456,Medium
175878258,0.5235504,Medium
97048902,0.64177877,Medium
116814348,0.47783372,Medium
107318262,0.28215587,Low
144116118,0.68293875,High
58278810,0.6224609,Medium
227483262,0.54923517,Medium
115610172,0.5755607,Medium
90733428,0.23456234,Low
37851426,0.6268664,Medium
177610422,0.42799124,Medium
2855388,0.47339004,Medium
21482460,0.4730761,Medium
164510304,0.48573643,Medium
153542310,0.4954821,Medium
154017162,0.42191505,Medium
186778440,0.3261705,Low
176539038,0.4208604,Medium
160333644,0.56716067,Medium
48089418,0.41228598,Medium
194218818,0.34005708,Medium
191973732,0.49429446,Medium
191171478,0.48028153,Medium
146846580,0.3520529,Medium
213364422,0.51265395,Medium
42441462,0.8040885,High
154195446,0.56133395,Medium
161692560,0.30059677,Low
130609698,0.5515035,Medium
48692646,0.56785136,Medium
320798210,0.47910362,Medium
169273194,0.44392306,Medium
80167770,0.48088577,Medium
318516950,0.38704082,Medium
79521534,0.84230095,High
66979788,0.6006939,Medium
103323504,0.4012985,Medium
153673722,0.28998038,Low
155107926,0.3634821,Medium
246490272,0.42621577,Medium
374985734,0.48210746,Medium
62177610,0.557786,Medium
203159790,0.5786497,Medium
79550280,0.3116511,Low
127934838,0.3892672,Medium
63586356,0.59902644,Medium
201042132,0.437422,Medium
189916368,0.38806036,Medium
181555524,0.2832284,Low
250119396,0.40444806,Medium
127653354,0.28131303,Low
389588498,0.51421165,Medium
153312546,0.25903267,Low
228411018,0.4041727,Medium
357792188,0.3507281,Medium
172333278,0.53920954,Medium
258320154,0.4862562,Medium
6899208,0.35301185,Medium
162755466,0.6703161,High
168821928,0.50983727,Medium
14030106,0.37050742,Medium
401515688,0.4426781,Medium
257816766,0.3897374,Medium
73429128,0.4132228,Medium
84247554,0.5604587,Medium
195665424,0.469818,Medium
279209532,0.4587656,Medium
43588854,0.5554328,Medium
188551182,0.4034315,Medium
143040198,0.4901688,Medium
191909592,0.6677487,High
230752398,0.46028447,Medium
398972054,0.42150608,Medium
248359104,0.6478712,Medium
59399208,0.40750834,Medium
99169944,0.51185465,Medium
144011466,0.66852266,High
248009100,0.3599398,Medium
141172182,0.37933183,Medium
36581994,0.5153454,Medium
347874080,0.3943795,Medium
163599084,0.56010675,Medium
146414802,0.33543134,Medium
128739498,0.5257172,Medium
154157940,0.33730474,Medium
881016,0.4157998,Medium
79492140,0.24653113,Low
84933984,0.3832843,Medium
159795168,0.43898976,Medium
426108890,0.375457,Medium
23594790,0.5179408,Medium
120127632,0.4245901,Medium
45036588,0.6686171,High
107273106,0.2882207,Low
249418254,0.25357717,Low
99534606,0.4603485,Medium
119151732,0.5030879,Medium
110821698,0.6138296,Medium
19419990,0.62998444,Medium
46738416,0.47081307,Medium
105280182,0.43165308,Medium
67735788,0.40232176,Medium
284075514,0.5519837,Medium
144393414,0.40420505,Medium
235536900,0.49387297,Medium
87894072,0.28249186,Low
305497274,0.47308677,Medium
360777572,0.3227364,Low
61580508,0.5138176,Medium
246710640,0.5918862,Medium
137855250,0.52450526,Medium
82248336,0.4973015,Medium
311947496,0.47822183,Medium
199230534,0.44360754,Medium
160947042,0.5167065,Medium
129142956,0.5185409,Medium
125369028,0.4099101,Medium
222201822,0.56965375,Medium
143534712,0.60826766,Medium
32340510,0.622677,Medium
181260558,0.83097416,High
9830964,0.3671698,Medium
174738198,0.32773757,Low
70857714,0.45867938,Medium
7665510,0.3293084,Low
330868340,0.5091593,Medium
130972128,0.37665185,Medium
352570490,0.25330067,Low
133963524,0.6250193,Medium
129712818,0.50251824,Medium
39396354,0.19264281,Low
320148734,0.7814431,High
161116566,0.54405445,Medium
19143336,0.51303756,Medium
61771848,0.15600467,Low
270036354,0.5440499,Medium
268811676,0.55311024,Medium
107936274,0.81689084,High
59467020,0.43657058,Medium
174499722,0.5079805,Medium
71518122,0.32431212,Low
69862908,0.38387725,Medium
195916344,0.44260207,Medium
117835530,0.5369361,Medium
53750550,0.42553267,Medium
106611048,0.31678715,Low
24905682,0.30297336,Low
178413978,0.45490098,Medium
366668276,0.47247446,Medium
314258594,0.29042536,Low
41039466,0.6141238,Medium
176524290,0.43567365,Medium
355598822,0.32743645,Low
2951364,0.22146855,Low
175628466,0.5674573,Medium
148530648,0.37807742,Medium
175354512,0.48872694,Medium
129472194,0.42494744,Medium
77440686,0.3870869,Medium
91391676,0.3811735,Medium
236962716,0.43739983,Medium
219745602,0.5660835,Medium
31451646,0.4939068,Medium
243783246,0.40864885,Medium
98769138,0.24403559,Low
232088214,0.6515986,Medium
124733754,0.47510242,Medium
21884814,0.22731113,Low
263705178,0.464145,Medium
160353114,0.35150024,Medium
39352872,0.38591948,Medium
156613002,0.5190492,Medium
127038228,0.38341668,Medium
260456982,0.5658503,Medium
181840500,0.60397166,Medium
309534542,0.39542463,Medium
11945154,0.5467711,Medium
136976844,0.38210326,Medium
121883730,0.4255641,Medium
387956588,0.50023276,Medium
129140832,0.34483817,Medium
120977646,0.33574238,Medium
65677086,0.523431,Medium
155887794,0.47432703,Medium
5459490,0.18802707,Low
270516174,0.36963534,Medium
16296246,0.28296715,Low
112525998,0.61270416,Medium
17370804,0.2511125,Low
105726942,0.55629027,Medium
46250184,0.37731558,Medium
47876112,0.6067507,Medium
168523320,0.6325723,Medium
166802688,0.26708946,Low
31712292,0.3142835,Low
45723414,0.40540642,Medium
212847636,0.44255617,Medium
31602216,0.40514463,Medium
284660820,0.18051879,Low
52770540,0.50018513,Medium
262505232,0.38064137,Medium
238915692,0.34670648,Medium
195416118,0.09883976,Low
181486734,0.4022729,Medium
187672266,0.33179256,Medium
88755948,0.5137715,Medium
30303828,0.73510146,High
157518192,0.5689075,Medium
92479260,0.8517999,High
153303660,0.41584697,Medium
232513980,0.5777603,Medium
65875104,0.53984153,Medium
148317120,0.4870329,Medium
89078244,0.49901333,Medium
369104420,0.3050468,Low
78297144,0.32522655,Low
78020286,0.31722152,Low
119329374,0.7201544,High
34481130,0.46467414,Medium
147623166,0.6421842,Medium
67957962,0.4839167,Medium
274408920,0.7028591,High
159697752,0.5201031,Medium
7285104,0.4873225,Medium
197886354,0.45551854,Medium
34166148,0.48501277,Medium
101290548,0.41371965,Medium
64846416,0.2777989,Low
317321222,0.51897264,Medium
264677784,0.48604164,Medium
334887044,0.47084752,Medium
130518690,0.5274801,Medium
294269186,0.6183398,Medium
116225166,0.3834145,Medium
232703874,0.8424786,High
203552634,0.3444584,Medium
80240064,0.49620926,Medium
166408326,0.55225074,Medium
213453894,0.28965357,Low
43492536,0.5633068,Medium
284678796,0.405286,Medium
155578962,0.27898788,Low
79196262,0.41164547,Medium
148234698,0.7927265,High
251006604,0.5558632,Medium
268300314,0.7459906,High
164926776,0.36584038,Medium
148140534,0.37271047,Medium
5993400,0.46525162,Medium
106802814,0.28413263,Low
238862952,0.75525355,High
415526432,0.4986141,Medium
111784560,0.5808313,Medium
281458620,0.39266613,Medium
106511214,0.48223272,Medium
366189020,0.36474422,Medium
121470768,0.27124757,Low
191444394,0.42897975,Medium
308986052,0.6398114,Medium
116370546,0.754749,High
35312202,0.5648456,Medium
81814788,0.39295623,Medium
63851220,0.48657984,Medium
123221730,0.41072047,Medium
109275636,0.36436385,Medium
53243628,0.50627637,Medium
321997676,0.21187593,Low
55942050,0.5785072,Medium
213219138,0.44538787,Medium
111574878,0.678444,High
152418828,0.5626931,Medium
137891808,0.30072892,Low
63856722,0.6699267,High
141569802,0.44072098,Medium
120053394,0.3387655,Medium
116972868,0.23135762,Low
37262454,0.47028854,Medium
170118972,0.49902737,Medium
162932202,0.41979578,Medium
121065828,0.60705,Medium
57119142,0.30857155,Low
121410732,0.5851611,Medium
75367116,0.43330178,Medium
37864392,0.43250066,Medium
16175376,0.42126682,Medium
8946066,0.45052588,Medium
176977380,0.3919024,Medium
319550774,0.4646059,Medium
9165396,0.48370686,Medium
157586478,0.4045219,Medium
184958748,0.5091157,Medium
149760702,0.4867411,Medium
164836320,0.2920184,Low
110669784,0.6306511,Medium
151804272,0.41870776,Medium
106849062,0.48169795,Medium
66908340,0.44488814,Medium
148842660,0.7768028,High
272169798,0.43625256,Medium
237433350,0.50239927,Medium
256364166,0.44519717,Medium
116299602,0.29313803,Low
78723840,0.5625672,Medium
351414974,0.27453136,Low
51079206,0.5093922,Medium
35576706,0.35833097,Medium
242878536,0.3699221,Medium
164254128,0.43121907,Medium
168232098,0.38674948,Medium
180918186,0.53860784,Medium
239132658,0.45608905,Medium
118009122,0.25822997,Low
260354784,0.5232464,Medium
163598430,0.61777997,Medium
18836184,0.4409462,Medium
387847694,0.41681874,Medium
155921694,0.48494664,Medium
370726220,0.41415924,Medium
136238160,0.28689522,Low
95767380,0.4867629,Medium
98844912,0.69977945,High
56008980,0.58769536,Medium
286948668,0.48150462,Medium
138666822,0.502189,Medium
396650168,0.45062104,Medium
68458704,0.41148928,Medium
366014870,0.5048077,Medium
229122114,0.41250584,Medium
57136356,0.6044232,Medium
114755358,0.4472183,Medium
284611872,0.66729784,High
107266680,0.15838526,Low
46077660,0.4871224,Medium
96093678,0.4585798,Medium
155582202,0.43061936,Medium
263025078,0.6234425,Medium
35173584,0.29540303,Low
145700178,0.36275005,Medium
20874606,0.49545735,Medium
115287930,0.28975525,Low
205988646,0.2625329,Low
95739558,0.28233913,Low
188477352,0.48560044,Medium
73197204,0.57612735,Medium
76148688,0.51512593,Medium
191187348,0.54933757,Medium
380223206,0.69772434,High
21772404,0.41798693,Medium
65375238,0.5258673,Medium
182489766,0.2825938,Low
141221940,0.433742,Medium
34856346,0.41827446,Medium
53452110,0.44968393,Medium
182196756,0.38643143,Medium
88835490,0.32964987,Low
233422836,0.5989471,Medium
20191338,0.13470662,Low
99924978,0.3255289,Low
140068698,0.49713287,Medium
196129278,0.36671478,Medium
188238264,0.5962182,Medium
28845036,0.4766001,Medium
1157574,0.5496207,Medium
70390920,0.51710284,Medium
67620984,0.6984286,High
124635900,0.42069775,Medium
176870754,0.51117605,Medium
175184040,0.48775873,Medium
253822380,0.5200971,Medium
180396642,0.47037578,Medium
116407890,0.2540886,Low
180001806,0.4943257,Medium
167815626,0.51980186,Medium
155881314,0.53823763,Medium
3339828,0.33838147,Medium
85603902,0.6096346,Medium
417883274,0.4227085,Medium
184887912,0.30512118,Low
409705802,0.4596767,Medium
68052918,0.6307095,Medium
109057302,0.48688027,Medium
129595602,0.30212867,Low
24513774,0.6598785,Medium
41296968,0.5283447,Medium
368486216,0.30728415,Low
275938764,0.7507336,High
103219422,0.42381707,Medium
223311348,0.28269184,Low
86953248,0.55453795,Medium
71999226,0.31763884,Low
158485740,0.63711137,Medium
54379440,0.5947148,Medium
123132468,0.26593038,Low
123411114,0.33297208,Medium
247119924,0.43666622,Medium
440802152,0.4051036,Medium
149166480,0.38642693,Medium
58731588,0.42048094,Medium
106091364,0.44420195,Medium
171921120,0.5579936,Medium
101870766,0.5149802,Medium
105782286,0.48437044,Medium
154418088,0.33634266,Medium
109172988,0.39225137,Medium
78513654,0.36211973,Medium
52300950,0.54064226,Medium
10659450,0.2475448,Low
137216580,0.34183863,Medium
57012126,0.52041465,Medium
32644158,0.45989278,Medium
52670112,0.67972046,High
186752244,0.39526188,Medium
159952308,0.4865704,Medium
237221196,0.40361002,Medium
38070402,0.34293413,Medium
257736018,0.3734936,Medium
40691148,0.61710536,Medium
232027692,0.4264213,Medium
56290128,0.6131593,Medium
211150260,0.45292816,Medium
87288894,0.42501312,Medium
84667164,0.56018627,Medium
168216876,0.3856928,Medium
127416294,0.28357488,Low
50239416,0.580012,Medium
57549366,0.29933074,Low
119116182,0.632994,Medium
238170246,0.43927607,Medium
155937054,0.3467003,Medium
162418338,0.341908,Medium
165613914,0.5427444,Medium
82130046,0.5577773,Medium
255069240,0.47742254,Medium
97765248,0.517629,Medium
350278922,0.6058856,Medium
320111462,0.4396359,Medium
43413636,0.34870043,Medium
58090320,0.37055933,Medium
119959896,0.26378384,Low
43754994,0.3932641,Medium
119151816,0.64598995,Medium
289060224,0.52504784,Medium
214052766,0.53035575,Medium
164460936,0.3520808,Medium
76131816,0.16842644,Low
215383926,0.747643,High
119914440,0.4624602,Medium
103348104,0.5162484,Medium
41554542,0.72134966,High
27855906,0.46701533,Medium
281917998,0.4701664,Medium
7823850,0.42914513,Medium
124752312,0.29528478,Low
60026256,0.45753017,Medium
150599328,0.58986956,Medium
175821318,0.295417,Low
99846612,0.63046634,Medium
338514032,0.22896323,Low
83261958,0.51263463,Medium
283363230,0.55933183,Medium
56492052,0.63124156,Medium
141968712,0.47935745,Medium
50389536,0.19573306,Low
75570084,0.4193919,Medium
282194094,0.36583838,Medium
11449236,0.31396487,Low
81794892,0.5246941,Medium
41018946,0.38998744,Medium
248811186,0.78449255,High
98670480,0.7011081,High
27777354,0.66064805,High
44232948,0.5469226,Medium
149127840,0.43093684,Medium
7063266,0.4593438,Medium
279622098,0.5663604,Medium
167203134,0.4737588,Medium
163145844,0.4507153,Medium
145194990,0.48428732,Medium
97633110,0.35639122,Medium
51190272,0.5842644,Medium
184044792,0.7895553,High
126573216,0.3362528,Medium
88591410,0.56313497,Medium
142022154,0.42021966,Medium
166003740,0.42587906,Medium
94019052,0.2885058,Low
59311968,0.39555132,Medium
211152204,0.3711783,Medium
104500944,0.36146823,Medium
126335856,0.45734754,Medium
250444050,0.42984107,Medium
181111338,0.36334056,Medium
424926392,0.37318808,Medium
97389582,0.48985693,Medium
103512966,0.3558758,Medium
111754548,0.46801442,Medium
248160822,0.34290498,Medium
153706170,0.4651039,Medium
169581630,0.2367473,Low
89970210,0.2522897,Low
183884304,0.56805307,Medium
57262662,0.43741572,Medium
18743520,0.48951146,Medium
240122298,0.5452129,Medium
218567460,0.28466552,Low
50683080,0.30626106,Low
85276794,0.44410497,Medium
148490004,0.68103385,High
112495758,0.49814108,Medium
109460592,0.72059464,High
145057884,0.56827855,Medium
264551904,0.32501626,Low
46354638,0.3389126,Medium
171519252,0.33996138,Medium
349592276,0.44410262,Medium
382546922,0.43595946,Medium
259205586,0.48230314,Medium
254173176,0.2948608,Low
105703350,0.10460519,Low
145781700,0.27848002,Low
60558786,0.41144764,Medium
78148728,0.67949146,High
141825672,0.3813934,Medium
56508576,0.6011328,Medium
108386436,0.40872437,Medium
256536606,0.43875796,Medium
281212506,0.40067893,Medium
91860816,0.4652617,Medium
102872700,0.39222482,Medium
160972110,0.6147864,Medium
41839230,0.47577035,Medium
125933202,0.10773781,Low
54786702,0.2857773,Low
4088250,0.52593076,Medium
68216694,0.38776293,Medium
310806926,0.36945203,Medium
266181360,0.25725684,Low
141697194,0.37281296,Medium
214525452,0.6698209,High
117630036,0.6432146,Medium
130419066,0.27439177,Low
131619444,0.43614677,Medium
51790074,0.42841715,Medium
121824588,0.5279698,Medium
393724466,0.4692829,Medium
223128060,0.29252774,Low
181750950,0.69132566,High
42136026,0.4088604,Medium
146542584,0.33207062,Medium
68747544,0.33514225,Medium
108907626,0.42858595,Medium
57693018,0.4154221,Medium
167106606,0.4054319,Medium
43473048,0.5793147,Medium
206070822,0.34569064,Medium
334312490,0.45487282,Medium
219861360,0.4270707,Medium
159499878,0.5235765,Medium
436075982,0.492252,Medium
110105574,0.4595161,Medium
115062906,0.4908402,Medium
92144346,0.35623956,Medium
98278290,0.6304916,Medium
63837228,0.39881343,Medium
49417080,0.28690383,Low
87307272,0.41992414,Medium
73223670,0.726203,High
79116246,0.529521,Medium
69791484,0.32707393,Low
348405512,0.62761897,Medium
35154726,0.62013257,Medium
227963496,0.5350401,Medium
423102674,0.61216056,Medium
126812766,0.35531992,Medium
87200532,0.28945625,Low
102779748,0.3885021,Medium
59094354,0.4936192,Medium
54141600,0.4215164,Medium
160813008,0.3563538,Medium
114180456,0.51514,Medium
65100930,0.5471232,Medium
80531538,0.42011097,Medium
236808162,0.46484703,Medium
192897024,0.7013737,High
136078770,0.2899845,Low
73065948,0.58424413,Medium
170848116,0.337496,Medium
340829666,0.61402345,Medium
131617458,0.53361386,Medium
146758092,0.5530023,Medium
138637734,0.7711793,High
276389868,0.5770049,Medium
137458782,0.56638783,Medium
165291078,0.50649124,Medium
303705908,0.4509594,Medium
440188742,0.40910116,Medium
279618510,0.51427394,Medium
126262302,0.53700376,Medium
282073758,0.42070848,Medium
246183408,0.2912985,Low
92302800,0.47853416,Medium
275457654,0.21359698,Low
272968872,0.31312835,Low
148879368,0.30687103,Low
80935524,0.4361571,Medium
358409510,0.5511101,Medium
61050180,0.5146862,Medium
246155748,0.55841696,Medium
99261474,0.3902977,Medium
276172932,0.44987294,Medium
147087996,0.44597918,Medium
327867206,0.48267823,Medium
303229970,0.35876316,Medium
395491190,0.30051747,Low
32333082,0.1820212,Low
190234614,0.55351186,Medium
356637338,0.60336214,Medium
109830306,0.46989095,Medium
257755812,0.41757828,Medium
92967066,0.5300547,Medium
96544062,0.5794238,Medium
75532260,0.7762355,High
100857720,0.32213235,Low
389136350,0.38100007,Medium
4084572,0.34548122,Medium
213229902,0.6013137,Medium
360746432,0.46785638,Medium
106914396,0.24349552,Low
131493960,0.31882033,Low
63513414,0.5327316,Medium
27576036,0.32318792,Low
96593970,0.45795286,Medium
61749426,0.58170074,Medium
125198964,0.54646534,Medium
103784106,0.36599958,Medium
292236894,0.3796281,Medium
135115272,0.4556242,Medium
147872136,0.7308312,High
109960158,0.18908766,Low
140067168,0.39714447,Medium
40809900,0.4502388,Medium
208578072,0.3339531,Medium
108723120,0.59897286,Medium
115422066,0.34308,Medium
74998170,0.5853008,Medium
32071662,0.27076903,Low
181095600,0.45829982,Medium
148362366,0.5382661,Medium
172965432,0.59051734,Medium
17963574,0.31111884,Low
248159658,0.26032597,Low
101074680,0.43243155,Medium
186681954,0.696043,High
46600170,0.52530056,Medium
127860552,0.4642596,Medium
129703116,0.45816594,Medium
43703202,0.45303044,Medium
144267972,0.48001632,Medium
214499094,0.4239257,Medium
231170148,0.37504354,Medium
279284340,0.56165904,Medium
6895560,0.44994456,Medium
281734032,0.47333795,Medium
256469460,0.35693592,Medium
91901610,0.45633748,Medium
177414006,0.7384247,High
327200654,0.36063567,Medium
52355370,0.48363107,Medium
90676062,0.36624253,Medium
146744118,0.42339557,Medium
145837560,0.57674086,Medium
338398982,0.42124474,Medium
97258668,0.5360978,Medium
148870218,0.5446455,Medium
76114812,0.4110307,Medium
93619974,0.3912305,Medium
135505578,0.6656518,High
137773206,0.34396634,Medium
47338038,0.6217316,Medium
35982492,0.5061894,Medium
116595234,0.24659212,Low
224135214,0.4325379,Medium
283918920,0.76332706,High
221798190,0.45683476,Medium
381320426,0.6992453,High
86314092,0.61887074,Medium
70016490,0.48630992,Medium
89668854,0.4355776,Medium
83170578,0.296552,Low
31545612,0.30164614,Low
2587620,0.20145607,Low
63855078,0.5246783,Medium
238261572,0.43152767,Medium
132888222,0.4824959,Medium
259418484,0.34665594,Medium
35651430,0.5552477,Medium
53714124,0.32566553,Low
365437004,0.35494614,Medium
59549046,0.5211578,Medium
111512076,0.37342942,Medium
192772260,0.39878353,Medium
212756544,0.39906016,Medium
153926244,0.49408123,Medium
136001112,0.35088593,Medium
236956212,0.47460935,Medium
262053078,0.45318815,Medium
187754880,0.84475315,High
99930984,0.30485025,Low
46563306,0.48089978,Medium
61824990,0.55787385,Medium
231960816,0.53069055,Medium
367277852,0.2494051,Low
171673542,0.83226055,High
275864862,0.26428524,Low
175621302,0.43645707,Medium
175578384,0.5320077,Medium
314964398,0.45610082,Medium
223137060,0.33029354,Medium
34140222,0.23228239,Low
23734188,0.6343746,Medium
160284600,0.4137291,Medium
49209498,0.4686185,Medium
149745954,0.50863326,Medium
74983734,0.34186774,Medium
168766698,0.63500154,Medium
102243756,0.5001873,Medium
44729616,0.41586664,Medium
69895218,0.28247586,Low
129718488,0.6255942,Medium
122416956,0.61853945,Medium
11217222,0.3273016,Low
131425344,0.36266938,Medium
414312614,0.40750548,Medium
259140090,0.42521232,Medium
97480896,0.56645733,Medium
187589454,0.4361465,Medium
111100722,0.3096011,Low
141797046,0.7251321,High
163883070,0.5586726,Medium
443842016,0.5063172,Medium
110724222,0.4690505,Medium
148009890,0.7652928,High
38358282,0.4905272,Medium
140922570,0.31500697,Low
381337550,0.4640695,Medium
384307232,0.37902373,Medium
207245790,0.11112882,Low
293675720,0.6996882,High
293693132,0.51037115,Medium
334238948,0.51834184,Medium
25184130,0.40597838,Medium
63103320,0.3672862,Medium
87027006,0.45185468,Medium
30737472,0.14160016,Low
177710040,0.5268416,Medium
152871756,0.1319343,Low
152564418,0.27903473,Low
159131976,0.5796561,Medium
372022652,0.72067255,High
148468758,0.33133075,Medium
63428790,0.6677625,High
186732492,0.56557083,Medium
259948584,0.5716322,Medium
137872104,0.33568344,Medium
126918294,0.5106801,Medium
103120200,0.24790299,Low
262671474,0.56504923,Medium
160691088,0.49290463,Medium
54388812,0.40229768,Medium
137000976,0.3108257,Low
330755936,0.49318185,Medium
346613660,0.3565774,Medium
106487022,0.39216644,Medium
18712284,0.33611646,Medium
34918098,0.541542,Medium
363728090,0.55167645,Medium
100792146,0.52442765,Medium
69971040,0.3812975,Medium
106501668,0.48508215,Medium
87881076,0.44553444,Medium
89509644,0.4270081,Medium
214133796,0.62259674,Medium
53835042,0.49512625,Medium
80866254,0.47093716,Medium
287627952,0.6181816,Medium
147579738,0.41618374,Medium
63211446,0.41372895,Medium
130480926,0.5366591,Medium
123810756,0.3181858,Low
156544812,0.3975544,Medium
163020096,0.3606162,Medium
43183008,0.52018666,Medium
38055810,0.6181945,Medium
156142884,0.63100946,Medium
372495092,0.4790221,Medium
32013516,0.377841,Medium
102300822,0.15080604,Low
13663020,0.40349758,Medium
231406890,0.34582368,Medium
58626696,0.24970344,Low
42147036,0.42540106,Medium
245058078,0.36871946,Medium
174734838,0.691115,High
176649102,0.40049055,Medium
28437660,0.4726806,Medium
308430584,0.37485778,Medium
321956366,0.45522997,Medium
24459090,0.6331579,Medium
83386212,0.41576254,Medium
246932130,0.34922296,Medium
76167924,0.7967282,High
40904442,0.5650947,Medium
123747186,0.3836428,Medium
81253758,0.2538259,Low
145250796,0.33799312,Medium
147280404,0.30155236,Low
150473274,0.27988112,Low
294907868,0.4292495,Medium
150908730,0.47273612,Medium
184335252,0.33549473,Medium
92743992,0.30227268,Low
156536460,0.78103054,High
152573226,0.3232525,Low
127331478,0.59575146,Medium
212796042,0.4129961,Medium
156249624,0.45544627,Medium
185868504,0.4691163,Medium
36519426,0.41565275,Medium
261138408,0.42300922,Medium
112839096,0.62259513,Medium
315996530,0.4480755,Medium
155635434,0.3750934,Medium
269953044,0.39004815,Medium
24446016,0.221703,Low
25039536,0.3701212,Medium
209273796,0.34761715,Medium
378464156,0.37903544,Medium
430804772,0.54283875,Medium
210509598,0.38506016,Medium
205982286,0.56274915,Medium
201472080,0.39108303,Medium
94024446,0.45588624,Medium
266879766,0.27465644,Low
229640964,0.42678654,Medium
190340364,0.520209,Medium
259580874,0.41593257,Medium
171383562,0.31020287,Low
194389332,0.30788878,Low
43809900,0.4368496,Medium
2736798,0.45038518,Medium
101326014,0.34231967,Medium
176375628,0.3925721,Medium
63940866,0.41905534,Medium
21205266,0.42825064,Medium
74851116,0.530129,Medium
131130690,0.250316,Low
35031888,0.48271802,Medium
107861898,0.450625,Medium
219172650,0.30267474,Low
93414978,0.22678845,Low
106644474,0.4516538,Medium
209581182,0.31771684,Low
79212210,0.41917202,Medium
176213262,0.36805817,Medium
161210220,0.5946997,Medium
45629520,0.4903788,Medium
93657600,0.37166777,Medium
100143276,0.4817954,Medium
62169420,0.21854553,Low
136051560,0.5120085,Medium
286843974,0.25797176,Low
269071314,0.48573428,Medium
160541004,0.43955582,Medium
148439796,0.3431866,Medium
101552328,0.72931117,High
87403410,0.55022377,Medium
85075044,0.4498932,Medium
332544926,0.20439345,Low
60105498,0.680895,High
169508502,0.7445706,High
98073522,0.5952467,Medium
359666186,0.37705338,Medium
162464934,0.50597227,Medium
149121462,0.4485122,Medium
153707826,0.42727423,Medium
160359792,0.6325206,Medium
31453050,0.5734282,Medium
106393158,0.35954025,Medium
40150596,0.5150837,Medium
210960882,0.45743752,Medium
171941040,0.43512827,Medium
57262056,0.47126472,Medium
148525164,0.30234906,Low
46070604,0.6355688,Medium
269957124,0.55695283,Medium
75457896,0.5138749,Medium
395543870,0.43170178,Medium
190710012,0.32907763,Low
135566646,0.62353384,Medium
105629418,0.49701,Medium
27867156,0.44689676,Medium
216898680,0.511435,Medium
183519456,0.45553026,Medium
97379112,0.5441463,Medium
244087386,0.3270296,Low
98906076,0.41604075,Medium
16886208,0.41487703,Medium
78983718,0.3435096,Medium
353125256,0.5334666,Medium
169882716,0.6239751,Medium
161107650,0.5261166,Medium
253583982,0.5182093,Medium
129874356,0.46103483,Medium
199376880,0.6277418,Medium
52365444,0.4927215,Medium
389675792,0.34432006,Medium
131559738,0.523203,Medium
20852784,0.47956523,Medium
82113450,0.3194111,Low
83274672,0.45058182,Medium
166568754,0.45658386,Medium
182237514,0.5390694,Medium
181141776,0.33815095,Medium
62320686,0.6112771,Medium
120477264,0.32054606,Low
125616630,0.54119796,Medium
117070638,0.46130708,Medium
118013514,0.5767808,Medium
81677268,0.28211215,Low
155104350,0.60998315,Medium
194618562,0.47822893,Medium
17185146,0.3898556,Medium
77280600,0.5523255,Medium
91291860,0.3923875,Medium
18362844,0.507626,Medium
392083148,0.40161145,Medium
30668202,0.5933684,Medium
290093580,0.571473,Medium
192598494,0.6084408,Medium
415519526,0.39973956,Medium
97906296,0.42634442,Medium
39443928,0.40896603,Medium
46343202,0.68419766,High
42615660,0.40664217,Medium
125048580,0.3749252,Medium
421401206,0.407061,Medium
103147362,0.22554755,Low
278000532,0.3862521,Medium
291810660,0.44471163,Medium
49044162,0.5135574,Medium
163787532,0.45485964,Medium
28195170,0.35880473,Medium
131035176,0.3732185,Medium
78068556,0.49920493,Medium
44964000,0.45016086,Medium
97469628,0.27334523,Low
156550476,0.3705588,Medium
256221534,0.3210085,Low
13439490,0.4236829,Medium
179367630,0.40829927,Medium
47111430,0.626717,Medium
46038312,0.29949215,Low
40790382,0.4236866,Medium
27000534,0.2541622,Low
79799592,0.64248204,Medium
274490130,0.352889,Medium
192513990,0.46284926,Medium
152295540,0.6896251,High
169995930,0.43618196,Medium
75723702,0.36611813,Medium
157289820,0.50118196,Medium
156182982,0.3793118,Medium
88993128,0.44059888,Medium
280930764,0.54268265,Medium
357831344,0.3466991,Medium
215621862,0.4316134,Medium
82303758,0.68524086,High
61575102,0.5027766,Medium
214501524,0.3086542,Low
50543484,0.3717303,Medium
105733938,0.3427726,Medium
90642624,0.51448226,Medium
58945644,0.5479486,Medium
364956728,0.5456686,Medium
43021740,0.3035263,Low
130135062,0.41497087,Medium
400235312,0.5919105,Medium
367293626,0.47082737,Medium
139551522,0.42027706,Medium
138225510,0.40879846,Medium
340823078,0.4135117,Medium
36425148,0.63514096,Medium
173867598,0.3292793,Low
181957350,0.7381786,High
52139154,0.5570199,Medium
158792184,0.44800466,Medium
110728524,0.4423749,Medium
51887808,0.47048196,Medium
203047590,0.3582337,Medium
101902236,0.3506338,Medium
348437498,0.21498182,Low
23761320,0.13430625,Low
180908124,0.33998436,Medium
303222542,0.45617595,Medium
99693300,0.4014974,Medium
149596266,0.446471,Medium
15135666,0.36406195,Medium
111675744,0.6909639,High
68376612,0.8060053,High
2735964,0.32474375,Low
360151460,0.38939872,Medium
100753476,0.3833576,Medium
247625730,0.74527395,High
423836012,0.56026864,Medium
290648712,0.2712961,Low
270683748,0.5227565,Medium
170621460,0.29146567,Low
59910414,0.43236843,Medium
70328070,0.6158824,Medium
92634534,0.36719823,Medium
259946070,0.38056874,Medium
193592184,0.5079495,Medium
160834524,0.58741575,Medium
160342386,0.5015708,Medium
153052176,0.6710214,High
163306080,0.091781184,Low
225806790,0.36735672,Medium
146747352,0.67346853,High
168280956,0.30268282,Low
158653578,0.5293608,Medium
130536894,0.45281208,Medium
100872720,0.35196486,Medium
102507222,0.44652587,Medium
166252158,0.51789856,Medium
227023020,0.5714122,Medium
158377872,0.2579264,Low
282160380,0.36443928,Medium
161393658,0.44061315,Medium
96561402,0.36671704,Medium
105559176,0.33113587,Medium
60677184,0.36083394,Medium
272432088,0.25967985,Low
73459374,0.39913836,Medium
219932958,0.42679945,Medium
20386596,0.5036191,Medium
197183046,0.31204548,Low
118661004,0.536618,Medium
27019374,0.3138824,Low
54818832,0.6203338,Medium
158926938,0.46957758,Medium
78556506,0.35544175,Medium
59924310,0.43177852,Medium
289305936,0.40102643,Medium
96001716,0.4616769,Medium
105990792,0.3454666,Medium
50904696,0.5106878,Medium
174792606,0.40541464,Medium
82496100,0.31323862,Low
251352618,0.4352491,Medium
288006276,0.5953992,Medium
86927370,0.7631665,High
92402790,0.6976947,High
30599478,0.29924437,Low
340249094,0.58314514,Medium
144866574,0.5398361,Medium
100372776,0.74454737,High
213569184,0.3223108,Low
107777652,0.41006228,Medium
26775498,0.4937971,Medium
112909884,0.34386995,Medium
125701422,0.48022386,Medium
74012658,0.32310885,Low
120133002,0.29260787,Low
153007110,0.43423063,Medium
105545202,0.32368055,Low
133524168,0.3243987,Low
333731054,0.42513797,Medium
123966978,0.44681278,Medium
285902964,0.6535652,Medium
360884798,0.6694431,High
55600230,0.30409405,Low
101601648,0.34450907,Medium
134481960,0.35090527,Medium
430817720,0.48554918,Medium
177126954,0.59764946,Medium
103077468,0.1746779,Low
168771402,0.55628467,Medium
98384622,0.37302598,Medium
151014018,0.4688663,Medium
36218118,0.74407494,High
363243848,0.57070976,Medium
105265782,0.5989759,Medium
123059832,0.39670253,Medium
178149240,0.37949374,Medium
38245794,0.33522868,Medium
104582682,0.5292628,Medium
119261658,0.45517847,Medium
185712096,0.60550934,Medium
170070492,0.36302835,Medium
147110832,0.5473037,Medium
141786648,0.48698166,Medium
281017098,0.52095604,Medium
129221346,0.5220583,Medium
58975632,0.5258452,Medium
102956028,0.4228381,Medium
109533780,0.5689598,Medium
68801406,0.36598384,Medium
170162862,0.37163863,Medium
257992110,0.5105926,Medium
111510408,0.59733176,Medium
148372602,0.5036461,Medium
166447824,0.5113799,Medium
150382218,0.49964395,Medium
181622034,0.33748034,Medium
325482314,0.3934941,Medium
17428164,0.34600547,Medium
62378214,0.63040614,Medium
199957806,0.36676538,Medium
165320160,0.4312507,Medium
369720674,0.46013486,Medium
218634720,0.37475553,Medium
165610614,0.6686421,High
84054582,0.6022361,Medium
131404944,0.5377361,Medium
112642188,0.41187555,Medium
89127420,0.2847981,Low
162364350,0.6684675,High
123006666,0.39206836,Medium
81457770,0.42228723,Medium
265226076,0.6015924,Medium
41859192,0.35780224,Medium
168942774,0.35529038,Medium
76317954,0.31214774,Low
146995182,0.34901768,Medium
290410338,0.40402502,Medium
225450690,0.3958221,Medium
158798442,0.30758315,Low
140811030,0.33132198,Medium
169759434,0.38543877,Medium
90491250,0.4059644,Medium
28086858,0.39081594,Medium
125254410,0.33114082,Medium
129876582,0.5301302,Medium
81627816,0.41770294,Medium
167720424,0.6525171,Medium
166541472,0.537555,Medium
161848182,0.51277316,Medium
109455996,0.22775818,Low
167596764,0.25106114,Low
273507006,0.5725458,Medium
309629270,0.374637,Medium
89021346,0.83013296,High
1079592,0.6239617,Medium
104428806,0.39226922,Medium
164706486,0.6058343,Medium
39048468,0.65906984,Medium
363829328,0.2728117,Low
22092672,0.55961794,Medium
147115488,0.53098184,Medium
65031492,0.33750543,Medium
9220998,0.5464211,Medium
49072992,0.18555799,Low
18193896,0.4294754,Medium
232119990,0.31271046,Low
420862820,0.3931959,Medium
167612502,0.48127237,Medium
246937968,0.63367957,Medium
125739624,0.2077521,Low
390849752,0.3483199,Medium
123545736,0.4472792,Medium
338983328,0.39404267,Medium
244212042,0.46298233,Medium
181914156,0.66402924,High
264157794,0.38266173,Medium
162020106,0.37662518,Medium
234582126,0.35719582,Medium
158335068,0.28366596,Low
66827406,0.5912324,Medium
258996420,0.48031104,Medium
22328730,0.44800583,Medium
65633820,0.53600746,Medium
113742288,0.3673473,Medium
114356766,0.3463814,Medium
155386596,0.56647485,Medium
279295818,0.5204591,Medium
123780300,0.3072185,Low
176343240,0.51533026,Medium
192982782,0.3362943,Medium
192526494,0.5682674,Medium
182768766,0.61229616,Medium
364318874,0.3465089,Medium
191020872,0.3885276,Medium
166237944,0.48029155,Medium
130641750,0.35283574,Medium
317326220,0.43635768,Medium
95874600,0.25589457,Low
88470894,0.63291,Medium
227549340,0.52875894,Medium
223828602,0.43095,Medium
180005784,0.29431313,Low
76505724,0.67032933,High
16937682,0.23585981,Low
83965188,0.3584556,Medium
219750744,0.37196186,Medium
99808998,0.41345063,Medium
82794924,0.5963541,Medium
104413158,0.29805112,Low
35935938,0.54488087,Medium
62304588,0.47124797,Medium
233527734,0.3779904,Medium
137504214,0.2354797,Low
69765792,0.3296879,Low
69214074,0.56838167,Medium
134800158,0.4017899,Medium
84465570,0.5421305,Medium
210074172,0.78730696,High
128404746,0.5355401,Medium
164545176,0.23819241,Low
246295938,0.30193323,Low
157146072,0.4289767,Medium
7217022,0.2961405,Low
90918042,0.60687554,Medium
191897778,0.31029922,Low
365476556,0.3002719,Low
194013780,0.44747728,Medium
106475526,0.3570472,Medium
124460796,0.5861546,Medium
142363314,0.48544186,Medium
110110230,0.6633769,High
129598158,0.51569116,Medium
98414436,0.48973042,Medium
181502856,0.37857178,Medium
42562320,0.70986557,High
137499432,0.51184756,Medium
286651410,0.41299048,Medium
162372006,0.50248,Medium
97495032,0.31286332,Low
120962454,0.5883562,Medium
202971510,0.46377823,Medium
378458390,0.4854622,Medium
163287324,0.46704674,Medium
132326220,0.35336974,Medium
174745614,0.15797791,Low
52602810,0.27931377,Low
265892262,0.3634474,Medium
170943168,0.59686273,Medium
122911914,0.6825415,High
10743150,0.4831337,Medium
111784470,0.12349059,Low
81873900,0.7174671,High
220763322,0.42264196,Medium
137386674,0.191099,Low
217250160,0.57224756,Medium
443700206,0.48615408,Medium
194039448,0.18507072,Low
311386544,0.48367858,Medium
259394982,0.5012266,Medium
65723940,0.2521964,Low
112543794,0.2345122,Low
159135702,0.36105984,Medium
102544914,0.31406263,Low
177195324,0.60431147,Medium
167439006,0.3018875,Low
384946400,0.26911426,Low
41522826,0.3706738,Medium
25423572,0.50649095,Medium
134780082,0.51769036,Medium
113489214,0.37130174,Medium
360246980,0.52385825,Medium
125438664,0.6033382,Medium
16629984,0.46236607,Medium
328383410,0.5384059,Medium
265860954,0.37950966,Medium
109146480,0.38494876,Medium
143600904,0.5286444,Medium
301381694,0.66584355,High
32190048,0.41329047,Medium
191646708,0.3436633,Medium
84488202,0.6068716,Medium
110098638,0.37697196,Medium
343074734,0.40806386,Medium
88821948,0.3712399,Medium
147174534,0.31846413,Low
250501428,0.2884576,Low
149917728,0.3672433,Medium
70560510,0.3604972,Medium
137477634,0.44820517,Medium
103888404,0.2229646,Low
4865082,0.32809362,Low
403809272,0.34141624,Medium
78815730,0.44397905,Medium
159959538,0.33656937,Medium
39845910,0.6380761,Medium
305538212,0.38038144,Medium
293807378,0.44247866,Medium
263032050,0.58315873,Medium
13062414,0.52499187,Medium
273515346,0.39774173,Medium
244257762,0.30343372,Low
45386784,0.23990631,Low
177340968,0.30007824,Low
52980294,0.50844806,Medium
43182270,0.67650765,High
303068144,0.40089095,Medium
95492310,0.5661022,Medium
109365672,0.5082173,Medium
110864616,0.45539188,Medium
322595606,0.38786918,Medium
231764160,0.60405236,Medium
179523582,0.5817356,Medium
78010158,0.5433864,Medium
229879146,0.52253217,Medium
108659634,0.2624879,Low
141837426,0.4573204,Medium
95309190,0.5395053,Medium
224537736,0.3561868,Medium
98430456,0.52814704,Medium
52339968,0.37594876,Medium
343101356,0.43943828,Medium
172244934,0.39966267,Medium
47951160,0.2552314,Low
295421192,0.2659298,Low
85577844,0.5270883,Medium
31242024,0.540138,Medium
77067264,0.49923673,Medium
290410134,0.39217713,Medium
99992796,0.32266924,Low
31135428,0.33039847,Medium
436215428,0.5088138,Medium
108396000,0.41960967,Medium
103590828,0.528582,Medium
396746438,0.35700163,Medium
429598850,0.38648185,Medium
263993964,0.2919769,Low
152296716,0.45147535,Medium
75254322,0.5902686,Medium
111940080,0.3296281,Low
182873928,0.7426476,High
24488646,0.43959478,Medium
39286722,0.7968383,High
419691344,0.43113118,Medium
187981554,0.29765877,Low
7100040,0.3621939,Medium
35027730,0.5618748,Medium
319640024,0.42530125,Medium
149485062,0.38684475,Medium
43607280,0.4403912,Medium
416726918,0.60329264,Medium
124660362,0.45769358,Medium
97788888,0.41814712,Medium
136637550,0.49671993,Medium
195033396,0.5923264,Medium
337285280,0.36661637,Medium
166515936,0.36563393,Medium
31104714,0.7139885,High
110541840,0.44308567,Medium
101360634,0.774412,High
65939652,0.3145429,Low
197861196,0.5986813,Medium
232996284,0.50904804,Medium
276601248,0.33252552,Medium
52006908,0.45567694,Medium
121377996,0.70720226,High
55662504,0.54868054,Medium
274985490,0.36996934,Medium
26944218,0.4240848,Medium
180944664,0.6123025,Medium
170949126,0.5837451,Medium
409716290,0.3034326,Low
258152082,0.37734842,Medium
195385404,0.37627557,Medium
173436186,0.29138368,Low
72208182,0.5377985,Medium
111026166,0.46952087,Medium
145674282,0.43171445,Medium
26478498,0.264397,Low
217231698,0.4882074,Medium
46299750,0.51133376,Medium
229485438,0.58489513,Medium
214544874,0.49321264,Medium
178187082,0.3909847,Medium
97978272,0.5545525,Medium
36748974,0.54602796,Medium
172846446,0.3279863,Low
172801074,0.3458333,Medium
61447278,0.44738775,Medium
336144152,0.3909581,Medium
52554402,0.5675791,Medium
136224150,0.38597977,Medium
74355846,0.29412827,Low
26931720,0.41323942,Medium
96071112,0.47264695,Medium
95691438,0.5039033,Medium
243317484,0.6347672,Medium
414954470,0.6405104,Medium
124815366,0.39053243,Medium
64017924,0.2726618,Low
174408642,0.46026775,Medium
55823226,0.34338373,Medium
404464100,0.5888663,Medium
106943412,0.41954517,Medium
295487276,0.16212456,Low
105155634,0.34664208,Medium
49871802,0.4289939,Medium
151977204,0.5661802,Medium
166762068,0.58961713,Medium
146828886,0.5317107,Medium
49895508,0.56301355,Medium
165358656,0.3454482,Medium
64529040,0.3557731,Medium
274520646,0.40948692,Medium
39481542,0.3509204,Medium
171453006,0.516887,Medium
97570236,0.31635025,Low
134807268,0.44575793,Medium
168930090,0.3898378,Medium
163026258,0.4869668,Medium
403160384,0.47639138,Medium
150659562,0.30471593,Low
106784556,0.4612396,Medium
159740394,0.3505875,Medium
31864206,0.53231674,Medium
172853598,0.51030576,Medium
158931102,0.4962769,Medium
48445158,0.5388903,Medium
74138790,0.7042939,High
261004422,0.48637342,Medium
224597946,0.58322775,Medium
244722762,0.39241537,Medium
150585738,0.38140556,Medium
68207400,0.28975007,Low
311931398,0.43216473,Medium
263432754,0.3262381,Low
99559992,0.4502303,Medium
420267092,0.5607436,Medium
278451930,0.4802225,Medium
69677088,0.4781789,Medium
83879490,0.33285084,Medium
110379174,0.43448797,Medium
21458634,0.4175851,Medium
40389450,0.5511631,Medium
290944152,0.5640439,Medium
205467804,0.5649205,Medium
75550350,0.532095,Medium
203216322,0.4657869,Medium
268704678,0.33015922,Medium
54084654,0.48397952,Medium
39939360,0.43807203,Medium
405050672,0.23144731,Low
404950370,0.537157,Medium
210649002,0.2802933,Low
106619352,0.5784867,Medium
170717946,0.4847,Medium
79349562,0.68015164,High
27982554,0.33230966,Medium
54384804,0.4322195,Medium
41044788,0.50403464,Medium
32412924,0.2753674,Low
52901784,0.5177,Medium
25162200,0.3786771,Medium
23423028,0.5167547,Medium
158501808,0.5741565,Medium
234333492,0.4544698,Medium
27722958,0.42553106,Medium
231476316,0.58652353,Medium
171222498,0.4922973,Medium
35416962,0.44976106,Medium
425505230,0.40439585,Medium
139094994,0.23458672,Low
320275688,0.43754557,Medium
149729460,0.4670176,Medium
87940716,0.4052929,Medium
47162328,0.56067467,Medium
82847004,0.2951418,Low
209008992,0.45003015,Medium
79143978,0.44319683,Medium
179596740,0.40802345,Medium
362642474,0.44366178,Medium
158967834,0.54378533,Medium
333120884,0.58000416,Medium
212155218,0.5821615,Medium
83639430,0.5559198,Medium
148786392,0.33440652,Medium
229758762,0.8187702,High
39500466,0.6196872,Medium
174560016,0.44887158,Medium
235160946,0.6204339,Medium
310747430,0.5747009,Medium
21918954,0.63945025,Medium
86701470,0.4595887,Medium
288536448,0.6878427,High
317216138,0.33007458,Medium
103830066,0.3339345,Medium
35048424,0.54337794,Medium
263157768,0.34791166,Medium
274529712,0.21552816,Low
165541236,0.511078,Medium
231058812,0.4658105,Medium
163614912,0.27357924,Low
100218864,0.27593496,Low
266005140,0.30401447,Low
232440690,0.54782987,Medium
202617168,0.3103722,Low
147827604,0.57762086,Medium
49811364,0.54454535,Medium
233586186,0.25703415,Low
85275942,0.50479597,Medium
250532964,0.482401,Medium
142714386,0.384742,Medium
196099452,0.44783095,Medium
257756820,0.38908178,Medium
71712096,0.4379734,Medium
80798262,0.18611944,Low
82206570,0.2984138,Low
183484578,0.5378339,Medium
159269694,0.54184794,Medium
6907938,0.46818054,Medium
12032022,0.43073398,Medium
187154376,0.4662015,Medium
24573012,0.28011182,Low
67067946,0.48140305,Medium
63111306,0.66065514,High
184171860,0.3748929,Medium
125023542,0.27216518,Low
225260988,0.58357257,Medium
436719410,0.45147613,Medium
285937656,0.3736193,Medium
219158478,0.47495034,Medium
132360306,0.4462164,Medium
144611232,0.53672105,Medium
412607342,0.6923235,High
54404178,0.44195417,Medium
306171644,0.5163763,Medium
63910998,0.44626048,Medium
122581164,0.3346021,Medium
69917424,0.77514756,High
128405400,0.30814925,Low
109731426,0.42770866,Medium
236851374,0.35720024,Medium
362569556,0.56093633,Medium
258989988,0.58036345,Medium
153829794,0.3650227,Medium
11702652,0.46029472,Medium
150929550,0.59936184,Medium
28485750,0.47406647,Medium
124485222,0.29872638,Low
233894244,0.3744834,Medium
54234912,0.50736344,Medium
189886326,0.6157074,Medium
189085230,0.28626907,Low
132742014,0.4320361,Medium
193962138,0.36429185,Medium
12930768,0.47005105,Medium
36097092,0.64636034,Medium
99402012,0.47542113,Medium
19088994,0.19177987,Low
161048532,0.39807242,Medium
87075852,0.55368465,Medium
23562720,0.37495747,Medium
211916790,0.4382509,Medium
49395984,0.5635605,Medium
149224194,0.7394006,High
230816256,0.43572694,Medium
341945360,0.80858696,High
151427778,0.2626793,Low
43180860,0.56302094,Medium
208021890,0.36080667,Medium
343809500,0.5683233,Medium
17381352,0.30209747,Low
371459060,0.32116348,Low
20173836,0.53169227,Medium
42342648,0.47310898,Medium
356743490,0.24489518,Low
18753636,0.505782,Medium
108524688,0.5374739,Medium
11221794,0.4904076,Medium
169272096,0.41394678,Medium
375566156,0.43243814,Medium
214245558,0.33109945,Medium
11230692,0.45037764,Medium
186744252,0.50519633,Medium
191905626,0.46171603,Medium
191039964,0.293217,Low
193376718,0.36503574,Medium
86638962,0.36941865,Medium
46220088,0.43732166,Medium
147830826,0.49874035,Medium
351445304,0.5838228,Medium
108485742,0.5271256,Medium
253542702,0.5876785,Medium
43573956,0.4849944,Medium
163612128,0.3484837,Medium
37362624,0.40284085,Medium
129514596,0.41875228,Medium
63897066,0.24444248,Low
46995792,0.46526852,Medium
364255658,0.53013444,Medium
94420566,0.2812073,Low
256006230,0.35541606,Medium
70504302,0.3132944,Low
271801884,0.57411903,Medium
104115576,0.4861453,Medium
100000446,0.39856437,Medium
164938158,0.37125167,Medium
188378946,0.38356987,Medium
222367434,0.48389733,Medium
406743404,0.23834604,Low
185320926,0.22076038,Low
67730082,0.559829,Medium
307798082,0.75993997,High
165628716,0.4949022,Medium
184398378,0.4882972,Medium
173196102,0.41056,Medium
98489550,0.381382,Medium
73228146,0.5587036,Medium
270608502,0.54958737,Medium
258374652,0.6137179,Medium
98409402,0.22814667,Low
88210428,0.55498844,Medium
156539352,0.38231725,Medium
29974872,0.35528696,Medium
212262876,0.48199326,Medium
186756012,0.3449568,Medium
160947228,0.31451738,Low
124648740,0.67541313,High
107529900,0.3698172,Medium
148980792,0.45021042,Medium
93041856,0.62717664,Medium
60453780,0.31481105,Low
334296116,0.63115066,Medium
134059098,0.33301964,Medium
220413714,0.4083088,Medium
33451254,0.41557223,Medium
286619724,0.69340324,High
74170644,0.29015443,Low
263657976,0.51836187,Medium
78286902,0.33115125,Medium
108026418,0.41444016,Medium
168413664,0.76057965,High
146673390,0.42127225,Medium
40558380,0.25978255,Low
159259044,0.28058764,Low
63515460,0.28024232,Low
204065832,0.39816198,Medium
165525444,0.52105737,Medium
149357910,0.44805196,Medium
92390322,0.56343657,Medium
125696652,0.49891162,Medium
61559280,0.61775213,Medium
139034094,0.3332708,Medium
274900932,0.2857077,Low
71686800,0.39005977,Medium
152945316,0.4842682,Medium
15358140,0.41947076,Medium
154905288,0.2913686,Low
242543874,0.5264626,Medium
154502640,0.30907694,Low
255574842,0.28897008,Low
51725166,0.61297,Medium
180438066,0.37246642,Medium
292092162,0.4821388,Medium
164579874,0.539045,Medium
305516192,0.5785055,Medium
156569286,0.3721582,Medium
241454790,0.481046,Medium
169320378,0.35123637,Medium
270280476,0.3939437,Medium
64221186,0.48562744,Medium
126801096,0.617219,Medium
367308008,0.37846938,Medium
165020694,0.42114842,Medium
77168634,0.23739758,Low
35961078,0.27995542,Low
145599084,0.30311382,Low
107384862,0.45410937,Medium
139618164,0.4927488,Medium
151678296,0.5613021,Medium
171030144,0.5615781,Medium
266302818,0.37751022,Medium
242759334,0.4925437,Medium
137360028,0.5621728,Medium
238949112,0.5347444,Medium
22110126,0.43312323,Medium
265934016,0.5013494,Medium
158583000,0.4307726,Medium
86550588,0.26865423,Low
24466518,0.6251448,Medium
160830636,0.5269988,Medium
42086388,0.28896016,Low
192514704,0.43990657,Medium
140458212,0.5208978,Medium
309618044,0.20567085,Low
77442354,0.53675354,Medium
41857098,0.47744954,Medium
418429670,0.49420914,Medium
290503668,0.4086858,Medium
89868906,0.22278516,Low
91580754,0.76871765,High
171520632,0.43170244,Medium
85375620,0.37799588,Medium
309599618,0.48870945,Medium
9605304,0.46372595,Medium
39060678,0.32328257,Low
159086682,0.72411144,High
120020328,0.5530031,Medium
83691948,0.41964993,Medium
102328794,0.5205579,Medium
190055970,0.502465,Medium
134751624,0.44700137,Medium
380768288,0.3537052,Medium
270238278,0.4534471,Medium
351884324,0.42354006,Medium
183063954,0.50360566,Medium
150668046,0.5017312,Medium
19616004,0.36641484,Medium
48104904,0.73429596,High
200417238,0.50780046,Medium
186090120,0.67527467,High
170831580,0.45858493,Medium
159353334,0.33039495,Medium
399067670,0.3733961,Medium
331375208,0.5230216,Medium
162687750,0.31511736,Low
147727998,0.4613088,Medium
370156712,0.6071197,Medium
331368428,0.552972,Medium
316583984,0.33902407,Medium
205898052,0.42959923,Medium
279264948,0.5194825,Medium
110369370,0.46417943,Medium
163570908,0.4412377,Medium
258815274,0.35041428,Medium
67461294,0.41206256,Medium
156146838,0.40671405,Medium
80040666,0.4165682,Medium
164599920,0.3634572,Medium
296000126,0.7605169,High
71587710,0.3651289,Medium
387267998,0.38814873,Medium
166995012,0.3230891,Low
195636924,0.32342407,Low
138088404,0.44822377,Medium
95039622,0.35239932,Medium
175241478,0.602963,Medium
104257314,0.41922128,Medium
4497762,0.26023594,Low
342572306,0.2611022,Low
176508276,0.2954491,Low
182738334,0.35017362,Medium
211860360,0.59092313,Medium
165005142,0.46669555,Medium
119358822,0.41113573,Medium
140869110,0.60120296,Medium
277966044,0.6080011,Medium
125102472,0.5590833,Medium
240451422,0.76531225,High
30570084,0.37262186,Medium
164095506,0.36501983,Medium
162260526,0.3705764,Medium
20405544,0.4722022,Medium
149097498,0.5440536,Medium
224598528,0.24114719,Low
270329604,0.4883444,Medium
84032994,0.52492166,Medium
183887526,0.348614,Medium
261854520,0.56301856,Medium
156906270,0.35291833,Medium
63117438,0.27944076,Low
171564522,0.32995537,Low
149702064,0.33084387,Medium
68558052,0.35200244,Medium
174949038,0.36427456,Medium
102993936,0.42805743,Medium
80039814,0.22618036,Low
77487948,0.40217015,Medium
16310604,0.44574466,Medium
396757796,0.3666688,Medium
147577866,0.37255552,Medium
94504746,0.31455848,Low
247778748,0.6546681,Medium
259846476,0.33222318,Medium
187068288,0.4435881,Medium
141214794,0.36589205,Medium
18651732,0.423708,Medium
279491124,0.22869366,Low
82224156,0.30648923,Low
41881170,0.44079947,Medium
22312596,0.55868626,Medium
110300346,0.34805134,Medium
82484910,0.38495874,Medium
200412600,0.5232894,Medium
109989420,0.45596388,Medium
181713960,0.74799055,High
112312656,0.82804585,High
61164978,0.39193264,Medium
90512106,0.32566634,Low
45732588,0.51310134,Medium
62310738,0.44654924,Medium
153416340,0.3463223,Medium
400835024,0.49571887,Medium
430896446,0.48594332,Medium
41218536,0.73643625,High
94647330,0.5242184,Medium
87371178,0.2562033,Low
54013500,0.44056344,Medium
10694712,0.55584705,Medium
91679754,0.25789163,Low
82508310,0.3441775,Medium
164510994,0.3109944,Low
61773354,0.44095105,Medium
241156158,0.31177992,Low
122011068,0.22188202,Low
193432398,0.5636386,Medium
138775776,0.6369982,Medium
158000094,0.6062246,Medium
175885332,0.19955376,Low
111843198,0.5317493,Medium
103766328,0.24524502,Low
157302402,0.4475679,Medium
252498072,0.36303133,Medium
130271166,0.3088685,Low
438544304,0.48965517,Medium
67978470,0.48601922,Medium
433715858,0.5268985,Medium
282205416,0.3498866,Medium
160311738,0.7876351,High
174775398,0.48957664,Medium
120577992,0.38123494,Medium
334345184,0.34762704,Medium
144471066,0.45379552,Medium
65019252,0.31282568,Low
97463718,0.5501378,Medium
46388106,0.34628844,Medium
274564914,0.29118267,Low
142003422,0.34067357,Medium
151672716,0.450619,Medium
59338326,0.5172942,Medium
198902280,0.57724863,Medium
415499984,0.3750703,Medium
178317960,0.5201643,Medium
132890148,0.37995085,Medium
55144314,0.7665414,High
111570120,0.3995726,Medium
105536934,0.34492347,Medium
54812652,0.33404034,Medium
4862514,0.24985489,Low
100137606,0.345231,Medium
95116188,0.26497146,Low
307821116,0.6857513,High
374918612,0.45148414,Medium
79948932,0.46343023,Medium
168826374,0.3468823,Medium
148976598,0.41842696,Medium
68775822,0.48784018,Medium
23481840,0.4119299,Medium
180625584,0.4911722,Medium
143712786,0.39403546,Medium
209089056,0.30772898,Low
50064336,0.32399037,Low
104776566,0.22687037,Low
62995974,0.4634723,Medium
153019224,0.3100459,Low
16534860,0.516311,Medium
82342338,0.4387222,Medium
270267246,0.5026257,Medium
226975128,0.5548912,Medium
384337196,0.5097804,Medium
117067134,0.5240823,Medium
161333886,0.4553113,Medium
128019066,0.5300042,Medium
211899426,0.48554468,Medium
99215874,0.19493702,Low
189753882,0.48543364,Medium
38836518,0.5898738,Medium
106951554,0.43410784,Medium
44440248,0.44656816,Medium
120150456,0.34258166,Medium
111310620,0.25008008,Low
83751048,0.40002,Medium
123707346,0.39536694,Medium
122285544,0.81618774,High
274584156,0.4510662,Medium
159648096,0.5207283,Medium
191224722,0.4708674,Medium
55518000,0.59837574,Medium
282273990,0.5949893,Medium
259094136,0.73706347,High
239045826,0.39860702,Medium
72765654,0.4136489,Medium
345485888,0.53992367,Medium
178517928,0.37865993,Medium
211575216,0.5280454,Medium
270801840,0.52071714,Medium
329034380,0.37150967,Medium
199359390,0.59194076,Medium
110260464,0.60091794,Medium
54957270,0.74561244,High
26308908,0.47155973,Medium
132019458,0.39724582,Medium
61330134,0.30212596,Low
85842834,0.8017818,High
164980344,0.6695246,High
313220600,0.5134711,Medium
222905880,0.5119846,Medium
10195068,0.5511178,Medium
129925290,0.55255,Medium
172273272,0.49348968,Medium
146588562,0.33289507,Medium
183695376,0.29529056,Low
248883738,0.55322033,Medium
171296748,0.23871578,Low
237125430,0.45692906,Medium
121670934,0.4063897,Medium
265745058,0.36004406,Medium
383817950,0.45259413,Medium
198201486,0.62560886,Medium
85492566,0.5122041,Medium
51897714,0.32498893,Low
112057968,0.6250401,Medium
150411450,0.5886925,Medium
121249776,0.23859636,Low
149773104,0.31263536,Low
91664718,0.5269444,Medium
79144242,0.34848875,Medium
111758670,0.48087385,Medium
68893356,0.35479805,Medium
97384164,0.41075292,Medium
46973010,0.40716544,Medium
161114544,0.30177787,Low
52359948,0.24875197,Low
124471116,0.2972435,Low
95302776,0.4764136,Medium
59829048,0.49340788,Medium
69551880,0.3277001,Low
292274040,0.58270025,Medium
85602210,0.6280069,Medium
164943780,0.35518664,Medium
159505170,0.50115395,Medium
49793076,0.60102206,Medium
128134674,0.4344351,Medium
41656302,0.5222772,Medium
165689124,0.2222316,Low
140160606,0.28868538,Low
110486454,0.38466394,Medium
197935548,0.500607,Medium
390765206,0.62332445,Medium
22715880,0.35682356,Medium
201100800,0.729921,High
238345770,0.6631364,High
152646828,0.37760043,Medium
219391614,0.5131725,Medium
57698010,0.5077781,Medium
83916066,0.4800186,Medium
119229750,0.7379399,High
306674084,0.42763814,Medium
422007638,0.45435563,Medium
124210704,0.4770968,Medium
178466490,0.37805203,Medium
110533278,0.5945833,Medium
24252936,0.6856944,High
52036296,0.47797105,Medium
320724098,0.61893636,Medium
25996404,0.23101069,Low
59937156,0.35909283,Medium
86911314,0.5053323,Medium
276054552,0.7179914,High
164917446,0.5538011,Medium
265127172,0.4598467,Medium
3413892,0.40694326,Medium
173285442,0.51010394,Medium
241448136,0.49056152,Medium
425027102,0.41295087,Medium
104682750,0.43743765,Medium
157843782,0.39001268,Medium
136221564,0.32523504,Low
85483344,0.3309553,Medium
42836412,0.39702573,Medium
417228428,0.47011784,Medium
236727414,0.54192877,Medium
203675298,0.6125765,Medium
163357836,0.50067395,Medium
108709896,0.41140985,Medium
267574080,0.33961603,Medium
154236570,0.49784076,Medium
46485618,0.33221892,Medium
120968598,0.3474507,Medium
375430604,0.5995746,Medium
145397208,0.61824805,Medium
128812074,0.52229804,Medium
72210162,0.36247876,Medium
162874416,0.53869826,Medium
26658906,0.607391,Medium
234303876,0.6227278,Medium
63062688,0.557852,Medium
6797352,0.35230288,Medium
236400438,0.29686025,Low
441950918,0.54713416,Medium
190455036,0.5762164,Medium
101375304,0.4938794,Medium
110371308,0.5914884,Medium
166212228,0.26409426,Low
50956032,0.40472177,Medium
230293128,0.41148618,Medium
25182996,0.45011514,Medium
144488448,0.4002988,Medium
85802160,0.42186686,Medium
95737812,0.6280562,Medium
195623388,0.52667695,Medium
53889348,0.46358865,Medium
93145482,0.3973548,Medium
148449156,0.3235807,Low
103563690,0.5988857,Medium
160297260,0.59375477,Medium
155565792,0.5970676,Medium
293666420,0.6118037,Medium
114467682,0.26670492,Low
231315570,0.45370662,Medium
436175462,0.50139415,Medium
51877896,0.53995657,Medium
198950868,0.5164523,Medium
101324418,0.67873716,High
109912134,0.85385007,High
5505486,0.4865879,Medium
158366220,0.48389253,Medium
164003694,0.5670692,Medium
287499228,0.53521675,Medium
181622850,0.47618768,Medium
63929568,0.54338974,Medium
222862002,0.5697116,Medium
290534850,0.6032325,Medium
24785094,0.5626521,Medium
144471384,0.48835444,Medium
97063080,0.7580405,High
105859008,0.55551696,Medium
34153104,0.44026563,Medium
237593910,0.37246236,Medium
155563152,0.39600915,Medium
37348206,0.46011722,Medium
107187636,0.45492828,Medium
283661670,0.47105077,Medium
123423522,0.3325375,Medium
123825240,0.6715012,High
147745272,0.57404125,Medium
87724380,0.43485343,Medium
222098934,0.5902043,Medium
150089904,0.42810476,Medium
19922112,0.38350794,Medium
238617834,0.45245785,Medium
157030686,0.34780675,Medium
202932090,0.4284819,Medium
69121914,0.5455907,Medium
75118020,0.1581948,Low
159275334,0.542259,Medium
160103010,0.42798772,Medium
289812732,0.4689064,Medium
97225806,0.3044127,Low
130519392,0.28761134,Low
268735272,0.24526711,Low
138491898,0.5312178,Medium
28367838,0.20544972,Low
105422436,0.7369312,High
145390110,0.3938204,Medium
131336370,0.5098548,Medium
224590002,0.52327216,Medium
374343596,0.53159285,Medium
213288306,0.55732805,Medium
61656432,0.46241298,Medium
120561138,0.5877713,Medium
40205142,0.41629353,Medium
26646570,0.5107113,Medium
239504748,0.5768117,Medium
99728496,0.32825992,Low
196170654,0.27620238,Low
170108946,0.44964007,Medium
57742848,0.40911442,Medium
110486724,0.4877898,Medium
28529988,0.4148246,Medium
96918234,0.3143868,Low
169100334,0.5271632,Medium
161217702,0.45381692,Medium
88473456,0.5253588,Medium
36687834,0.47027835,Medium
205119492,0.2348729,Low
62456538,0.38668376,Medium
241293234,0.51963055,Medium
143266734,0.5064177,Medium
288228174,0.41736385,Medium
138826326,0.6725421,High
174963198,0.3148862,Low
225724338,0.26355064,Low
262211208,0.22428967,Low
294252050,0.5855998,Medium
235646394,0.52308875,Medium
117732228,0.35100174,Medium
111476298,0.4179537,Medium
65321568,0.5053988,Medium
164595702,0.36707976,Medium
106061052,0.32925493,Low
7497384,0.6891406,High
111533016,0.2448508,Low
112468920,0.387709,Medium
146977896,0.4290684,Medium
110060916,0.28758228,Low
140431530,0.36684662,Medium
39619656,0.35433656,Medium
127802346,0.349828,Medium
372048212,0.5987227,Medium
155510448,0.45403707,Medium
151203060,0.35472476,Medium
122062224,0.37178302,Medium
81704250,0.4605159,Medium
95595270,0.44156834,Medium
49282392,0.42750973,Medium
84250422,0.39515865,Medium
47336136,0.46960497,Medium
29983290,0.5309881,Medium
185160336,0.41563585,Medium
267285588,0.54839915,Medium
178667154,0.31235695,Low
73547262,0.3098306,Low
155367360,0.48277968,Medium
161135496,0.5878739,Medium
246918828,0.37820187,Medium
175251270,0.294345,Low
52346688,0.4391379,Medium
210653094,0.54766846,Medium
151930806,0.31501415,Low
280487754,0.6333463,Medium
163893714,0.6138104,Medium
146516952,0.43185923,Medium
262366146,0.4210922,Medium
72756432,0.3659186,Medium
364404080,0.52857083,Medium
237600576,0.3292813,Low
25339488,0.57197165,Medium
15980244,0.36404988,Medium
378979934,0.28991166,Low
71631942,0.4449712,Medium
358961966,0.55171347,Medium
196293948,0.47658852,Medium
334868594,0.7137259,High
132881778,0.4191803,Medium
120950808,0.23357937,Low
193378248,0.35615486,Medium
108110244,0.3963651,Medium
176009334,0.3857202,Medium
394898006,0.79941946,High
51725802,0.48221913,Medium
442588730,0.27875558,Low
140085396,0.63998634,Medium
149720442,0.43369022,Medium
94545594,0.5857164,Medium
78491370,0.5687906,Medium
296707664,0.4117416,Medium
418978292,0.27140027,Low
19828020,0.42838764,Medium
141866346,0.8101437,High
284712966,0.39376548,Medium
208781304,0.36832857,Medium
328505180,0.3429413,Medium
115356606,0.31044224,Low
229868442,0.48113897,Medium
300872702,0.71590906,High
105979416,0.5200224,Medium
278909796,0.28606158,Low
157742238,0.4720213,Medium
175653414,0.52909374,Medium
58782366,0.3753452,Medium
231003408,0.54065394,Medium
73730532,0.4980505,Medium
226933458,0.290007,Low
157885590,0.5549926,Medium
13175082,0.42007488,Medium
390755108,0.39927462,Medium
10412658,0.3505387,Medium
191820990,0.417043,Medium
172300386,0.5920395,Medium
213265776,0.55781245,Medium
128456814,0.78063333,High
244163982,0.7629226,High
48386118,0.49121797,Medium
214111938,0.5763857,Medium
42999954,0.6271196,Medium
132409668,0.60573035,Medium
124576008,0.61095834,Medium
215961564,0.35368046,Medium
302545484,0.63209707,Medium
171413154,0.5512989,Medium
150391452,0.11733641,Low
69769560,0.5837843,Medium
61525824,0.5609363,Medium
134619366,0.5679686,Medium
150600174,0.458843,Medium
23612862,0.37045485,Medium
121719012,0.3383006,Medium
265242390,0.30812734,Low
133015314,0.4402632,Medium
382000370,0.15740746,Low
368539040,0.43956384,Medium
107414874,0.6232303,Medium
133321044,0.2732965,Low
164765988,0.600581,Medium
152918946,0.088651635,Low
191336208,0.4703168,Medium
54397632,0.41458353,Medium
187942932,0.476855,Medium
78525948,0.39697945,Medium
57814482,0.6049566,Medium
68456628,0.3373611,Medium
132139212,0.5376548,Medium
125525730,0.53509504,Medium
8576406,0.56263244,Medium
186075150,0.23834951,Low
108283308,0.7919689,High
150055392,0.1447245,Low
147328998,0.35081986,Medium
233474310,0.5789421,Medium
151617036,0.46317926,Medium
443841992,0.395512,Medium
68815914,0.6057135,Medium
141035808,0.2783593,Low
27012624,0.52054423,Medium
242794896,0.5119673,Medium
220196310,0.23818578,Low
432596444,0.381428,Medium
198320916,0.41920152,Medium
168453612,0.25426129,Low
25014186,0.37329274,Medium
155352474,0.47028854,Medium
33239592,0.29749197,Low
214509912,0.4546423,Medium
423270140,0.3042118,Low
248642220,0.39593694,Medium
69324996,0.67928714,High
241475352,0.53482926,Medium
53016618,0.50469124,Medium
169177530,0.28248224,Low
117880776,0.12237892,Low
132826032,0.42527172,Medium
212901510,0.5583881,Medium
154760742,0.62637395,Medium
130677210,0.31047294,Low
253338126,0.30208427,Low
108729846,0.6093637,Medium
205740138,0.5434008,Medium
142680882,0.24111891,Low
74990898,0.23820353,Low
131691174,0.26108804,Low
131898114,0.43731532,Medium
110291538,0.5244299,Medium
54465000,0.5479937,Medium
13670784,0.5254863,Medium
152048910,0.7633145,High
94042650,0.18655692,Low
94862124,0.28097004,Low
50221440,0.36967587,Medium
67108260,0.39694867,Medium
439020524,0.52748567,Medium
76797702,0.29406968,Low
190565562,0.33161435,Medium
170729016,0.33502474,Medium
127831488,0.32567528,Low
10919574,0.49319062,Medium
112911462,0.7440084,High
14146716,0.23054232,Low
219690054,0.4310683,Medium
59607006,0.36109492,Medium
213918330,0.6127783,Medium
81836604,0.46552688,Medium
159806994,0.25904736,Low
163616400,0.48120147,Medium
173934774,0.78618693,High
257028450,0.34210405,Medium
191423394,0.56270105,Medium
225609072,0.53211987,Medium
72843114,0.4073583,Medium
163688826,0.76515096,High
266190138,0.3764271,Medium
241740066,0.49483585,Medium
162470634,0.5163208,Medium
114235608,0.7057304,High
209506272,0.24860515,Low
133996908,0.64491427,Medium
211895862,0.36673677,Medium
178746348,0.42769292,Medium
5893320,0.5406457,Medium
88837776,0.3623841,Medium
274192668,0.47070068,Medium
178998072,0.45306662,Medium
96318678,0.40949583,Medium
154106244,0.41108617,Medium
34545918,0.38813812,Medium
158483832,0.4551205,Medium
32639118,0.31799695,Low
35960988,0.55040693,Medium
55140828,0.5057616,Medium
167758848,0.1392183,Low
316617998,0.42920622,Medium
67727394,0.5459795,Medium
183188328,0.18220109,Low
75697866,0.55250454,Medium
164580408,0.45593962,Medium
166583676,0.6332871,Medium
110379972,0.36929047,Medium
107854458,0.4058391,Medium
61528596,0.49809504,Medium
59847456,0.50457335,Medium
164857932,0.3998923,Medium
31567332,0.367145,Medium
129702834,0.5214612,Medium
172122030,0.4085238,Medium
169805682,0.40066782,Medium
274124856,0.45976835,Medium
24897390,0.45616144,Medium
73578,0.49006,Medium
271381632,0.36172044,Medium
243672738,0.5477221,Medium
358541822,0.67355204,High
196163010,0.5630059,Medium
300831620,0.61348695,Medium
252395736,0.29689607,Low
630342,0.53055006,Medium
90863394,0.4304759,Medium
103001604,0.393937,Medium
78176106,0.7707104,High
106990488,0.56837463,Medium
114481584,0.5324621,Medium
192060750,0.44108447,Medium
280443510,0.3756583,Medium
317321210,0.58852196,Medium
44863680,0.49222878,Medium
131884680,0.3865079,Medium
189009090,0.2849181,Low
76378128,0.34219885,Medium
141209136,0.41576234,Medium
51032436,0.34839636,Medium
71003598,0.53170294,Medium
104724084,0.5379144,Medium
172174194,0.32730478,Low
146717592,0.34415105,Medium
19585578,0.531925,Medium
104068764,0.35458845,Medium
94438518,0.31820774,Low
97295424,0.268713,Low
289052982,0.40800297,Medium
160999806,0.82998765,High
175216218,0.46561068,Medium
225338760,0.5664663,Medium
233842008,0.33793783,Medium
19038486,0.47529855,Medium
64092372,0.63913816,Medium
400753904,0.4177192,Medium
108781302,0.5781018,Medium
241446072,0.6240844,Medium
47004636,0.39355525,Medium
355460768,0.37071484,Medium
78489480,0.27155367,Low
155443134,0.5386896,Medium
434372630,0.324679,Low
267557436,0.3865605,Medium
316646186,0.41195664,Medium
198762210,0.48631337,Medium
40575756,0.4816635,Medium
106935678,0.30731693,Low
97137162,0.3726261,Medium
190459740,0.48911756,Medium
258656760,0.3956689,Medium
413218826,0.43137723,Medium
209261412,0.3774497,Medium
129448614,0.62638104,Medium
10884150,0.2479115,Low
118738182,0.45006603,Medium
227768988,0.4306037,Medium
107301534,0.26072827,Low
142366626,0.58142555,Medium
122335500,0.1991377,Low
22949178,0.44151387,Medium
243621654,0.4784275,Medium
124629180,0.5518844,Medium
118177818,0.3138089,Low
132630504,0.41715407,Medium
81629106,0.37902436,Medium
112307700,0.7021119,High
121410018,0.5078592,Medium
213632508,0.6011773,Medium
129298446,0.5321459,Medium
258591336,0.5033874,Medium
83228682,0.34799334,Medium
152435778,0.8448165,High
303156074,0.6087321,Medium
171224844,0.45190254,Medium
330286946,0.53651655,Medium
226147812,0.34519127,Medium
346048298,0.37377015,Medium
146725578,0.5126255,Medium
162880866,0.5125325,Medium
84327942,0.5874117,Medium
159477168,0.44863492,Medium
169750842,0.24977359,Low
171064224,0.25144565,Low
172427682,0.69548553,High
73924824,0.44431338,Medium
139806102,0.5279212,Medium
62321658,0.71121085,High
232256334,0.33826837,Medium
268720974,0.46101025,Medium
423860840,0.56623846,Medium
339661466,0.62147826,Medium
36742854,0.3932164,Medium
116122338,0.4315603,Medium
111365040,0.37430882,Medium
123318264,0.40426254,Medium
170502462,0.6977308,High
106631262,0.4970514,Medium
187298964,0.6137222,Medium
123655218,0.42423216,Medium
108243372,0.369896,Medium
90655836,0.5357344,Medium
161266110,0.4610854,Medium
83831928,0.4528238,Medium
163607310,0.61447793,Medium
46211760,0.43454492,Medium
128261808,0.6041196,Medium
109383252,0.26183954,Low
154368288,0.49119973,Medium
94919640,0.5908545,Medium
365562374,0.37810838,Medium
51883632,0.3234083,Low
214943676,0.08895329,Low
4892538,0.3860442,Medium
43116216,0.60947216,Medium
133340646,0.42808482,Medium
196797936,0.30877194,Low
171414378,0.54927605,Medium
256830330,0.2988107,Low
159637158,0.44030204,Medium
21459528,0.62059695,Medium
126520770,0.3025145,Low
86557590,0.55227983,Medium
185663064,0.5958176,Medium
436673018,0.40188822,Medium
270114618,0.34776673,Medium
70704990,0.33463728,Medium
47889048,0.3789525,Medium
220774488,0.3541055,Medium
167725992,0.35770443,Medium
89441784,0.4324373,Medium
177900804,0.42047647,Medium
246778302,0.4850804,Medium
175960476,0.33017224,Medium
125014986,0.3550407,Medium
91724592,0.4738674,Medium
95206182,0.56835514,Medium
35713218,0.5575118,Medium
277207482,0.638187,Medium
88162260,0.31936595,Low
317229698,0.58162856,Medium
131990430,0.37027633,Medium
307175348,0.32020485,Low
84685848,0.4028968,Medium
122943018,0.41468525,Medium
86365626,0.36667842,Medium
141348804,0.4839544,Medium
141125364,0.57037246,Medium
270921960,0.76834023,High
163291206,0.6462122,Medium
58402524,0.4638005,Medium
27034842,0.3410001,Medium
121941462,0.5304277,Medium
161952714,0.4809198,Medium
5189298,0.49000385,Medium
156178626,0.26081818,Low
177865248,0.41659018,Medium
207901560,0.52131605,Medium
118727292,0.26190004,Low
229648002,0.5150157,Medium
218115516,0.612766,Medium
197285292,0.2533278,Low
49144170,0.52390814,Medium
364903442,0.5567678,Medium
67561506,0.43156785,Medium
105841332,0.38504818,Medium
228863340,0.5613606,Medium
425599832,0.3547051,Medium
142723236,0.4558699,Medium
248777016,0.47352558,Medium
103040670,0.1708542,Low
243202902,0.59523666,Medium
13330092,0.34688014,Medium
128064768,0.3185962,Low
194351424,0.3681399,Medium
247653150,0.51727873,Medium
189938970,0.5790814,Medium
64003092,0.3297693,Low
71001054,0.6338004,Medium
98503398,0.49240232,Medium
170822238,0.2626166,Low
34279590,0.60221994,Medium
154742028,0.5778264,Medium
384884498,0.5395836,Medium
123216798,0.17498295,Low
19422636,0.53537154,Medium
149738046,0.32947496,Low
72345690,0.45859686,Medium
178294902,0.68368876,High
191116584,0.3961074,Medium
360840422,0.5564188,Medium
186537306,0.48807797,Medium
239404218,0.5376565,Medium
61077300,0.5743498,Medium
403142978,0.42499778,Medium
360892076,0.6912319,High
281252466,0.54511845,Medium
73662594,0.34468475,Medium
209341038,0.49040884,Medium
216890682,0.5517582,Medium
397860770,0.49021155,Medium
240090342,0.26770574,Low
77544624,0.3273522,Low
11665698,0.54986185,Medium
173449878,0.49621558,Medium
96636648,0.49042064,Medium
87293388,0.32973474,Low
395581118,0.48993602,Medium
93334944,0.37413535,Medium
211902564,0.47337264,Medium
166900404,0.32718998,Low
108090096,0.28381315,Low
71053272,0.618607,Medium
166570308,0.55241185,Medium
193611810,0.35714337,Medium
140169012,0.6708051,High
78486636,0.22344393,Low
64207002,0.48971954,Medium
138860004,0.4680808,Medium
110209044,0.36706996,Medium
169003170,0.38701203,Medium
126159630,0.32833463,Low
237987120,0.67533594,High
317259668,0.26734972,Low
422008886,0.54514617,Medium
407905220,0.28808087,Low
155392608,0.39810094,Medium
219737298,0.255534,Low
106644876,0.4429947,Medium
292028802,0.38605568,Medium
115771554,0.5805525,Medium
61319010,0.37074825,Medium
83852562,0.62163097,Medium
24186138,0.4870941,Medium
139912218,0.48406813,Medium
17728344,0.5019685,Medium
304839938,0.3581394,Medium
327255062,0.4790084,Medium
141721506,0.30050984,Low
86391480,0.30316502,Low
75621552,0.5751916,Medium
269095512,0.27799326,Low
5970528,0.42614594,Medium
35581644,0.6512315,Medium
22908036,0.64426905,Medium
234037806,0.3122821,Low
99299094,0.6588927,Medium
35723370,0.5618824,Medium
164343258,0.40659496,Medium
142851324,0.55459166,Medium
233346168,0.52976155,Medium
408560666,0.60672826,Medium
159693570,0.62646943,Medium
84066660,0.43008852,Medium
413814326,0.34044206,Medium
87227484,0.09811181,Low
183681828,0.43427542,Medium
270036762,0.5574604,Medium
30572334,0.32597548,Low
71323044,0.6287553,Medium
93561306,0.5641718,Medium
166003944,0.32477158,Low
151130364,0.39313233,Medium
159634440,0.38094744,Medium
178001562,0.3329049,Medium
238612212,0.36363724,Medium
40237212,0.6028426,Medium
138884688,0.40472552,Medium
123902838,0.47083357,Medium
340231580,0.4978434,Medium
292902714,0.23705697,Low
166850898,0.54290766,Medium
95482698,0.32964543,Low
184539846,0.43655807,Medium
103475952,0.44463018,Medium
139107798,0.6955166,High
276987276,0.45826876,Medium
148702710,0.5449133,Medium
277927728,0.499286,Medium
105749130,0.63808924,Medium
83045466,0.439287,Medium
272123328,0.40081978,Medium
174501132,0.591945,Medium
43452396,0.43600604,Medium
84505314,0.49791932,Medium
167650392,0.69178396,High
343140320,0.8201295,High
60506598,0.5193257,Medium
386078462,0.3745727,Medium
141207198,0.3508612,Medium
79718712,0.4334708,Medium
153693438,0.43520755,Medium
375437078,0.54902786,Medium
111570132,0.30191863,Low
15798864,0.37356865,Medium
49027770,0.5023148,Medium
76580370,0.3080936,Low
53621976,0.4034733,Medium
277647330,0.339827,Medium
105804804,0.48633987,Medium
30569586,0.5247999,Medium
63503712,0.6090109,Medium
172127448,0.5070139,Medium
40200894,0.62710536,Medium
249254010,0.416545,Medium
127389186,0.34860635,Medium
170114586,0.4370826,Medium
105370968,0.44335362,Medium
21570294,0.3800125,Medium
314266004,0.4242612,Medium
254510478,0.3119914,Low
158994996,0.42622536,Medium
157013592,0.3808989,Medium
8620524,0.35873932,Medium
185535582,0.42959452,Medium
82902372,0.39118066,Medium
97843080,0.4332949,Medium
358426322,0.37731943,Medium
26331546,0.3648531,Medium
59189094,0.23599477,Low
158054562,0.48661792,Medium
76239036,0.41485202,Medium
171511158,0.36834952,Medium
106547568,0.61936235,Medium
166004970,0.33166394,Medium
191454648,0.71028537,High
205976664,0.42203954,Medium
18655626,0.47303528,Medium
186233586,0.39728802,Medium
63651756,0.46645412,Medium
106483746,0.5072019,Medium
276903042,0.46569616,Medium
155684952,0.48968473,Medium
176715228,0.52892727,Medium
65279844,0.31582743,Low
139158240,0.25079465,Low
151027788,0.39307305,Medium
11756178,0.6235486,Medium
273341664,0.3890438,Medium
75876030,0.43499395,Medium
87442488,0.48860654,Medium
86540976,0.35788113,Medium
231351780,0.15809537,Low
145175292,0.35074168,Medium
387308738,0.6338722,Medium
377902454,0.44445598,Medium
220199226,0.6041323,Medium
165407670,0.28818712,Low
115692774,0.3338444,Medium
350282162,0.4431883,Medium
146853918,0.2698369,Low
209808678,0.44725037,Medium
372022640,0.466768,Medium
118363752,0.68043494,High
48512946,0.5646204,Medium
127589664,0.35640472,Medium
276357024,0.4117111,Medium
393261344,0.437435,Medium
288962028,0.25160947,Low
130631724,0.6382133,Medium
199777596,0.50797427,Medium
149672184,0.34854245,Medium
328374080,0.37175646,Medium
287708622,0.2881178,Low
20288436,0.56436324,Medium
151569672,0.43322748,Medium
187822926,0.42989287,Medium
35445660,0.5376762,Medium
148261716,0.33746484,Medium
333710108,0.4159249,Medium
180243798,0.63588524,Medium
189171834,0.38081416,Medium
72005406,0.39378744,Medium
254765946,0.39257446,Medium
184748706,0.6153057,Medium
208770510,0.34247157,Medium
170301810,0.53790045,Medium
162968478,0.5883772,Medium
207971370,0.65182984,Medium
86846982,0.63942355,Medium
280939230,0.3841649,Medium
127025694,0.39307228,Medium
269440878,0.37648606,Medium
224526012,0.4210285,Medium
61259484,0.5285632,Medium
418556690,0.47570378,Medium
213502980,0.51416117,Medium
122399178,0.6389869,Medium
217523118,0.42602462,Medium
252935430,0.31242302,Low
144336396,0.4854854,Medium
31295010,0.37617514,Medium
348370154,0.32992738,Low
243429618,0.5175429,Medium
92945598,0.4131687,Medium
338986946,0.3335179,Medium
315556382,0.48867747,Medium
93329556,0.29409605,Low
100684698,0.24949433,Low
48222798,0.46137425,Medium
131836512,0.49262825,Medium
272892954,0.32686204,Low
74480934,0.46542728,Medium
90652272,0.45624548,Medium
14270502,0.7095446,High
427921556,0.45742923,Medium
160927476,0.55657136,Medium
252555480,0.4980741,Medium
150458394,0.27606067,Low
170378406,0.3257394,Low
244275468,0.18151665,Low
96793110,0.6159437,Medium
250472130,0.36331633,Medium
162998718,0.5577816,Medium
108497244,0.58181053,Medium
160038234,0.3989027,Medium
278121462,0.5563702,Medium
22357050,0.39332223,Medium
221787444,0.33139762,Medium
266456598,0.43847233,Medium
282307830,0.47964028,Medium
184405266,0.54673,Medium
25437570,0.5716928,Medium
126898932,0.6195071,Medium
206754948,0.42072186,Medium
79469358,0.17205396,Low
370263170,0.6747511,High
146940492,0.32015532,Low
145749414,0.4603477,Medium
41157012,0.8144464,High
74863320,0.38929838,Medium
66661398,0.4318828,Medium
31730352,0.5387611,Medium
282625194,0.0988491,Low
230060238,0.6035743,Medium
224194812,0.59280837,Medium
240875658,0.30684805,Low
277376328,0.289314,Low
73770888,0.5982827,Medium
366650714,0.44124752,Medium
19844814,0.5908599,Medium
132579402,0.5015109,Medium
79057386,0.52615017,Medium
137677290,0.5374504,Medium
118909056,0.5750056,Medium
234867102,0.268054,Low
107097828,0.5384745,Medium
145954230,0.31050852,Low
131658732,0.5242825,Medium
212703798,0.6414134,Medium
243323028,0.5339008,Medium
41366874,0.40516275,Medium
4573914,0.3032722,Low
51903714,0.34685624,Medium
101068896,0.43809885,Medium
68663826,0.4277253,Medium
131267340,0.5345552,Medium
89035518,0.5639248,Medium
78019854,0.5698002,Medium
53666292,0.40602648,Medium
365476598,0.5336491,Medium
157364082,0.38870937,Medium
26954208,0.37686038,Medium
41744244,0.5662297,Medium
73660884,0.4333639,Medium
191876184,0.53671664,Medium
145247322,0.38319942,Medium
16836696,0.6911068,High
291488664,0.24704696,Low
176980926,0.599995,Medium
280305840,0.51449484,Medium
167006064,0.5997422,Medium
436765574,0.49330974,Medium
100696260,0.34561127,Medium
284860512,0.7417053,High
61433526,0.48116314,Medium
110644620,0.37842503,Medium
18153918,0.36949566,Medium
53085336,0.3099261,Low
279102612,0.5237121,Medium
137872056,0.33012447,Medium
81067698,0.6011167,Medium
55164114,0.25053853,Low
248251806,0.20927556,Low
184136784,0.5091137,Medium
203658660,0.45257995,Medium
81294012,0.566468,Medium
417292610,0.3176613,Low
16737294,0.5872781,Medium
48805548,0.4681045,Medium
87163854,0.3445055,Medium
130543602,0.5048093,Medium
167738790,0.37200716,Medium
279224700,0.28943732,Low
46842432,0.53195405,Medium
176611254,0.5173794,Medium
360795374,0.52306056,Medium
328400042,0.6170725,Medium
149886822,0.5604389,Medium
3419166,0.3132827,Low
168345312,0.31466007,Low
151683702,0.46599898,Medium
95346378,0.50259674,Medium
150608916,0.487601,Medium
95406258,0.38831058,Medium
154960278,0.59807247,Medium
167479806,0.30567768,Low
54781764,0.42221197,Medium
15344052,0.49958038,Medium
310753304,0.43040583,Medium
228469644,0.46595424,Medium
272379414,0.4634531,Medium
430880984,0.4571596,Medium
16748394,0.48888668,Medium
197395986,0.19914854,Low
70379046,0.5576813,Medium
25547874,0.4191241,Medium
268507608,0.49011636,Medium
49656192,0.42002952,Medium
170232828,0.2700113,Low
284996712,0.24292842,Low
42667050,0.38227314,Medium
142249452,0.3756786,Medium
276036732,0.31666994,Low
300729674,0.57677114,Medium
6804738,0.50315297,Medium
77161296,0.51801264,Medium
94295814,0.4706745,Medium
388970366,0.50378835,Medium
149585880,0.5436184,Medium
196199226,0.25978243,Low
222293856,0.7613933,High
100463394,0.37080467,Medium
49418748,0.27949485,Low
150725520,0.36627093,Medium
69933138,0.5952519,Medium
165762018,0.3809299,Medium
34779534,0.6234637,Medium
66162978,0.18510464,Low
27915870,0.6472022,Medium
42616620,0.49486282,Medium
273645954,0.5796908,Medium
223191978,0.26540217,Low
224496210,0.28814653,Low
153808296,0.4721113,Medium
262074642,0.44072434,Medium
7556418,0.39986256,Medium
119026476,0.6100806,Medium
20627442,0.28944284,Low
132513138,0.3929906,Medium
158311014,0.4843584,Medium
229094634,0.2649185,Low
234420510,0.39505637,Medium
112229280,0.4857991,Medium
95202846,0.3491775,Medium
240956622,0.53543323,Medium
137771496,0.38665006,Medium
18414984,0.41240138,Medium
55908738,0.46943986,Medium
339624188,0.3067828,Low
214790586,0.3075887,Low
424949456,0.40540835,Medium
11488890,0.5301828,Medium
203719008,0.6287197,Medium
63182454,0.32556817,Low
306598004,0.26644894,Low
174301788,0.7439447,High
98227896,0.50856906,Medium
59829900,0.5970798,Medium
54833988,0.25754708,Low
109601268,0.24367236,Low
134971254,0.57721335,Medium
97899420,0.45398316,Medium
108111078,0.5377149,Medium
156678372,0.30842298,Low
373671722,0.5410678,Medium
326114834,0.58787006,Medium
45604410,0.42242387,Medium
201004302,0.34996757,Medium
443222108,0.4895707,Medium
92475612,0.8136261,High
148193502,0.37396803,Medium
102150108,0.28136212,Low
173636676,0.23734023,Low
191467656,0.5739147,Medium
71117022,0.42236567,Medium
154141356,0.44175455,Medium
164796564,0.5659461,Medium
32116110,0.41080606,Medium
65843862,0.2831713,Low
173561514,0.65665466,Medium
416141552,0.3933904,Medium
156009192,0.49834457,Medium
47541828,0.51255774,Medium
111616194,0.22782516,Low
278199618,0.4515282,Medium
95815278,0.2730022,Low
46577844,0.5674037,Medium
140418636,0.33463314,Medium
160459902,0.5750796,Medium
157336050,0.31686154,Low
245405040,0.30099136,Low
29921826,0.40921932,Medium
137106480,0.5715486,Medium
424332860,0.28008968,Low
156535422,0.35657856,Medium
197232198,0.33344644,Medium
96519168,0.58626735,Medium
106484436,0.46651262,Medium
184656810,0.6229258,Medium
94963404,0.41562206,Medium
3557748,0.36742583,Medium
52661520,0.54408866,Medium
224096100,0.44556236,Medium
54655416,0.36766726,Medium
162389808,0.47125465,Medium
121058562,0.28818578,Low
337198154,0.5154355,Medium
9245376,0.39578167,Medium
151615020,0.32966483,Low
162975420,0.41226077,Medium
62818956,0.6002854,Medium
129076266,0.72114223,High
235654188,0.78802854,High
43138686,0.51049876,Medium
59760498,0.3970141,Medium
105578640,0.52815735,Medium
183735036,0.61596334,Medium
282274272,0.50659156,Medium
55890342,0.40398893,Medium
211946238,0.36925414,Medium
29139654,0.35959592,Medium
127758426,0.39742264,Medium
210837720,0.34324506,Medium
44843658,0.48917833,Medium
156039612,0.5761071,Medium
3413556,0.3516885,Medium
183186462,0.4188922,Medium
108154764,0.3844029,Medium
392002016,0.49628833,Medium
17086806,0.31401226,Low
29622804,0.46003363,Medium
182370780,0.6277996,Medium
414401258,0.37597042,Medium
107307546,0.37847432,Medium
142656600,0.43587017,Medium
143213466,0.5812625,Medium
109911414,0.52948153,Medium
200628042,0.5412424,Medium
37365450,0.49970627,Medium
136452990,0.44666785,Medium
122403120,0.44630155,Medium
155184696,0.6825444,High
421329260,0.49395323,Medium
6932958,0.37884045,Medium
82425822,0.5121682,Medium
163030560,0.5325213,Medium
102136824,0.26897615,Low
64005240,0.5642708,Medium
122906580,0.27349514,Low
334227686,0.54264116,Medium
254744742,0.2976991,Low
151405854,0.42740887,Medium
83821734,0.6096793,Medium
288520284,0.40338814,Medium
220077252,0.31658453,Low
251338206,0.5663758,Medium
173688150,0.5000274,Medium
105697326,0.71500343,High
372014528,0.6113035,Medium
17785530,0.22772017,Low
287912388,0.5893171,Medium
255771000,0.53879005,Medium
48494022,0.42755345,Medium
183523320,0.5621104,Medium
219782400,0.359985,Medium
371955008,0.43252653,Medium
55352082,0.4005087,Medium
61162410,0.60226786,Medium
247008684,0.24270935,Low
341978456,0.29850286,Low
178296876,0.5982693,Medium
112770570,0.64472675,Medium
389610842,0.45554578,Medium
196320804,0.80264753,High
152899650,0.51721007,Medium
288190440,0.3224576,Low
424391978,0.5591909,Medium
232180146,0.4072233,Medium
330779246,0.39315405,Medium
111292926,0.37681624,Medium
42145806,0.56146663,Medium
162002022,0.103866056,Low
280800168,0.47023422,Medium
140709762,0.43585008,Medium
239202546,0.2211603,Low
163765110,0.4324812,Medium
115802148,0.38024935,Medium
145644042,0.54319793,Medium
289023726,0.5752987,Medium
138779532,0.42224568,Medium
161930484,0.60902464,Medium
41398788,0.40025473,Medium
13174704,0.25293204,Low
245629110,0.36250314,Medium
163757922,0.46321598,Medium
183404892,0.54973733,Medium
132464328,0.52741545,Medium
114033678,0.35246614,Medium
258537360,0.22230208,Low
150378486,0.46725348,Medium
55005870,0.47809452,Medium
4361868,0.4554902,Medium
174692298,0.39020732,Medium
326711666,0.44971633,Medium
35843478,0.5006345,Medium
37332630,0.3841407,Medium
177451686,0.4499014,Medium
220940982,0.42997968,Medium
97372812,0.60129535,Medium
391907378,0.39760253,Medium
121298976,0.41977906,Medium
137878980,0.45109898,Medium
48260454,0.5407617,Medium
371373632,0.49790382,Medium
237648516,0.42645323,Medium
239619228,0.40042555,Medium
393169022,0.34391138,Medium
133158624,0.39661422,Medium
370840322,0.43447614,Medium
32077332,0.4170092,Medium
45601800,0.3866584,Medium
124336602,0.41296822,Medium
152794902,0.40047693,Medium
80038056,0.4501156,Medium
360855824,0.35198292,Medium
312494990,0.36520118,Medium
126058962,0.43606198,Medium
106843092,0.3602178,Medium
81835470,0.421797,Medium
403694180,0.64499843,Medium
142241154,0.23216474,Low
197684982,0.6000724,Medium
278028924,0.43832308,Medium
103226904,0.49149612,Medium
123114276,0.5412782,Medium
80651292,0.14563608,Low
91546776,0.29929096,Low
136574016,0.22987309,Low
380217296,0.51446885,Medium
74646642,0.504125,Medium
54625374,0.60604304,Medium
34508400,0.7176242,High
6395592,0.4999671,Medium
128457168,0.332485,Medium
147901968,0.33676055,Medium
79156500,0.30212322,Low
42926058,0.78844863,High
157070394,0.33922672,Medium
164380500,0.8441089,High
379045322,0.28139368,Low
186452148,0.46067694,Medium
133748142,0.3687921,Medium
101079600,0.44407082,Medium
334305110,0.28477362,Low
118979124,0.7069134,High
165280590,0.3240616,Low
181854888,0.5185324,Medium
35200944,0.23639716,Low
301957682,0.63833773,Medium
69778350,0.40516588,Medium
221058312,0.2985405,Low
142469184,0.5552739,Medium
129643848,0.4456827,Medium
206407998,0.3391941,Medium
94891368,0.49650866,Medium
60019842,0.41961166,Medium
241756062,0.29878053,Low
180818634,0.33508635,Medium
94496934,0.4663236,Medium
210817782,0.56764346,Medium
62761254,0.44576594,Medium
115507872,0.28561863,Low
124548054,0.49935997,Medium
251639394,0.39265716,Medium
167626380,0.3656192,Medium
272886504,0.7021991,High
246044490,0.48051414,Medium
205692318,0.44007567,Medium
174357360,0.6252048,Medium
106880430,0.40875065,Medium
159263868,0.7327112,High
138257316,0.52851963,Medium
160003056,0.5740811,Medium
256775682,0.5310924,Medium
156551202,0.37442446,Medium
226748574,0.4680397,Medium
52494180,0.62312526,Medium
62105538,0.14224088,Low
107614836,0.75706124,High
61474620,0.3246612,Low
81544788,0.2980538,Low
264307338,0.47632813,Medium
127778274,0.4672763,Medium
58509420,0.50965226,Medium
167061840,0.3795533,Medium
108093918,0.33931932,Medium
234879012,0.5492158,Medium
81102966,0.36476395,Medium
25231830,0.3512549,Medium
106629036,0.30601233,Low
160479546,0.37396213,Medium
292134516,0.34130266,Medium
126743178,0.4532852,Medium
207472656,0.4305428,Medium
151247022,0.4175998,Medium
150347118,0.3289145,Low
149918322,0.50188106,Medium
84547152,0.3765079,Medium
66707796,0.41329423,Medium
71916282,0.2977496,Low
411424874,0.5645253,Medium
166879650,0.6574782,Medium
168438756,0.44284135,Medium
154717596,0.60643756,Medium
274958520,0.31050622,Low
119836938,0.35598868,Medium
68232546,0.71255517,High
32462322,0.5598397,Medium
112420782,0.11854604,Low
199194882,0.21764253,Low
154122792,0.6576272,Medium
22985574,0.59203666,Medium
209390028,0.46102813,Medium
158816118,0.37454608,Medium
289794252,0.30360085,Low
2594658,0.31198293,Low
53144298,0.094885185,Low
147094566,0.59969705,Medium
101436948,0.3893367,Medium
279432138,0.30639634,Low
213156858,0.23281273,Low
419595926,0.3402345,Medium
173639160,0.38844645,Medium
133471488,0.44427425,Medium
231547266,0.78036654,High
433163708,0.4046543,Medium
110346936,0.55584186,Medium
346078028,0.42051026,Medium
201341478,0.44565335,Medium
83304906,0.5239029,Medium
162311964,0.45058385,Medium
174622962,0.3888727,Medium
394995614,0.4065964,Medium
220159164,0.49139443,Medium
165292128,0.5008917,Medium
415544426,0.6070442,Medium
132766536,0.40064734,Medium
167394102,0.29008335,Low
226979766,0.51590407,Medium
141820524,0.46398616,Medium
135014766,0.50493604,Medium
72863484,0.46107072,Medium
46082274,0.4406177,Medium
191103234,0.5795044,Medium
157612710,0.43192005,Medium
113573052,0.4151991,Medium
78076326,0.1690309,Low
274848174,0.6775982,High
96083850,0.46736076,Medium
102065466,0.61538786,Medium
315563588,0.16458662,Low
150600612,0.5781847,Medium
85229742,0.48116347,Medium
129037434,0.45723096,Medium
75332766,0.44952053,Medium
132523152,0.45724174,Medium
143194356,0.67858344,High
229120800,0.5230275,Medium
423706064,0.5587856,Medium
39442752,0.361996,Medium
227816628,0.32999536,Low
141664278,0.63424486,Medium
276215436,0.569572,Medium
388390556,0.6725332,High
230737398,0.5175557,Medium
224381280,0.44393137,Medium
2736744,0.51084685,Medium
54276738,0.5282365,Medium
285765048,0.4321055,Medium
261087204,0.4388528,Medium
72743106,0.5964323,Medium
285636084,0.24079295,Low
61573662,0.35647887,Medium
291267192,0.59829634,Medium
300186146,0.43080437,Medium
242541132,0.36745057,Medium
403731164,0.39690307,Medium
236316,0.59688777,Medium
4404288,0.24395598,Low
54007710,0.52567023,Medium
57123174,0.3059362,Low
168100278,0.46915418,Medium
127522272,0.49522766,Medium
167536470,0.522519,Medium
277866606,0.5391377,Medium
162438456,0.4045304,Medium
120452046,0.3882504,Medium
278855874,0.39847577,Medium
21720228,0.34691858,Medium
81836880,0.36047736,Medium
101367132,0.47715586,Medium
167040096,0.48358077,Medium
95904720,0.19902441,Low
340196198,0.348615,Medium
80443650,0.48248073,Medium
66577020,0.32710353,Low
291415188,0.3977386,Medium
253861104,0.56881,Medium
173400000,0.35059893,Medium
99247626,0.30053777,Low
37653498,0.5704639,Medium
141761916,0.20230165,Low
332553782,0.50621736,Medium
133156170,0.25600305,Low
352633118,0.51496154,Medium
147902058,0.6132523,Medium
153548964,0.6266134,Medium
39288144,0.3869105,Medium
40463496,0.49823427,Medium
150198648,0.43465176,Medium
16059528,0.53653115,Medium
160998780,0.5756256,Medium
70013100,0.51738805,Medium
70467906,0.37551436,Medium
54141402,0.26890764,Low
334334426,0.6305054,Medium
241581660,0.374806,Medium
154308660,0.74931026,High
104485062,0.42307374,Medium
154872450,0.49094293,Medium
313789754,0.46984202,Medium
336048788,0.49676156,Medium
210517254,0.6219716,Medium
153568428,0.17675778,Low
74728692,0.33292285,Medium
90234618,0.45812422,Medium
35720850,0.6088781,Medium
130135692,0.7088621,High
355478108,0.6857686,High
106030254,0.40129355,Medium
265098726,0.33910608,Medium
97343778,0.5066393,Medium
91932864,0.4865885,Medium
7664688,0.44703698,Medium
159529386,0.4315929,Medium
109634160,0.7025648,High
78602820,0.5970792,Medium
137061816,0.46349788,Medium
130214706,0.44534478,Medium
159702168,0.595282,Medium
135737616,0.31596118,Low
177811026,0.61703855,Medium
103305048,0.425469,Medium
58952280,0.45294908,Medium
414274382,0.43725082,Medium
94242648,0.36456245,Medium
277606494,0.47046587,Medium
227243310,0.4972687,Medium
29404332,0.35071266,Medium
269966838,0.6176391,Medium
121076682,0.5462835,Medium
234843138,0.5074096,Medium
203426412,0.36701596,Medium
166329378,0.46924487,Medium
68779860,0.22567289,Low
346154084,0.23551069,Low
41243544,0.5737193,Medium
245908032,0.43977022,Medium
343650392,0.6428078,Medium
135699366,0.49270558,Medium
36087984,0.5658343,Medium
39926946,0.50343394,Medium
13051824,0.58090335,Medium
78631854,0.30789873,Low
108418290,0.53021824,Medium
42783930,0.22734646,Low
22758594,0.4231994,Medium
72901956,0.68645084,High
279569364,0.4013519,Medium
88161516,0.58697355,Medium
120643482,0.51331407,Medium
82711704,0.5519762,Medium
32478234,0.58813494,Medium
72442416,0.7225693,High
406727198,0.5295173,Medium
372621512,0.6995232,High
158287494,0.37269238,Medium
303137078,0.3365129,Medium
263654760,0.5785087,Medium
128864472,0.318479,Low
133938750,0.36257806,Medium
123522012,0.61810017,Medium
162841344,0.3160235,Low
370773470,0.2885165,Low
132546498,0.31354493,Low
125872878,0.20428924,Low
42813540,0.75939804,High
175981614,0.70472515,High
257172072,0.29499504,Low
90930354,0.49931583,Medium
276234192,0.34671858,Medium
414411158,0.39166236,Medium
94916328,0.29743972,Low
96821430,0.41033396,Medium
71815800,0.576368,Medium
31390686,0.37888107,Medium
54127584,0.43686116,Medium
385496516,0.42459604,Medium
130185888,0.17055985,Low
71288010,0.36706108,Medium
80299044,0.4487912,Medium
50016666,0.490173,Medium
175493232,0.4194476,Medium
234403386,0.3290818,Low
229511112,0.46705943,Medium
384348722,0.46475098,Medium
82012308,0.83071524,High
64922292,0.242092,Low
36340638,0.5064959,Medium
42934344,0.30695972,Low
122941374,0.5982067,Medium
41997438,0.61783445,Medium
68085612,0.45042244,Medium
139468158,0.43478492,Medium
46405500,0.40704596,Medium
200646792,0.43310228,Medium
178117710,0.47072792,Medium
42656814,0.36170214,Medium
196773186,0.65850496,Medium
32822958,0.65450007,Medium
73345116,0.481102,Medium
38148750,0.53088814,Medium
146248098,0.6979867,High
105370026,0.54964125,Medium
128860704,0.48142868,Medium
281812572,0.47849333,Medium
134426640,0.4794704,Medium
60037974,0.59958255,Medium
146993442,0.42532393,Medium
101692902,0.67712384,High
365525162,0.4710547,Medium
24166668,0.39430395,Medium
35404734,0.71505636,High
122615550,0.3508588,Medium
340714154,0.6157887,Medium
248646858,0.33994225,Medium
236174154,0.4157578,Medium
25183116,0.10405172,Low
375502712,0.49572963,Medium
129344616,0.4281181,Medium
28602342,0.38010558,Medium
163163196,0.43961,Medium
158770686,0.8277993,High
30852540,0.48450482,Medium
248490318,0.37963212,Medium
437894570,0.45085675,Medium
236436090,0.6231781,Medium
99251874,0.36641157,Medium
268628136,0.33853567,Medium
145457130,0.49548298,Medium
112719462,0.2748225,Low
123778002,0.38067758,Medium
387807254,0.35853547,Medium
159404256,0.5434226,Medium
111130062,0.39480084,Medium
267767160,0.5469393,Medium
208733670,0.45820463,Medium
99300858,0.26990464,Low
12941652,0.35773596,Medium
283045902,0.39038754,Medium
58831146,0.5405818,Medium
413255858,0.49934545,Medium
247563660,0.42888477,Medium
158809530,0.5197397,Medium
73417182,0.40690267,Medium
107906190,0.31170738,Low
149040906,0.38471627,Medium
258760488,0.49706504,Medium
84683040,0.37229833,Medium
407846762,0.61065054,Medium
436065800,0.42585078,Medium
259124202,0.44769377,Medium
89729982,0.37360445,Medium
550098,0.39483607,Medium
185479056,0.45311671,Medium
51448944,0.3393798,Medium
17321508,0.49042907,Medium
57714690,0.50577986,Medium
36708222,0.32661673,Low
234916278,0.61364937,Medium
59149764,0.38179582,Medium
101942670,0.43327972,Medium
91143072,0.6012877,Medium
173299242,0.55125785,Medium
233161290,0.38083836,Medium
56969040,0.3089591,Low
417254210,0.46414223,Medium
273291840,0.34016022,Medium
45459024,0.2544931,Low
173161866,0.6039987,Medium
93104040,0.32502264,Low
282637752,0.39511064,Medium
76116462,0.4113159,Medium
197067990,0.39444637,Medium
106596672,0.5698727,Medium
318494378,0.4902504,Medium
75274668,0.30379274,Low
161679054,0.4065244,Medium
110588136,0.5759924,Medium
179182644,0.3100022,Low
45156642,0.36955,Medium
79428264,0.39749143,Medium
397271138,0.30947268,Low
84166116,0.21207668,Low
251040864,0.47739655,Medium
166983882,0.7394347,High
114841608,0.31073314,Low
80789706,0.42855546,Medium
72695556,0.46520278,Medium
90349236,0.57348967,Medium
16523640,0.22821365,Low
241162962,0.45911518,Medium
100912302,0.7155171,High
362618660,0.4140715,Medium
154055130,0.44734868,Medium
140691906,0.3083245,Low
157287756,0.608765,Medium
108971868,0.4276858,Medium
30361734,0.26470187,Low
183861708,0.28429243,Low
145233762,0.6024289,Medium
127144290,0.23405275,Low
77767500,0.36072177,Medium
167392422,0.27588534,Low
49821888,0.54680717,Medium
148474530,0.6020528,Medium
85189608,0.4070231,Medium
273896442,0.47353488,Medium
416635976,0.46149898,Medium
136804074,0.3926914,Medium
248344944,0.35146946,Medium
61551852,0.32692832,Low
165506892,0.38259625,Medium
205209630,0.5241662,Medium
150311874,0.4761772,Medium
171529350,0.409778,Medium
154780590,0.47077823,Medium
140571396,0.5651215,Medium
211566180,0.28292638,Low
254595432,0.3429204,Medium
173463120,0.31571808,Low
380238986,0.4301222,Medium
285643020,0.59568524,Medium
81928962,0.350035,Medium
104415930,0.7880076,High
151791918,0.32782406,Low
129244434,0.16362071,Low
93421338,0.29924625,Low
262332228,0.3734098,Medium
118369830,0.44584787,Medium
53124120,0.7180561,High
289970418,0.35708725,Medium
56224902,0.7819189,High
11487660,0.47986642,Medium
26988246,0.45430672,Medium
290077692,0.42153534,Medium
43146798,0.49998814,Medium
110092884,0.4310085,Medium
145076526,0.3401636,Medium
93088518,0.44839627,Medium
209969274,0.6942483,High
291180594,0.7729566,High
171454068,0.43334696,Medium
162063582,0.4712138,Medium
148721214,0.4137329,Medium
114735198,0.57663697,Medium
108436926,0.3938672,Medium
69906894,0.45409945,Medium
166007766,0.3000293,Low
1810752,0.55415726,Medium
134805144,0.2389913,Low
233688012,0.37478068,Medium
157370784,0.49308258,Medium
66346848,0.5354297,Medium
259645920,0.3931256,Medium
217990848,0.39953813,Medium
109064592,0.43522412,Medium
148295166,0.52758896,Medium
30316716,0.45420447,Medium
153932166,0.33043495,Medium
433721954,0.48478493,Medium
220292022,0.49540046,Medium
145050702,0.31071764,Low
85062354,0.5261589,Medium
113725302,0.5923762,Medium
56241756,0.42400345,Medium
389023952,0.39015588,Medium
228377964,0.48509207,Medium
66785070,0.51747155,Medium
185589546,0.51597536,Medium
61645974,0.23116322,Low
166964358,0.5972214,Medium
145221024,0.44224092,Medium
37573302,0.3137903,Low
81712212,0.41943812,Medium
127639518,0.28096095,Low
239199264,0.32854995,Low
41229930,0.53248215,Medium
25111320,0.45121256,Medium
77890440,0.59790576,Medium
78044730,0.44556323,Medium
413726414,0.102467775,Low
287210136,0.27714923,Low
129840450,0.39498895,Medium
156131796,0.44482058,Medium
154564014,0.39496964,Medium
133345980,0.54355526,Medium
273327648,0.54779786,Medium
97488606,0.6267817,Medium
41826684,0.47698304,Medium
252696630,0.3109087,Low
312547628,0.38189685,Medium
184714638,0.36115313,Medium
89698140,0.5474606,Medium
2363592,0.14633927,Low
115790940,0.50002503,Medium
180871242,0.2920045,Low
94850064,0.15040539,Low
98634858,0.3463407,Medium
4804968,0.2667192,Low
155120220,0.537739,Medium
124795020,0.39743438,Medium
130391442,0.5091803,Medium
114283836,0.48400906,Medium
152156610,0.5844436,Medium
349533782,0.5459417,Medium
97482840,0.465608,Medium
194399742,0.54387766,Medium
173722128,0.5109875,Medium
29584134,0.7652864,High
131088288,0.5660635,Medium
83864166,0.27639332,Low
129594708,0.6294448,Medium
326054360,0.30883804,Low
404924702,0.27813175,Low
170661042,0.7146846,High
14880312,0.44576353,Medium
324263264,0.35151026,Medium
209253162,0.3598666,Medium
14562498,0.4868659,Medium
12092580,0.44515663,Medium
43701552,0.5950528,Medium
85702248,0.5127407,Medium
163458156,0.38341948,Medium
69473550,0.27043518,Low
184641360,0.84458745,High
61119540,0.60233736,Medium
223734954,0.297314,Low
109758048,0.3916471,Medium
167974194,0.32862818,Low
389114066,0.43635714,Medium
134616402,0.5623259,Medium
19853436,0.54127926,Medium
21843978,0.7526932,High
119711766,0.4872273,Medium
344993228,0.3077277,Low
222930564,0.41851762,Medium
152202108,0.48648015,Medium
35671074,0.8148259,High
15460716,0.51293904,Medium
57261474,0.40499827,Medium
46357482,0.3202915,Low
146694312,0.4235677,Medium
323789324,0.336573,Medium
117231390,0.4697616,Medium
26142948,0.41961792,Medium
110792436,0.41535905,Medium
53220570,0.4461905,Medium
209292990,0.37304202,Medium
191888208,0.5375769,Medium
161750622,0.40948868,Medium
28458396,0.57611763,Medium
118959276,0.41505867,Medium
56064222,0.63868773,Medium
288743046,0.4180908,Medium
403770086,0.49301338,Medium
370745738,0.28698346,Low
212357304,0.48334494,Medium
152547378,0.24528587,Low
420862892,0.43287632,Medium
101323530,0.37157658,Medium
211901322,0.3683594,Medium
266731518,0.6761726,High
245975868,0.25545844,Low
35705688,0.49413416,Medium
153309174,0.50624895,Medium
360855404,0.32205445,Low
209292780,0.41772383,Medium
45637950,0.49645582,Medium
41254014,0.5651045,Medium
211919898,0.40286422,Medium
428425598,0.2884758,Low
136287474,0.42632037,Medium
16443948,0.52414,Medium
133757532,0.26894778,Low
234977244,0.6078636,Medium
38820138,0.4015455,Medium
180909012,0.32737002,Low
262786266,0.58179855,Medium
22456986,0.5364876,Medium
255139896,0.41505924,Medium
127137828,0.51514405,Medium
74212956,0.3274223,Low
262000686,0.45367613,Medium
104783964,0.43030682,Medium
114623082,0.52763385,Medium
166534164,0.54771763,Medium
103301544,0.67806655,High
168366102,0.32028317,Low
25607244,0.37046853,Medium
129554994,0.3501903,Medium
328426748,0.43321195,Medium
103859940,0.44108307,Medium
169254696,0.14558563,Low
37575102,0.50526094,Medium
286668270,0.4346269,Medium
97628892,0.4546809,Medium
144460698,0.641682,Medium
206668134,0.3354,Medium
103974324,0.30372748,Low
100658850,0.347089,Medium
17224356,0.43532282,Medium
150302112,0.34357888,Medium
201748332,0.313404,Low
58981374,0.55216753,Medium
101828970,0.39939567,Medium
276157686,0.40491843,Medium
155182920,0.36483946,Medium
88472340,0.43330118,Medium
274733736,0.47933313,Medium
109456176,0.30761495,Low
288743712,0.32829198,Low
343130192,0.41793427,Medium
155890080,0.32796603,Low
198295926,0.6925251,High
336085214,0.4511583,Medium
147842244,0.5760646,Medium
49959636,0.51415896,Medium
151843554,0.52000433,Medium
100983876,0.42330894,Medium
101367576,0.31685016,Low
85564434,0.38593918,Medium
146668458,0.33948302,Medium
55167108,0.59112537,Medium
232361898,0.31212756,Low
104926632,0.41887736,Medium
91401804,0.56946427,Medium
230670408,0.57273227,Medium
401449742,0.40939075,Medium
131056866,0.377848,Medium
234005070,0.4355687,Medium
99787398,0.34899208,Medium
81335340,0.68712777,High
283453800,0.27012512,Low
3769290,0.43364394,Medium
387938474,0.52993864,Medium
51649188,0.42859343,Medium
55510062,0.4437706,Medium
326162606,0.31722727,Low
75469116,0.42407194,Medium
39744900,0.46435776,Medium
141854466,0.5808541,Medium
145858092,0.42292938,Medium
146630070,0.45303896,Medium
5983116,0.4979614,Medium
62908476,0.29231855,Low
311385956,0.58500135,Medium
51931266,0.5236025,Medium
152788656,0.6550607,Medium
406182650,0.6143782,Medium
261374760,0.44459435,Medium
84225210,0.37673488,Medium
86748714,0.4414833,Medium
163237134,0.54801464,Medium
203225052,0.29014343,Low
19941006,0.41687322,Medium
251956512,0.44442028,Medium
259003314,0.46529758,Medium
150350244,0.6271346,Medium
379045220,0.42151487,Medium
169416432,0.43230265,Medium
86698116,0.540515,Medium
107298444,0.32727945,Low
87745374,0.462653,Medium
257744238,0.29090777,Low
51748704,0.40497565,Medium
141222228,0.46475494,Medium
59711478,0.4171895,Medium
97883646,0.46750924,Medium
155475204,0.56564146,Medium
59651292,0.37010482,Medium
306644954,0.3399882,Medium
64414614,0.5174233,Medium
155330388,0.4222129,Medium
149472336,0.68736887,High
126447504,0.5418693,Medium
121482024,0.5543916,Medium
20171934,0.32172996,Low
159132552,0.49971026,Medium
192610800,0.28874138,Low
180602838,0.43004045,Medium
78661620,0.13622421,Low
277610376,0.47532678,Medium
175229568,0.6576896,Medium
267301920,0.47069237,Medium
173739054,0.25132763,Low
54902178,0.6301793,Medium
352472480,0.11466998,Low
168536220,0.51486474,Medium
230515962,0.51002556,Medium
220973346,0.32182336,Low
146325780,0.5804,Medium
299580812,0.5161481,Medium
50296056,0.24995176,Low
54027534,0.5050911,Medium
267562266,0.4956843,Medium
40022790,0.46791157,Medium
410915900,0.44564882,Medium
150583626,0.49902925,Medium
161317560,0.4300736,Medium
22445856,0.4485736,Medium
58848048,0.569616,Medium
201629406,0.4425275,Medium
131167752,0.36697435,Medium
393080612,0.42616072,Medium
183696108,0.463596,Medium
425033030,0.630396,Medium
44599572,0.40520424,Medium
269403462,0.54659,Medium
168258522,0.787391,High
152799816,0.38055405,Medium
111331062,0.46888155,Medium
102244314,0.5722351,Medium
67669704,0.553295,Medium
164332560,0.46521336,Medium
173610000,0.35949215,Medium
25188000,0.15496002,Low
256953972,0.56783116,Medium
287634186,0.39418522,Medium
378967640,0.30349725,Low
161201370,0.3430853,Medium
109072044,0.54558176,Medium
131668860,0.43398392,Medium
50595534,0.30464572,Low
95761014,0.47708562,Medium
88191906,0.33609918,Medium
380136650,0.40608302,Medium
268888392,0.28349596,Low
14357952,0.44169965,Medium
98132796,0.36714607,Medium
167067612,0.44152427,Medium
45317796,0.24730718,Low
156915282,0.5572289,Medium
286501674,0.5756884,Medium
220510890,0.56050205,Medium
155488188,0.31464025,Low
36563760,0.41115388,Medium
207098694,0.34397465,Medium
61367436,0.61486906,Medium
163002444,0.32877842,Low
192311166,0.5786164,Medium
87106698,0.30842873,Low
110509902,0.29285,Low
195039528,0.356121,Medium
166424562,0.4153877,Medium
104788986,0.35354644,Medium
200419002,0.4745687,Medium
205544328,0.43921623,Medium
49892598,0.58200693,Medium
242855340,0.585865,Medium
143389518,0.28671244,Low
136099200,0.59215695,Medium
162365442,0.2791441,Low
85966326,0.38188776,Medium
279655710,0.3924332,Medium
435479750,0.5210417,Medium
155985378,0.13311717,Low
398500496,0.51945704,Medium
236768502,0.43501845,Medium
3005748,0.4207232,Medium
153688770,0.5687606,Medium
162187572,0.45176297,Medium
140076978,0.40414903,Medium
150459822,0.27774733,Low
190585200,0.40024245,Medium
89682,0.47012508,Medium
102949344,0.81725895,High
157033500,0.29659867,Low
173017482,0.36743784,Medium
85082658,0.38160786,Medium
54810468,0.52164274,Medium
153929550,0.51486695,Medium
112373802,0.49381226,Medium
138118680,0.4585759,Medium
162383496,0.27934003,Low
267770844,0.46786582,Medium
127777002,0.35901672,Medium
55825038,0.5691395,Medium
69283320,0.4856929,Medium
242022408,0.34438118,Medium
279784686,0.36702842,Medium
255069804,0.3642058,Medium
158082840,0.43168557,Medium
279900588,0.5685112,Medium
159212466,0.35513222,Medium
190638138,0.41679418,Medium
86988138,0.471945,Medium
130288104,0.43408296,Medium
361940372,0.3616491,Medium
161135364,0.4246017,Medium
10868700,0.3047994,Low
41158074,0.5970571,Medium
121410384,0.43610469,Medium
56965884,0.36557493,Medium
16189968,0.55077934,Medium
218588220,0.51835966,Medium
97038012,0.47467577,Medium
147268416,0.46539918,Medium
155954814,0.44206297,Medium
149744718,0.5066089,Medium
23763090,0.41584638,Medium
73527216,0.32272497,Low
23910270,0.3586051,Medium
142999056,0.5910129,Medium
29174934,0.59858465,Medium
84418686,0.31454557,Low
37157046,0.59807277,Medium
157715496,0.5096661,Medium
147935790,0.3974003,Medium
50457468,0.3126019,Low
85619844,0.6044548,Medium
100969884,0.33158112,Medium
76164630,0.56556267,Medium
157289742,0.6386709,Medium
9544266,0.8369345,High
133696188,0.37612686,Medium
120819288,0.3225721,Low
26297406,0.3159371,Low
87746256,0.50978637,Medium
144476316,0.5988062,Medium
128588052,0.31825435,Low
35282946,0.23040198,Low
154515840,0.62231576,Medium
32740158,0.53633153,Medium
53013714,0.27359197,Low
29914278,0.54975915,Medium
177065262,0.32016492,Low
55323786,0.49977645,Medium
193608450,0.5766811,Medium
128928522,0.3082098,Low
227828244,0.27081183,Low
156616620,0.38086858,Medium
64171002,0.4653713,Medium
154171314,0.4295888,Medium
439017482,0.124473415,Low
36029766,0.5537138,Medium
168644856,0.34712994,Medium
69365472,0.3385345,Medium
135341988,0.5281306,Medium
11827404,0.47017956,Medium
33443946,0.49924,Medium
72113226,0.6189924,Medium
34403982,0.36236432,Medium
282284082,0.32154202,Low
248052642,0.53801614,Medium
135046440,0.22650781,Low
195602544,0.59297705,Medium
294929672,0.49558043,Medium
214834662,0.273707,Low
176608428,0.354491,Medium
74606748,0.24872598,Low
217521756,0.28799653,Low
53371458,0.55790395,Medium
125540946,0.63253945,Medium
87308388,0.6012851,Medium
130104990,0.41586098,Medium
79476576,0.6183987,Medium
282273900,0.2426302,Low
274576188,0.40640002,Medium
69928176,0.71150327,High
264807366,0.42661625,Medium
171412956,0.41082215,Medium
40667802,0.44637057,Medium
55526928,0.4990732,Medium
217820394,0.45618227,Medium
122016264,0.361011,Medium
287553480,0.43178,Medium
26314266,0.59607327,Medium
319006244,0.29779115,Low
119578356,0.38454276,Medium
195204498,0.40751824,Medium
239618796,0.41213423,Medium
175569234,0.39985594,Medium
191662806,0.38615757,Medium
277553634,0.36286932,Medium
131113584,0.5407329,Medium
130893498,0.41934052,Medium
39391008,0.4527388,Medium
83754480,0.41242966,Medium
236714520,0.47804525,Medium
38068242,0.4441695,Medium
160331598,0.41523996,Medium
49048554,0.35087195,Medium
238886244,0.49952653,Medium
117255888,0.47849113,Medium
118164498,0.67242545,High
157089894,0.69406474,High
285699804,0.368887,Medium
170480604,0.624669,Medium
334843130,0.38318315,Medium
79263486,0.50787604,Medium
290320890,0.4216087,Medium
167987262,0.30840078,Low
403261022,0.7291325,High
237243276,0.5337626,Medium
252834798,0.42039353,Medium
78872592,0.48970348,Medium
285900426,0.4043507,Medium
296039468,0.5490008,Medium
43500888,0.42805353,Medium
86306472,0.2172625,Low
35389974,0.48873144,Medium
218388270,0.547398,Medium
145453890,0.60486513,Medium
243732006,0.27538055,Low
123312576,0.20528655,Low
254887398,0.6813158,High
160296858,0.59277505,Medium
40787106,0.5944043,Medium
408395894,0.49973974,Medium
87838416,0.7713665,High
34153080,0.42213076,Medium
166763622,0.40781248,Medium
216326562,0.5033997,Medium
35049828,0.76293373,High
382623908,0.6175582,Medium
143081454,0.2783041,Low
85703706,0.44951394,Medium
38507328,0.75297123,High
179694540,0.35623303,Medium
323115812,0.48007753,Medium
380854124,0.2675532,Low
148537134,0.36498636,Medium
192682164,0.42841643,Medium
33249852,0.29939988,Low
224408814,0.60648674,Medium
215577672,0.43215406,Medium
152425950,0.5852834,Medium
155634690,0.42668515,Medium
333173528,0.5797321,Medium
71362752,0.16714801,Low
155964720,0.45646152,Medium
128405574,0.2660679,Low
234087114,0.30123994,Low
86520540,0.42695642,Medium
100944516,0.46789068,Medium
65744976,0.5401748,Medium
212872164,0.48826462,Medium
312578402,0.45970663,Medium
146795640,0.5654622,Medium
195440538,0.6151238,Medium
158222094,0.39936468,Medium
162967680,0.35660768,Medium
269162514,0.5112641,Medium
404324486,0.3715376,Medium
42031044,0.36124814,Medium
99359688,0.36442232,Medium
34636932,0.39360982,Medium
33857268,0.3046038,Low
132049914,0.37161264,Medium
101844306,0.8054045,High
41062308,0.50534093,Medium
127756290,0.76030505,High
162213762,0.5054924,Medium
34279458,0.3537455,Medium
275399988,0.4135432,Medium
170159430,0.6645398,High
49239744,0.5793862,Medium
51604626,0.23128122,Low
162096186,0.5799529,Medium
143150406,0.42045552,Medium
161266974,0.36803684,Medium
25275282,0.3445922,Medium
12555738,0.2340497,Low
232713696,0.38167164,Medium
54397950,0.64025223,Medium
121185216,0.4638318,Medium
209507436,0.62618506,Medium
183946914,0.41711375,Medium
46193250,0.4884243,Medium
236996040,0.54915935,Medium
97447164,0.4105227,Medium
220834998,0.25782984,Low
119016060,0.3651221,Medium
233423268,0.5425307,Medium
161787204,0.40299404,Medium
286489314,0.3303694,Medium
87682578,0.49652177,Medium
72693756,0.32775882,Low
67954290,0.48753142,Medium
77946924,0.51817214,Medium
49435572,0.6204864,Medium
157169406,0.09905273,Low
343711046,0.27973628,Low
128997498,0.38183972,Medium
187030458,0.4167284,Medium
54469056,0.51517296,Medium
27772230,0.71976423,High
57333198,0.54517543,Medium
99029892,0.5639323,Medium
271401438,0.51885617,Medium
300729542,0.5680249,Medium
113884470,0.38942966,Medium
141678504,0.38385186,Medium
84618360,0.61674094,Medium
50564142,0.5005123,Medium
99788712,0.33593333,Medium
279915360,0.4091243,Medium
86220096,0.23984657,Low
282584694,0.4582597,Medium
164291160,0.33194524,Medium
331879946,0.55112183,Medium
129356118,0.2698936,Low
350259998,0.33348966,Medium
42435672,0.5412127,Medium
209162772,0.40277505,Medium
74107590,0.40372065,Medium
131095626,0.5371115,Medium
96205398,0.49611476,Medium
152569308,0.42634884,Medium
98972922,0.41477907,Medium
43424124,0.39504588,Medium
176126466,0.4725042,Medium
55839480,0.39320695,Medium
18043608,0.30615044,Low
200032164,0.47198907,Medium
55877160,0.29599372,Low
282515340,0.51203334,Medium
227508180,0.28800148,Low
252517074,0.35102367,Medium
97226604,0.51931906,Medium
208177182,0.38984284,Medium
156794796,0.4036359,Medium
99807516,0.54463786,Medium
45105582,0.49070087,Medium
79254108,0.5882866,Medium
142249386,0.37007374,Medium
271231398,0.31429052,Low
161137686,0.48577508,Medium
68473548,0.35505265,Medium
99352698,0.44037133,Medium
102906990,0.4452329,Medium
80386290,0.35404915,Medium
144216342,0.42793474,Medium
234822474,0.43775734,Medium
130770774,0.4210003,Medium
28961514,0.5946216,Medium
142930284,0.66096234,High
123187506,0.3260618,Low
265818714,0.37581658,Medium
155363394,0.43149763,Medium
263335116,0.5968778,Medium
52456842,0.4151211,Medium
124677492,0.6132003,Medium
88710024,0.29293123,Low
67559784,0.36973935,Medium
119710356,0.48887664,Medium
161370816,0.51236826,Medium
101524494,0.33024672,Medium
175285638,0.5491811,Medium
96811026,0.20850499,Low
154843344,0.6218758,Medium
90651528,0.43390918,Medium
241539378,0.2479447,Low
72985038,0.56636393,Medium
340196648,0.44670895,Medium
351889088,0.53460103,Medium
269932230,0.50413275,Medium
55895430,0.23801284,Low
30697590,0.6028125,Medium
221381262,0.4558598,Medium
345526268,0.5041464,Medium
9078930,0.61613256,Medium
265878522,0.443003,Medium
77066880,0.51581323,Medium
230976996,0.39544195,Medium
137375586,0.68761635,High
282266646,0.49437347,Medium
65667366,0.5753016,Medium
35458080,0.18439502,Low
175054698,0.45382085,Medium
230753706,0.5011128,Medium
88418370,0.6731641,High
4440984,0.2653951,Low
328426700,0.5840151,Medium
134550012,0.8001658,High
283541112,0.41645798,Medium
66522828,0.45120856,Medium
280557282,0.47447875,Medium
57479802,0.4091855,Medium
20227512,0.46431112,Medium
166824780,0.36731154,Medium
194576976,0.46438265,Medium
11193852,0.47109628,Medium
144709518,0.55121595,Medium
64029438,0.41420543,Medium
270867654,0.63561654,Medium
195825966,0.62567586,Medium
184300404,0.3822654,Medium
433151354,0.27662218,Low
354285362,0.35538805,Medium
221863200,0.46761733,Medium
160675230,0.31597924,Low
214160214,0.38023245,Medium
147346452,0.48844936,Medium
324991736,0.57464176,Medium
150374004,0.43629986,Medium
127615392,0.851742,High
77156592,0.36572728,Medium
121287528,0.3685513,Medium
273868224,0.35199338,Medium
30924636,0.48171565,Medium
280171932,0.3609789,Medium
102270126,0.36517465,Medium
275871894,0.4253705,Medium
310700534,0.46518305,Medium
128448420,0.4190392,Medium
164842050,0.5190564,Medium
29815140,0.5221456,Medium
43658688,0.6557476,Medium
86158224,0.71016234,High
11331240,0.4679525,Medium
374262578,0.5786768,Medium
65116620,0.45319653,Medium
44007582,0.4256914,Medium
103767102,0.2736853,Low
155950650,0.43669397,Medium
71590398,0.8355471,High
111761856,0.3631416,Medium
93862782,0.34727925,Medium
270438996,0.49229035,Medium
10586748,0.66369176,High
250944360,0.41620886,Medium
126217398,0.41771975,Medium
183755664,0.42735204,Medium
128166738,0.8025623,High
191103546,0.38411424,Medium
97056846,0.5088047,Medium
94664838,0.4488084,Medium
143809026,0.35439053,Medium
196972488,0.54201925,Medium
150238944,0.74216074,High
251520498,0.53750104,Medium
33797298,0.35372952,Medium
179950704,0.51459205,Medium
31223244,0.48744452,Medium
84844926,0.5412385,Medium
105374880,0.4776052,Medium
310690928,0.53353155,Medium
136292268,0.55915755,Medium
150383664,0.6206696,Medium
91876728,0.5814678,Medium
9531216,0.383848,Medium
81357978,0.49502403,Medium
430866752,0.36048096,Medium
74831502,0.331802,Medium
133619604,0.36336964,Medium
72703518,0.54535687,Medium
233777580,0.50265676,Medium
109179450,0.4808663,Medium
114772488,0.33961475,Medium
187638354,0.5692175,Medium
390796028,0.45003495,Medium
145664358,0.36056125,Medium
75597228,0.5014319,Medium
51640164,0.5096497,Medium
273273666,0.4700621,Medium
100014828,0.5544181,Medium
46218936,0.39691216,Medium
208177830,0.5333223,Medium
89343738,0.5370321,Medium
74957574,0.3580339,Medium
99613770,0.53896636,Medium
32831466,0.36251608,Medium
147320868,0.48181137,Medium
143854998,0.37364042,Medium
109906290,0.36160943,Medium
96078348,0.44898155,Medium
165658218,0.43584955,Medium
145374924,0.47410944,Medium
45951978,0.516202,Medium
135927570,0.18685405,Low
241527270,0.43276447,Medium
143572878,0.59704536,Medium
72730758,0.7352009,High
138785124,0.6949163,High
106975254,0.39150864,Medium
109187874,0.62363786,Medium
271839546,0.58125573,Medium
35479344,0.28310588,Low
178669854,0.47468662,Medium
207568890,0.3503485,Medium
103111878,0.4402145,Medium
283768650,0.28178144,Low
181336680,0.4958656,Medium
150520776,0.43938497,Medium
13246944,0.2872455,Low
186648834,0.59495944,Medium
160370226,0.36187702,Medium
74138262,0.60509425,Medium
147313758,0.39999208,Medium
149061888,0.5018504,Medium
240671676,0.2560625,Low
140761098,0.41010335,Medium
181830384,0.62092745,Medium
126924138,0.5176649,Medium
341350340,0.75091285,High
8343546,0.33402497,Medium
258521064,0.6078575,Medium
101069538,0.5198945,Medium
161477622,0.62905616,Medium
305493506,0.5526179,Medium
121868064,0.47261286,Medium
131068938,0.47006038,Medium
163167174,0.40657634,Medium
17228586,0.2756237,Low
45451182,0.37573764,Medium
388408532,0.41767448,Medium
48883278,0.5126346,Medium
162772158,0.46785676,Medium
141293268,0.46328384,Medium
253312290,0.536288,Medium
85859826,0.44366133,Medium
162861522,0.48361278,Medium
411945176,0.20718858,Low
62789934,0.38213104,Medium
205968072,0.59193516,Medium
94118712,0.41150466,Medium
15724872,0.7249421,High
157086078,0.52736336,Medium
253785732,0.44227198,Medium
61794516,0.40618482,Medium
91394982,0.5825323,Medium
255201708,0.528516,Medium
62926038,0.49412286,Medium
161346270,0.6335404,Medium
29609292,0.67264843,High
20953764,0.43311653,Medium
101361684,0.5182723,Medium
153480936,0.2806855,Low
177236256,0.37864468,Medium
199805994,0.44210416,Medium
164858082,0.35666633,Medium
221668050,0.23182431,Low
18868686,0.550235,Medium
142032108,0.58382833,Medium
96533838,0.4155267,Medium
341369702,0.34784028,Medium
244156344,0.37839532,Medium
95174526,0.5390323,Medium
408429770,0.56643206,Medium
180002676,0.31797513,Low
71330646,0.21769302,Low
23201994,0.3020103,Low
160435932,0.46168104,Medium
102452670,0.3712208,Medium
290439096,0.13056484,Low
226959108,0.3391328,Medium
156025194,0.44966874,Medium
166750956,0.4477473,Medium
179823654,0.32364404,Low
166218270,0.57627743,Medium
324319778,0.6454828,Medium
57570186,0.3815768,Medium
154845414,0.28932843,Low
121396212,0.49059078,Medium
216577638,0.37978265,Medium
110475204,0.53307146,Medium
50281614,0.5712964,Medium
63553182,0.5643578,Medium
412582256,0.5836437,Medium
341453066,0.5270508,Medium
134331618,0.31201425,Low
246595458,0.28729695,Low
142283514,0.31069255,Low
19296480,0.39487103,Medium
109043394,0.48557964,Medium
60364428,0.46840683,Medium
186897510,0.45287168,Medium
56007582,0.4351653,Medium
202203888,0.3435342,Medium
216219492,0.6101793,Medium
44339652,0.27500165,Low
436065734,0.38812214,Medium
175249812,0.49122965,Medium
288934008,0.35964245,Medium
191374128,0.5812758,Medium
85797510,0.30803657,Low
162103854,0.34191138,Medium
415529288,0.3432417,Medium
44000868,0.37523356,Medium
26325792,0.4828277,Medium
101205678,0.4571537,Medium
162516240,0.3229934,Low
167545764,0.5367683,Medium
49222776,0.39250812,Medium
267231336,0.4718685,Medium
233443998,0.39330032,Medium
288433116,0.3711664,Medium
267351186,0.5741785,Medium
4107000,0.4257096,Medium
151635048,0.40181777,Medium
84146676,0.2994619,Low
372518552,0.53398496,Medium
178481682,0.5897227,Medium
265096440,0.3660654,Medium
160555878,0.44604284,Medium
178030626,0.49678317,Medium
58849344,0.4427864,Medium
230825646,0.38850558,Medium
162133914,0.3804562,Medium
235131522,0.5179334,Medium
98251800,0.28211254,Low
77871966,0.42407718,Medium
367274768,0.35755137,Medium
135096540,0.42978203,Medium
305577170,0.4105742,Medium
295400330,0.54828113,Medium
108289626,0.40719557,Medium
146830032,0.40677553,Medium
156927732,0.6430295,Medium
97229232,0.20052448,Low
272991348,0.27366704,Low
204716772,0.3021526,Low
77890446,0.35948986,Medium
230568210,0.5810836,Medium
115972584,0.6073648,Medium
108687894,0.23921658,Low
180509796,0.4332181,Medium
100472508,0.3858142,Medium
151928826,0.6066279,Medium
402012452,0.27765128,Low
374340734,0.41926625,Medium
149094906,0.3483775,Medium
391461848,0.40352976,Medium
360806516,0.49917722,Medium
68022870,0.4071949,Medium
53410512,0.38485312,Medium
9618930,0.81777877,High
26167386,0.62282985,Medium
44103072,0.45843658,Medium
168805866,0.48517287,Medium
9804906,0.4558718,Medium
62993424,0.65122414,Medium
131528058,0.31326973,Low
54935592,0.5163702,Medium
154871532,0.7391667,High
97217160,0.3997583,Medium
162699660,0.3814095,Medium
157476714,0.4885067,Medium
21252366,0.59181076,Medium
339527798,0.4684105,Medium
32473434,0.45168817,Medium
42831702,0.22731031,Low
32572350,0.34584197,Medium
110451084,0.43791908,Medium
152756322,0.39205897,Medium
151141944,0.50970834,Medium
284042772,0.41709143,Medium
135579966,0.34525257,Medium
157775994,0.3490085,Medium
127206786,0.55976486,Medium
211113888,0.48722368,Medium
312464624,0.4883735,Medium
102079878,0.27165657,Low
297925988,0.46941125,Medium
371957840,0.2822584,Low
161315562,0.38534862,Medium
123503088,0.34366757,Medium
135040362,0.72651047,High
135248898,0.7655677,High
23703228,0.41356015,Medium
179193480,0.33185688,Medium
90596352,0.61464053,Medium
101902110,0.52241236,Medium
85627050,0.14869311,Low
171744402,0.44675758,Medium
105860016,0.2841016,Low
410889446,0.25475174,Low
272421090,0.26368755,Low
12578112,0.42344597,Medium
58400226,0.50848246,Medium
313073468,0.5891742,Medium
376780874,0.50233376,Medium
9329586,0.30503175,Low
145239336,0.6046377,Medium
87492114,0.588168,Medium
156976956,0.60468334,Medium
161349162,0.6359226,Medium
201370212,0.3944555,Medium
80083926,0.43675053,Medium
111497292,0.40308142,Medium
423831308,0.41126886,Medium
86696214,0.5399772,Medium
141815190,0.50960547,Medium
206400450,0.83974504,High
59081850,0.4226868,Medium
139220976,0.39872122,Medium
320710388,0.71984285,High
146059680,0.73167187,High
156567456,0.5521318,Medium
258989868,0.50906867,Medium
135884814,0.37460825,Medium
153812538,0.6810819,High
146739882,0.5888201,Medium
370256744,0.61674213,Medium
174263796,0.4231245,Medium
226716522,0.40541857,Medium
89117778,0.30237556,Low
225775440,0.54594207,Medium
83676630,0.15600252,Low
75355512,0.5663792,Medium
241350762,0.3922342,Medium
2674350,0.39660072,Medium
41652186,0.36146426,Medium
290586228,0.595191,Medium
48920994,0.39094993,Medium
105748842,0.78119254,High
168282072,0.5037913,Medium
93642798,0.48096663,Medium
78290922,0.5542127,Medium
282520806,0.4685479,Medium
189319626,0.46630174,Medium
365524604,0.3812089,Medium
422548520,0.46901765,Medium
96464004,0.65969175,Medium
105261282,0.5646048,Medium
255726516,0.5076864,Medium
234475128,0.44304973,Medium
59018574,0.50551915,Medium
48264900,0.4066383,Medium
196678536,0.24832574,Low
293626538,0.38689834,Medium
77057394,0.39791483,Medium
67208844,0.8003757,High
32381400,0.581847,Medium
85518534,0.34516412,Medium
162749952,0.556288,Medium
99702720,0.29311386,Low
292051344,0.4220776,Medium
125331048,0.52615625,Medium
272985366,0.7701222,High
216726714,0.58516,Medium
128871258,0.7109738,High
252162786,0.5730222,Medium
279542094,0.32142654,Low
65500434,0.6212607,Medium
34900614,0.46485686,Medium
40727124,0.48632374,Medium
264827316,0.44728994,Medium
139859532,0.31094724,Low
130508934,0.28567997,Low
129343710,0.39608005,Medium
249387984,0.3804794,Medium
153619542,0.5376858,Medium
122814822,0.22429438,Low
185633382,0.563731,Medium
388486880,0.4190777,Medium
56709666,0.41730314,Medium
86711718,0.35319534,Medium
82626300,0.44468066,Medium
160983240,0.42969328,Medium
82355226,0.5665374,Medium
379606958,0.5643866,Medium
120969750,0.48147312,Medium
47988822,0.41697717,Medium
82175406,0.38628334,Medium
108351156,0.48457506,Medium
163446078,0.46767583,Medium
26739144,0.4179908,Medium
188682432,0.59016633,Medium
271845048,0.71196437,High
170267088,0.39807358,Medium
231598572,0.3749205,Medium
160041984,0.2987473,Low
9319212,0.56213415,Medium
164697630,0.45825824,Medium
233787834,0.657617,Medium
225883482,0.4004257,Medium
205970346,0.4622815,Medium
74102328,0.2634452,Low
196848732,0.36018723,Medium
88977714,0.3263732,Low
260889030,0.43402743,Medium
110824614,0.38023612,Medium
67309536,0.40303153,Medium
25726092,0.39298192,Medium
35569674,0.5507269,Medium
149205258,0.49951565,Medium
40199220,0.6080369,Medium
240678096,0.5675689,Medium
418977524,0.33903712,Medium
62818272,0.49793917,Medium
202974684,0.32189643,Low
292542126,0.38513824,Medium
24887226,0.57493454,Medium
270064728,0.32214868,Low
170324238,0.50318605,Medium
52759830,0.48999473,Medium
196719432,0.5801892,Medium
219684174,0.43084124,Medium
193837740,0.3564284,Medium
99306324,0.5453089,Medium
200025960,0.7325198,High
231721248,0.69012374,High
161522976,0.39347136,Medium
168401034,0.540834,Medium
178799130,0.5623364,Medium
123269784,0.40234426,Medium
4863114,0.42351323,Medium
63068994,0.3604337,Medium
111992970,0.4566593,Medium
335400074,0.4437943,Medium
262004856,0.5461731,Medium
294370988,0.47996536,Medium
91947114,0.4438533,Medium
127963176,0.5223891,Medium
319680956,0.42661768,Medium
154844772,0.12494507,Low
127832808,0.47878116,Medium
78340236,0.5340574,Medium
86544654,0.32081723,Low
106821054,0.35321805,Medium
134815944,0.3152538,Low
153039990,0.56925744,Medium
224086398,0.3801829,Medium
87485808,0.42697296,Medium
109054650,0.4493761,Medium
275086230,0.3494289,Medium
117442464,0.4766994,Medium
75604800,0.5318067,Medium
315462242,0.09559134,Low
154788906,0.3160987,Low
60560244,0.5338519,Medium
86042610,0.5023059,Medium
39404298,0.54277295,Medium
83512464,0.29290348,Low
163298898,0.42024943,Medium
77819766,0.40526822,Medium
377314796,0.43636096,Medium
236353662,0.42698696,Medium
135498336,0.51229763,Medium
287778036,0.4628262,Medium
146582592,0.5519715,Medium
178531128,0.5783401,Medium
57679470,0.8340943,High
313153754,0.60030913,Medium
114024294,0.35551885,Medium
78870960,0.60227334,Medium
134823480,0.49912533,Medium
73182066,0.28422427,Low
349617512,0.53440416,Medium
175582482,0.49705735,Medium
438545384,0.75472933,High
2929944,0.19112349,Low
6709620,0.3606371,Medium
97608444,0.36125094,Medium
118516548,0.5153705,Medium
281911320,0.83775824,High
90137622,0.66753376,High
164035590,0.5145004,Medium
41208618,0.37297395,Medium
50580366,0.5638069,Medium
309632894,0.35065195,Medium
240417102,0.27750233,Low
12383904,0.29587117,Low
154718970,0.5181932,Medium
199920582,0.33887085,Medium
134788338,0.4333709,Medium
284266428,0.3455709,Medium
97794018,0.39974678,Medium
30422334,0.5149074,Medium
86531046,0.39310896,Medium
151256232,0.41462314,Medium
148146096,0.26464579,Low
156672312,0.58035386,Medium
254139492,0.4138101,Medium
1880598,0.35106423,Medium
85465968,0.22761409,Low
101453970,0.33854392,Medium
155361978,0.47677216,Medium
60023430,0.32285574,Low
47494380,0.42985895,Medium
32599488,0.2833759,Low
58202562,0.5024632,Medium
133171194,0.5088328,Medium
223774962,0.5590069,Medium
63309828,0.56562084,Medium
199057476,0.32067198,Low
157173114,0.26534936,Low
75534030,0.47195157,Medium
53996556,0.6016407,Medium
249804750,0.5409944,Medium
134051646,0.43049702,Medium
71902830,0.5138769,Medium
165250854,0.4160879,Medium
260128644,0.46847925,Medium
97476456,0.34928885,Medium
79276842,0.3478869,Medium
36018918,0.20786619,Low
100166886,0.36833242,Medium
147480330,0.09914807,Low
158326128,0.5021527,Medium
231061116,0.6364034,Medium
155482410,0.47717813,Medium
51224892,0.26603982,Low
423140810,0.21664046,Low
145980390,0.4191376,Medium
107430708,0.6279623,Medium
400325726,0.48324025,Medium
222444726,0.43303543,Medium
155219790,0.63241583,Medium
152451822,0.44314954,Medium
158101440,0.5355459,Medium
157948164,0.4559926,Medium
275954340,0.4286858,Medium
364258634,0.19961557,Low
263389638,0.11412456,Low
64736148,0.3792252,Medium
97871706,0.6864305,High
95086932,0.27209526,Low
332014850,0.48856828,Medium
291743952,0.58329934,Medium
67314702,0.64473486,Medium
176894856,0.4083515,Medium
162328428,0.43583056,Medium
140597742,0.3511079,Medium
96302952,0.51141685,Medium
295565894,0.45608813,Medium
336139832,0.2946755,Low
237909978,0.37041026,Medium
81422178,0.5538912,Medium
379603994,0.45894292,Medium
194062554,0.41604537,Medium
131859378,0.43797204,Medium
81184170,0.27678624,Low
266167488,0.2867916,Low
144590124,0.27302212,Low
284769666,0.39441168,Medium
211915968,0.30751207,Low
308406632,0.5722844,Medium
143250318,0.30877066,Low
48929082,0.4826979,Medium
174638148,0.6215235,Medium
151294812,0.27425298,Low
111478512,0.46309435,Medium
3782454,0.42045748,Medium
106185540,0.43779844,Medium
443139440,0.3890331,Medium
27496566,0.7731821,High
65386770,0.5595771,Medium
364843616,0.55830383,Medium
169233234,0.36095026,Medium
150793650,0.40858802,Medium
139965420,0.63331693,Medium
365524676,0.48276645,Medium
88590342,0.2975508,Low
31005966,0.37448463,Medium
246113658,0.37952602,Medium
16581396,0.40978056,Medium
225586044,0.33281195,Medium
64090752,0.3163852,Low
161696844,0.5858466,Medium
281031768,0.56958765,Medium
385014068,0.5533897,Medium
145400682,0.24442211,Low
115588548,0.4489754,Medium
11322402,0.3713199,Medium
220772748,0.48515412,Medium
84609966,0.57098657,Medium
181412556,0.47155666,Medium
121700010,0.64684826,Medium
179108028,0.3843629,Medium
119528988,0.39189035,Medium
238802928,0.5013111,Medium
128383896,0.2465077,Low
11425506,0.3244959,Low
118561314,0.42428473,Medium
440189060,0.53538114,Medium
399567992,0.4726969,Medium
199612116,0.40661275,Medium
105224202,0.55590814,Medium
62335254,0.6027842,Medium
181825182,0.36068264,Medium
38462154,0.48315942,Medium
235892652,0.46244532,Medium
187345962,0.62862396,Medium
124181226,0.3903977,Medium
198664914,0.26666558,Low
80248266,0.42004216,Medium
58107024,0.31062803,Low
192571284,0.6327991,Medium
72186690,0.5620227,Medium
93892914,0.77283716,High
95001696,0.5314414,Medium
103310130,0.16606662,Low
28868538,0.4615415,Medium
138071448,0.28289202,Low
158498718,0.3433712,Medium
174419520,0.50942814,Medium
75291678,0.39587682,Medium
221906712,0.26511475,Low
218874960,0.3391826,Medium
145057014,0.56398875,Medium
234870828,0.37517157,Medium
302476490,0.5861627,Medium
120247308,0.6366763,Medium
100220922,0.4538512,Medium
351295790,0.31301323,Low
9802986,0.40148228,Medium
155421150,0.36547598,Medium
347843630,0.62503284,Medium
179676000,0.6624478,High
33290448,0.46060053,Medium
70473756,0.5278319,Medium
155566200,0.5701622,Medium
424929914,0.5609231,Medium
133275000,0.37496388,Medium
205510158,0.09804212,Low
313112984,0.63401693,Medium
327255242,0.47582293,Medium
92456568,0.20979543,Low
35119596,0.6064819,Medium
59945790,0.3274633,Low
279690054,0.37907562,Medium
440251022,0.5268,Medium
64656966,0.48383862,Medium
266374344,0.34474105,Medium
153017016,0.33541456,Medium
374860598,0.34567618,Medium
24033516,0.5663658,Medium
87952644,0.3987103,Medium
372010988,0.5766146,Medium
126342660,0.3835986,Medium
173528820,0.24033388,Low
208031442,0.81369704,High
233234346,0.41572613,Medium
226040196,0.43593815,Medium
122605086,0.34589446,Medium
61173546,0.5441564,Medium
155062734,0.33491296,Medium
433849178,0.4458562,Medium
176737512,0.51236975,Medium
72013284,0.57345384,Medium
372591002,0.46360925,Medium
145144056,0.8879577,High
344316902,0.34590545,Medium
24904776,0.45414397,Medium
121121466,0.52974004,Medium
73330872,0.2376865,Low
425569394,0.5313698,Medium
61228806,0.43676075,Medium
46597998,0.5069062,Medium
199818948,0.2962377,Low
26661804,0.29889536,Low
47168220,0.44651967,Medium
277206360,0.39639863,Medium
187957560,0.44612107,Medium
190858332,0.31406698,Low
90308196,0.40234715,Medium
137906724,0.35113105,Medium
174291972,0.32692182,Low
176098512,0.544921,Medium
108146364,0.26909277,Low
130686498,0.48977965,Medium
242774784,0.4388497,Medium
29758806,0.23668295,Low
68983428,0.35863495,Medium
114134892,0.3327508,Medium
169940550,0.450366,Medium
434868986,0.3197795,Low
389060084,0.5761526,Medium
77891214,0.5390362,Medium
133271004,0.5311008,Medium
147812706,0.28510374,Low
286870224,0.34093317,Medium
443226344,0.51255107,Medium
4174734,0.4150605,Medium
98083710,0.44942367,Medium
305522756,0.36106744,Medium
257676984,0.5327629,Medium
60818850,0.56687176,Medium
166885338,0.40157285,Medium
343071824,0.35522422,Medium
162924654,0.17101471,Low
110327730,0.5827695,Medium
154602264,0.32054046,Low
173752536,0.39408055,Medium
184204224,0.6589095,Medium
151662162,0.45095232,Medium
69773196,0.468478,Medium
33446280,0.30948272,Low
108462960,0.34635594,Medium
415471526,0.54030514,Medium
106435236,0.31036857,Low
357805670,0.43302044,Medium
237915960,0.4454751,Medium
17829780,0.41332176,Medium
150468900,0.5690849,Medium
164912172,0.12018413,Low
60516540,0.52174956,Medium
67172652,0.4515144,Medium
90874266,0.46155277,Medium
194858088,0.68905914,High
85533624,0.35490924,Medium
64410,0.35433564,Medium
157627176,0.46304977,Medium
18868590,0.4605587,Medium
153576582,0.38683075,Medium
383727476,0.5749306,Medium
76772646,0.5104251,Medium
405635042,0.6579444,Medium
182389698,0.56998783,Medium
168408090,0.4146959,Medium
139546164,0.5536893,Medium
170366442,0.56577766,Medium
24152844,0.3925819,Medium
193668486,0.3080316,Low
262598610,0.34104443,Medium
83680926,0.43827665,Medium
89522724,0.34320223,Medium
224039412,0.34560668,Medium
130289346,0.40244582,Medium
189863658,0.38199428,Medium
24267606,0.48688918,Medium
297221216,0.54123455,Medium
146732382,0.49030268,Medium
22230570,0.48923606,Medium
105104940,0.5035949,Medium
105929322,0.53857225,Medium
2852430,0.38814613,Medium
104279862,0.2639563,Low
19635270,0.37412387,Medium
67419252,0.39083242,Medium
68189364,0.46970236,Medium
103130688,0.5556829,Medium
153543270,0.5826305,Medium
269387268,0.5362028,Medium
114140808,0.37864202,Medium
125007240,0.5863749,Medium
101003478,0.390549,Medium
14564508,0.5442076,Medium
255928956,0.51214594,Medium
101796984,0.44703418,Medium
252489990,0.330408,Medium
144421188,0.455006,Medium
26940744,0.62935805,Medium
91450284,0.31371102,Low
152001522,0.3546272,Medium
67405584,0.28659207,Low
135209820,0.7303704,High
62328126,0.6364671,Medium
77182674,0.38923714,Medium
157029060,0.28534478,Low
205640730,0.49085465,Medium
220153710,0.30905774,Low
151633752,0.3865978,Medium
107273574,0.43599835,Medium
89729262,0.38972163,Medium
132406812,0.12767902,Low
328426796,0.32026204,Low
404430962,0.38791108,Medium
186466914,0.57995033,Medium
433212602,0.63302326,Medium
158352546,0.3981766,Medium
302574992,0.43545574,Medium
189577824,0.4353067,Medium
187161030,0.27052593,Low
128076978,0.7272367,High
263643798,0.4534101,Medium
262290210,0.32826188,Low
247188726,0.46197486,Medium
82430436,0.41484734,Medium
51364362,0.49126676,Medium
385583330,0.38750988,Medium
376689056,0.450453,Medium
403278818,0.28072205,Low
72437820,0.7042319,High
102051786,0.43256524,Medium
25429458,0.37221235,Medium
109285632,0.5822061,Medium
177863172,0.26122528,Low
36658890,0.51541436,Medium
85170930,0.5092059,Medium
91584234,0.48712403,Medium
160062600,0.5059253,Medium
271683456,0.4189235,Medium
144499338,0.565492,Medium
99742884,0.4561675,Medium
58814274,0.17555903,Low
278449776,0.40928224,Medium
224692998,0.42119876,Medium
25657254,0.748897,High
52023414,0.51818913,Medium
149841558,0.52876836,Medium
259044840,0.30455303,Low
202134120,0.34234667,Medium
255762468,0.29278353,Low
250467018,0.4481594,Medium
49896054,0.29903257,Low
257935680,0.44509003,Medium
344243750,0.43081796,Medium
269410596,0.458706,Medium
103109304,0.48403198,Medium
286829706,0.541521,Medium
85820550,0.27181163,Low
63657654,0.63200045,Medium
108384828,0.63128185,Medium
28464144,0.5074425,Medium
98851518,0.4274927,Medium
9700524,0.2749132,Low
331434134,0.35081783,Medium
112222902,0.6089562,Medium
205151184,0.27601793,Low
350704328,0.5902695,Medium
367255802,0.65248823,Medium
126892950,0.43566483,Medium
293801252,0.44201815,Medium
53426646,0.62634254,Medium
44232672,0.5813967,Medium
162226164,0.405208,Medium
84264996,0.53384167,Medium
47052102,0.40552965,Medium
120366222,0.44488108,Medium
200845662,0.3531647,Medium
97894146,0.37009317,Medium
344815940,0.36117485,Medium
28026396,0.21210915,Low
200239440,0.2572853,Low
40398840,0.46888345,Medium
143234466,0.3123984,Low
320746958,0.5361501,Medium
249478614,0.41796917,Medium
133096866,0.3258329,Low
61475892,0.6472552,Medium
45623346,0.43228582,Medium
251072232,0.38665715,Medium
69092190,0.64740294,Medium
154190766,0.5914003,Medium
38816556,0.4820682,Medium
27884634,0.26449403,Low
230661192,0.3409377,Medium
81821154,0.40914395,Medium
108241422,0.2780745,Low
41598534,0.42138293,Medium
9871368,0.35327488,Medium
240529584,0.395658,Medium
110888994,0.30738726,Low
301304948,0.4804179,Medium
88854222,0.37792274,Medium
168782484,0.52954185,Medium
361900352,0.39373064,Medium
161829738,0.28119776,Low
20396892,0.501503,Medium
25299756,0.48447683,Medium
103540242,0.5590831,Medium
387918938,0.30003247,Low
115227606,0.57579446,Medium
80846724,0.5521957,Medium
104467704,0.47224337,Medium
219415176,0.3189765,Low
115253358,0.3661869,Medium
87526266,0.56561327,Medium
11948952,0.32746416,Low
145628436,0.36237025,Medium
78590964,0.24966092,Low
228944874,0.546857,Medium
104298006,0.40304703,Medium
153683688,0.44797942,Medium
150205536,0.57528085,Medium
131236614,0.4100585,Medium
357242654,0.7036572,High
269235300,0.4138057,Medium
53506074,0.21437374,Low
157407102,0.35253972,Medium
267654750,0.43203288,Medium
58618668,0.31640723,Low
150048,0.37810993,Medium
173738586,0.5688805,Medium
164975004,0.45881703,Medium
106135902,0.30478948,Low
53393712,0.58829385,Medium
12315474,0.44951263,Medium
271544694,0.35171264,Medium
156026604,0.37253642,Medium
190090386,0.41438314,Medium
310782698,0.48660618,Medium
430222808,0.6382774,Medium
94290456,0.58073413,Medium
165244740,0.71906686,High
108071826,0.5043516,Medium
31316184,0.35677186,Medium
271044750,0.46415037,Medium
265873344,0.5859088,Medium
209831412,0.50437385,Medium
220851132,0.58509755,Medium
173936364,0.6227792,Medium
279690786,0.3118232,Low
228345984,0.28425068,Low
58514244,0.25526285,Low
42023208,0.34736055,Medium
230702304,0.57805794,Medium
98166636,0.29430377,Low
120968034,0.45502788,Medium
143884020,0.2388383,Low
106491396,0.52338135,Medium
132528762,0.36999434,Medium
166408908,0.6297082,Medium
255195864,0.54406303,Medium
104432322,0.44355476,Medium
42571182,0.42343718,Medium
104791986,0.62652403,Medium
170425272,0.6359914,Medium
92873970,0.60260427,Medium
196281948,0.24262461,Low
116988510,0.4134493,Medium
255131814,0.30798364,Low
87484116,0.53912026,Medium
426105914,0.44462848,Medium
259855452,0.64484024,Medium
3252690,0.28002903,Low
78293832,0.26249304,Low
113148588,0.47484985,Medium
427327406,0.3007781,Low
281413902,0.26925364,Low
12890952,0.37593165,Medium
170133228,0.53459233,Medium
203170974,0.3323557,Medium
148493706,0.5152545,Medium
82184754,0.36976394,Medium
161573820,0.57364285,Medium
257546262,0.3171227,Low
28945098,0.37217432,Medium
157449246,0.57775617,Medium
208934274,0.3937209,Medium
114015900,0.6503816,Medium
288616434,0.43670514,Medium
104775648,0.52389896,Medium
180896124,0.33481663,Medium
119832888,0.50056595,Medium
101871594,0.50887823,Medium
103975872,0.41691303,Medium
248350002,0.6630126,High
282595158,0.14331318,Low
242090580,0.36921352,Medium
37665414,0.51797837,Medium
64032888,0.33196577,Medium
41237034,0.4205002,Medium
242531904,0.5124444,Medium
133980312,0.37917486,Medium
128331366,0.5491874,Medium
255616590,0.5303101,Medium
24415296,0.6680589,High
149625528,0.318208,Low
224380140,0.55065364,Medium
296669744,0.5131032,Medium
178002330,0.36430493,Medium
247750170,0.58752245,Medium
65754042,0.5543621,Medium
289528434,0.49172753,Medium
223384932,0.6149947,Medium
11003568,0.65473104,Medium
100478940,0.22841954,Low
240132540,0.45534214,Medium
158391702,0.4208676,Medium
157899324,0.60097086,Medium
26136330,0.44966653,Medium
269714286,0.4815912,Medium
190522458,0.32587487,Low
86942304,0.31628948,Low
109996962,0.35806465,Medium
44960538,0.33138946,Medium
105878154,0.6510945,Medium
104640840,0.5602339,Medium
147561384,0.64966697,Medium
151530654,0.5778801,Medium
138445614,0.43032438,Medium
207983286,0.48512137,Medium
22732956,0.42056787,Medium
236650650,0.6610528,High
361413536,0.5328852,Medium
55889946,0.5217562,Medium
87460164,0.45070568,Medium
17854332,0.775678,High
397869896,0.25939563,Low
155952552,0.42337695,Medium
187642986,0.4711148,Medium
73919622,0.4480611,Medium
100882782,0.6305684,Medium
36056496,0.422203,Medium
307808768,0.5962146,Medium
94756182,0.3233312,Low
92421918,0.567195,Medium
42993846,0.63962287,Medium
192977268,0.41957092,Medium
84692448,0.67899895,High
153170406,0.512811,Medium
103448106,0.54864615,Medium
191333160,0.32653645,Low
174030396,0.6965383,High
217755138,0.6372591,Medium
217823370,0.40335703,Medium
59103204,0.51633155,Medium
108097530,0.2860012,Low
190314144,0.37882614,Medium
97378650,0.62119246,Medium
128604384,0.55362844,Medium
141844578,0.25192058,Low
154856394,0.4555535,Medium
59739678,0.64638776,Medium
293793464,0.56288886,Medium
66141834,0.43104917,Medium
173174214,0.4167915,Medium
55864884,0.5878316,Medium
115077534,0.3038333,Low
157157730,0.56184196,Medium
208771398,0.3523052,Medium
123283962,0.5657337,Medium
120065190,0.38326204,Medium
53049300,0.34668753,Medium
218331852,0.39595544,Medium
262835340,0.43174657,Medium
51224628,0.5516981,Medium
41014986,0.3909167,Medium
156078714,0.29788503,Low
138110088,0.37267053,Medium
208480602,0.5600258,Medium
119413464,0.273155,Low
2521974,0.55090773,Medium
99930654,0.3606964,Medium
44032128,0.41970146,Medium
261951414,0.31247634,Low
39179484,0.7557584,High
402020042,0.4105937,Medium
187723134,0.50728333,Medium
277061550,0.3139122,Low
154879134,0.62325543,Medium
59652222,0.32082558,Low
197661240,0.5674357,Medium
162287100,0.41014004,Medium
170106486,0.3428311,Medium
109170804,0.46468365,Medium
166810920,0.4088644,Medium
53724888,0.6158775,Medium
68805864,0.35084593,Medium
189004464,0.43638265,Medium
360784634,0.670572,High
200164998,0.39693716,Medium
198186090,0.49663264,Medium
145293420,0.5539381,Medium
220573692,0.4401586,Medium
181612908,0.2971274,Low
363087656,0.4278774,Medium
317197940,0.41310388,Medium
174075084,0.24046092,Low
102710862,0.41367218,Medium
143715900,0.57075924,Medium
107671950,0.5003267,Medium
156486930,0.27502385,Low
71564490,0.42283887,Medium
94537608,0.31760314,Low
60439788,0.39442474,Medium
55057182,0.44132543,Medium
150727050,0.3749769,Medium
133352172,0.41709235,Medium
82193550,0.4152485,Medium
129661608,0.44579622,Medium
248309340,0.6849356,High
99248412,0.35437492,Medium
139550460,0.5451747,Medium
22610208,0.41732973,Medium
227749266,0.2710045,Low
134687028,0.4683467,Medium
233765508,0.32115835,Low
181016922,0.39986417,Medium
219321906,0.40548092,Medium
279198894,0.5917001,Medium
98891400,0.31330746,Low
5056230,0.8185444,High
104087280,0.4291989,Medium
430897358,0.62904274,Medium
34214298,0.5868235,Medium
37339572,0.42462295,Medium
26306598,0.34041154,Medium
427306166,0.32452783,Low
119902986,0.37501514,Medium
110562360,0.50509906,Medium
88707972,0.38348305,Medium
159688686,0.75825834,High
343662380,0.29787084,Low
109270926,0.4437353,Medium
401430566,0.53909004,Medium
158383014,0.38416824,Medium
63942408,0.37138766,Medium
149527464,0.17151001,Low
391407890,0.5580182,Medium
162024720,0.5002377,Medium
436786034,0.54417545,Medium
258050238,0.36348113,Medium
49604418,0.5706975,Medium
326741228,0.33104524,Medium
413210876,0.5527885,Medium
56341230,0.70966095,High
128638068,0.30893573,Low
97505976,0.33963245,Medium
31258956,0.4215945,Medium
236210730,0.6242684,Medium
31180512,0.51457554,Medium
22206840,0.36453494,Medium
328434968,0.35597032,Medium
92001408,0.57369065,Medium
73613550,0.4593945,Medium
74568690,0.23680642,Low
160395726,0.37916344,Medium
65723946,0.40109774,Medium
307816292,0.68742675,High
58848936,0.5844383,Medium
33451506,0.43979955,Medium
77972898,0.5329585,Medium
146718768,0.62290543,Medium
100077588,0.3455749,Medium
214499964,0.8233361,High
127428606,0.6861974,High
57198816,0.37812194,Medium
126765882,0.46169448,Medium
42812376,0.26420775,Low
72064878,0.48955426,Medium
167295378,0.627802,Medium
151488780,0.62376857,Medium
111463080,0.27987537,Low
61010592,0.31729358,Low
10441134,0.5485631,Medium
173566008,0.56861156,Medium
41521428,0.38677642,Medium
95216628,0.34519798,Medium
182101908,0.51040316,Medium
122337090,0.6375848,Medium
231307026,0.37059817,Medium
63997926,0.46650392,Medium
108267366,0.36008662,Medium
99694416,0.32337558,Low
146560290,0.638517,Medium
82257048,0.26046863,Low
150690468,0.29665074,Low
102184740,0.48437166,Medium
130105944,0.7400288,High
181279782,0.5772749,Medium
151965642,0.37011176,Medium
33978768,0.5924628,Medium
60432834,0.6706012,High
302519132,0.45935687,Medium
44585490,0.5692007,Medium
94872504,0.41482607,Medium
97910826,0.58651847,Medium
300794804,0.36524826,Medium
42747198,0.47985175,Medium
47422590,0.45253512,Medium
293772572,0.76324826,High
77663802,0.46548465,Medium
174110214,0.54349333,Medium
156541044,0.8088655,High
137600988,0.6339924,Medium
343182632,0.54612297,Medium
302490806,0.5130842,Medium
129843852,0.3608086,Medium
159781638,0.48107067,Medium
432603512,0.4246085,Medium
103415532,0.31714785,Low
65817450,0.49458122,Medium
36236244,0.46463686,Medium
257920806,0.34241748,Medium
59354214,0.5017698,Medium
158517852,0.43970153,Medium
26323434,0.45814192,Medium
107802822,0.2826241,Low
319674278,0.43229187,Medium
158177334,0.6369161,Medium
57879336,0.388258,Medium
32344368,0.36062568,Medium
96616416,0.5379304,Medium
109628532,0.5683065,Medium
281125404,0.5258517,Medium
289642422,0.66184115,High
146203752,0.39173645,Medium
152646996,0.6064601,Medium
93155916,0.5263925,Medium
108110082,0.43354046,Medium
323227958,0.28835338,Low
190689258,0.52449954,Medium
173345346,0.4303226,Medium
264504048,0.45888567,Medium
209337054,0.42057815,Medium
185768064,0.46228358,Medium
184944582,0.7669381,High
73999554,0.5067268,Medium
90047118,0.63036674,Medium
128454756,0.3573548,Medium
81502518,0.19513747,Low
172408902,0.5737844,Medium
77874660,0.53681326,Medium
83711484,0.61520714,Medium
163631232,0.3298266,Low
153491898,0.49519837,Medium
73166778,0.44946322,Medium
142483944,0.32392177,Low
165380502,0.47521847,Medium
60015924,0.52173203,Medium
178451508,0.40072328,Medium
168210474,0.48676962,Medium
78453852,0.5176661,Medium
201337506,0.7372213,High
383189642,0.49860612,Medium
140440590,0.37292737,Medium
25144572,0.49921557,Medium
46991358,0.5841007,Medium
82287552,0.37860495,Medium
119408604,0.33675247,Medium
280893498,0.3271459,Low
99536844,0.34900236,Medium
264802068,0.53276056,Medium
175555458,0.44159076,Medium
38348802,0.580063,Medium
74270496,0.35271588,Medium
184185366,0.57589024,Medium
182788128,0.4130552,Medium
62596386,0.22093475,Low
2869680,0.3704987,Medium
284658294,0.46469328,Medium
159388668,0.36858973,Medium
84711426,0.39109856,Medium
71577720,0.40972036,Medium
186606972,0.5309322,Medium
352641440,0.562586,Medium
188043450,0.3985395,Medium
75076590,0.4535013,Medium
68174274,0.5520889,Medium
309078710,0.33661532,Medium
42124794,0.69256425,High
66962196,0.7134731,High
55158924,0.32702154,Low
112834596,0.378499,Medium
134070444,0.56240433,Medium
106487826,0.2234071,Low
199228674,0.47214925,Medium
127876758,0.49303177,Medium
239813274,0.6256603,Medium
381349442,0.30991995,Low
412582208,0.4713253,Medium
111811632,0.4849172,Medium
101680362,0.36226925,Medium
77864334,0.45309177,Medium
153547716,0.39649147,Medium
270267876,0.62169254,Medium
366719516,0.47425643,Medium
203587656,0.48265824,Medium
433692854,0.6503211,Medium
139562586,0.6067293,Medium
155366064,0.6142179,Medium
407922920,0.389226,Medium
75605694,0.54316825,Medium
111405090,0.33468628,Medium
68745516,0.34869057,Medium
386168210,0.47426513,Medium
59283900,0.5967713,Medium
150399522,0.2264396,Low
275391774,0.4223678,Medium
133295322,0.55432695,Medium
169080876,0.283883,Low
369008348,0.5838592,Medium
22468122,0.43537238,Medium
157404666,0.3102841,Low
112955010,0.67628133,High
128727726,0.47536093,Medium
78786744,0.434979,Medium
112584486,0.45412275,Medium
98109546,0.43416712,Medium
12827964,0.3352732,Medium
47408520,0.51638705,Medium
98753946,0.32336026,Low
104802516,0.40697044,Medium
366118406,0.48121262,Medium
116565366,0.5260215,Medium
48499116,0.5497986,Medium
230273586,0.45275205,Medium
146299458,0.5340782,Medium
34110354,0.36824343,Medium
103128060,0.2924571,Low
132551832,0.54877466,Medium
55136430,0.4766327,Medium
112691484,0.39967987,Medium
184037070,0.5304681,Medium
105092424,0.23563632,Low
55320924,0.53543776,Medium
212436288,0.46996608,Medium
353688230,0.118129924,Low
48162540,0.5970467,Medium
305445860,0.28317454,Low
322461176,0.39459884,Medium
77271948,0.623218,Medium
23146950,0.34289524,Medium
51882000,0.64203024,Medium
337759274,0.6790646,High
138759174,0.34604582,Medium
98990226,0.35353535,Medium
227440926,0.5305415,Medium
65767380,0.13421209,Low
9440592,0.543443,Medium
157400808,0.27905363,Low
357224030,0.6135594,Medium
86761536,0.3417403,Medium
339577844,0.6020201,Medium
117576468,0.47346947,Medium
119919390,0.3401744,Medium
96196752,0.45012012,Medium
141537864,0.36022443,Medium
186292752,0.353904,Medium
141376614,0.60061944,Medium
292699584,0.32225427,Low
62995668,0.3261632,Low
160789764,0.49053767,Medium
252460284,0.38263115,Medium
274856712,0.43485555,Medium
417901916,0.5534378,Medium
208973568,0.5407226,Medium
157699272,0.4888715,Medium
108073512,0.6762958,High
71544786,0.5218714,Medium
420161900,0.45026916,Medium
191346900,0.34163493,Medium
149476218,0.5642893,Medium
35266056,0.35140306,Medium
102260634,0.5019012,Medium
141031176,0.38650674,Medium
340279736,0.51042974,Medium
250950414,0.57749945,Medium
76888668,0.47082373,Medium
202831722,0.35609034,Medium
145543302,0.62044716,Medium
194207088,0.3629027,Medium
38793006,0.2490154,Low
118162890,0.52939135,Medium
168132366,0.31935132,Low
216906978,0.2913238,Low
104018952,0.5685677,Medium
130558218,0.2757292,Low
106962174,0.62635994,Medium
150994038,0.3652698,Medium
160899594,0.26043457,Low
274062144,0.3596436,Medium
220740654,0.57354754,Medium
196801848,0.29924583,Low
232133796,0.3441686,Medium
75018552,0.39366686,Medium
79474950,0.4709762,Medium
143869830,0.5134421,Medium
173196876,0.45682082,Medium
12863172,0.25327992,Low
9363210,0.438092,Medium
103451316,0.48144788,Medium
98102460,0.5713308,Medium
32034162,0.16075549,Low
224449548,0.34751335,Medium
84846984,0.44824705,Medium
123779322,0.5985207,Medium
150958668,0.27420938,Low
120688038,0.46532017,Medium
383829152,0.31917343,Low
159039114,0.53218067,Medium
203904540,0.3945825,Medium
25288374,0.28001803,Low
419737346,0.38417554,Medium
226971810,0.4898202,Medium
39494598,0.56303215,Medium
157971174,0.507099,Medium
154767504,0.4423857,Medium
155949294,0.34400097,Medium
38687232,0.41150582,Medium
255698724,0.5166237,Medium
107301540,0.6443745,Medium
294970952,0.22756879,Low
88208928,0.4282698,Medium
95287092,0.38291916,Medium
135355074,0.54561424,Medium
238381452,0.45026818,Medium
245803452,0.39297327,Medium
12228258,0.56744725,Medium
101973876,0.38852978,Medium
82741590,0.6094938,Medium
208633446,0.37464657,Medium
44671278,0.21196926,Low
201621888,0.554968,Medium
151489938,0.47725055,Medium
68227074,0.45117867,Medium
19786188,0.7016327,High
260113026,0.47605494,Medium
24036006,0.61656237,Medium
403256054,0.41215754,Medium
10007172,0.6121764,Medium
127326876,0.48787418,Medium
407904908,0.3507261,Medium
71055108,0.55742276,Medium
273813564,0.38758147,Medium
318439094,0.38174257,Medium
274455186,0.46343073,Medium
161006898,0.41158885,Medium
165416490,0.32180274,Low
95088318,0.78768307,High
111719004,0.44653508,Medium
74341560,0.5094856,Medium
205762692,0.32970464,Low
155692314,0.26446968,Low
133028628,0.45312592,Medium
29034342,0.53709584,Medium
225749496,0.5157569,Medium
116352312,0.22027315,Low
66260964,0.41853866,Medium
158496936,0.4390168,Medium
157742568,0.40452003,Medium
237412476,0.4647904,Medium
180152700,0.6141483,Medium
127542138,0.30384564,Low
214325130,0.3188483,Low
58783392,0.47829285,Medium
21311436,0.33246657,Medium
22082898,0.46633035,Medium
206069880,0.31113353,Low
109156824,0.34171087,Medium
286970046,0.5913663,Medium
25316520,0.47132826,Medium
144607014,0.41543388,Medium
153404436,0.30815187,Low
110441292,0.56012213,Medium
131530452,0.5460527,Medium
77886096,0.3813152,Medium
375517226,0.3940267,Medium
301324088,0.818171,High
50067168,0.11293549,Low
90661140,0.548558,Medium
43180170,0.19546744,Low
106270848,0.47941482,Medium
185684634,0.5984507,Medium
222292662,0.46875465,Medium
413133944,0.35686967,Medium
9808008,0.4879729,Medium
357840194,0.17485315,Low
257284878,0.43567526,Medium
400206608,0.55074465,Medium
184694802,0.38692963,Medium
96795792,0.63052213,Medium
15678234,0.2771882,Low
147264372,0.26167172,Low
230494818,0.5733223,Medium
85790220,0.543857,Medium
271404870,0.29926914,Low
92099880,0.5036154,Medium
79126302,0.5614785,Medium
332472614,0.31608173,Low
161966622,0.52050096,Medium
28013400,0.48347566,Medium
55270266,0.52031153,Medium
147891750,0.40359148,Medium
140945292,0.44430453,Medium
311907704,0.4240538,Medium
53568414,0.55277795,Medium
12094656,0.10339247,Low
205952808,0.40136543,Medium
182462232,0.48453102,Medium
107718252,0.45178887,Medium
355455362,0.4362048,Medium
259555266,0.26082274,Low
102269514,0.36492032,Medium
90746334,0.507166,Medium
164597832,0.4867416,Medium
131478150,0.4590328,Medium
215605614,0.38635194,Medium
61945758,0.49863213,Medium
17722854,0.4948264,Medium
144981042,0.47254056,Medium
62565102,0.64192826,Medium
127030992,0.44160378,Medium
2524134,0.5717973,Medium
174616482,0.59418005,Medium
152569422,0.52458996,Medium
141495624,0.53064656,Medium
121397340,0.6520927,Medium
100489260,0.49716988,Medium
163414824,0.8624111,High
292819680,0.47048265,Medium
168798732,0.67825675,High
86139612,0.50575405,Medium
73530300,0.44514123,Medium
364932728,0.5361366,Medium
170843460,0.59424806,Medium
30996486,0.42054203,Medium
304821230,0.47836855,Medium
404904206,0.60491425,Medium
385429238,0.39375246,Medium
38601126,0.770165,High
31850508,0.39898595,Medium
403695998,0.3297528,Low
74861400,0.5326467,Medium
134801052,0.2889169,Low
132151776,0.40879694,Medium
168257940,0.32113507,Low
153515400,0.3209164,Low
277914468,0.39435583,Medium
146747940,0.5013584,Medium
96210942,0.41675457,Medium
164295624,0.5391386,Medium
61367148,0.69697094,High
244236378,0.5688573,Medium
157444506,0.5470211,Medium
166522242,0.5100662,Medium
182855262,0.3544861,Medium
218651586,0.48435125,Medium
70624284,0.46916163,Medium
85694202,0.25115758,Low
244160388,0.5969555,Medium
143731194,0.49848932,Medium
164093712,0.66611814,High
143560548,0.55134875,Medium
4560078,0.3501757,Medium
102262776,0.47108698,Medium
35952246,0.51162314,Medium
120449112,0.6406001,Medium
234700656,0.41183993,Medium
59507058,0.6217123,Medium
58988868,0.3685902,Medium
181288326,0.37455517,Medium
150337200,0.36325693,Medium
147837192,0.5042264,Medium
70018314,0.6364607,Medium
105840888,0.44521338,Medium
179572122,0.45373377,Medium
239656314,0.3925924,Medium
104157906,0.24787666,Low
234797460,0.36534464,Medium
170676276,0.425478,Medium
167605182,0.47429338,Medium
223403442,0.28573945,Low
186129138,0.51591414,Medium
115189284,0.29113024,Low
184270770,0.61122113,Medium
87466560,0.38513258,Medium
23846610,0.36460942,Medium
163136748,0.5963189,Medium
120463596,0.30254441,Low
274626804,0.5659556,Medium
67197114,0.6555637,Medium
260513214,0.44909483,Medium
216179268,0.3259617,Low
150837246,0.585366,Medium
287550108,0.55237955,Medium
424422476,0.5688065,Medium
60030018,0.33646494,Medium
416118104,0.38277167,Medium
45663864,0.5090301,Medium
157325052,0.39088368,Medium
14721240,0.39382794,Medium
273931338,0.587429,Medium
133772718,0.23959777,Low
149980212,0.5470188,Medium
107643162,0.56753993,Medium
232736406,0.5156198,Medium
122123412,0.43046096,Medium
148008246,0.3880954,Medium
247025718,0.439054,Medium
52461822,0.6658992,High
134678370,0.72392774,High
155080506,0.41762343,Medium
59654238,0.68414867,High
311430878,0.34982327,Medium
173364648,0.31411448,Low
84613554,0.36943674,Medium
96265176,0.4368974,Medium
171110862,0.34306625,Medium
64156728,0.45175803,Medium
148495332,0.5434046,Medium
166401060,0.36219716,Medium
99170556,0.61902297,Medium
43878462,0.58002865,Medium
277156158,0.35542133,Medium
126393336,0.78047967,High
140242416,0.51406384,Medium
192646542,0.54145986,Medium
31958532,0.43120736,Medium
156473040,0.4840507,Medium
178512486,0.60035485,Medium
77871900,0.17695333,Low
115796844,0.59131396,Medium
370311836,0.40850413,Medium
162395088,0.7396046,High
229093752,0.39525726,Medium
172163622,0.27806732,Low
123024480,0.47241282,Medium
384388778,0.41051853,Medium
178381740,0.49853018,Medium
99846954,0.49545744,Medium
160807362,0.24765296,Low
100950966,0.33616576,Medium
10052046,0.44415057,Medium
43338636,0.33292198,Medium
136589034,0.40935603,Medium
53458614,0.48488414,Medium
265128168,0.48218426,Medium
13139940,0.53806996,Medium
309022286,0.44628018,Medium
269965302,0.33246243,Medium
326671856,0.54723984,Medium
3787566,0.07983943,Low
83801526,0.46054086,Medium
159260268,0.4887172,Medium
310114124,0.34170583,Medium
157061472,0.47112334,Medium
108494178,0.38043326,Medium
125948412,0.6323161,Medium
119711844,0.7481512,High
82853076,0.27244788,Low
281620014,0.8378877,High
61563054,0.4400651,Medium
176217576,0.29610437,Low
119723484,0.7176155,High
30300474,0.34934413,Medium
181106226,0.24567229,Low
65398980,0.30039147,Low
11930628,0.5144245,Medium
30709272,0.54693496,Medium
113255136,0.35751277,Medium
60153882,0.3634674,Medium
175707606,0.53745675,Medium
137068470,0.52955866,Medium
64286964,0.41788214,Medium
149385750,0.609716,Medium
58711764,0.5560625,Medium
318976472,0.5476588,Medium
236773428,0.25676528,Low
96568332,0.47060528,Medium
154290996,0.4102064,Medium
90525606,0.60241115,Medium
409689932,0.41058773,Medium
122383566,0.2976071,Low
175563750,0.39208117,Medium
130748460,0.4156328,Medium
115338684,0.6433043,Medium
117887430,0.50218713,Medium
189205020,0.29542693,Low
166215876,0.56347686,Medium
127373250,0.55740666,Medium
64679634,0.32711908,Low
58400436,0.528056,Medium
114607830,0.3541792,Medium
115527378,0.412057,Medium
158484030,0.45061818,Medium
70583676,0.63189834,Medium
165916518,0.60093147,Medium
83933592,0.36012122,Medium
166264734,0.38874486,Medium
167704962,0.47623515,Medium
291950160,0.4376064,Medium
163675704,0.4855665,Medium
189218406,0.6592362,Medium
16396764,0.44181854,Medium
194358702,0.56044656,Medium
35395386,0.37633142,Medium
287621676,0.411401,Medium
277653258,0.4506434,Medium
135878490,0.56390274,Medium
161096214,0.51309186,Medium
134973714,0.40596268,Medium
101617314,0.2333539,Low
36451644,0.3468377,Medium
287215614,0.32387903,Low
356725868,0.54589814,Medium
154944828,0.43073824,Medium
19893978,0.35447583,Medium
169233246,0.5111734,Medium
286101984,0.37183937,Medium
137678442,0.3018837,Low
373845032,0.49207458,Medium
189516240,0.37219033,Medium
111693330,0.38524047,Medium
199920042,0.49222624,Medium
157930908,0.41257352,Medium
427846220,0.32818732,Low
154925430,0.5321517,Medium
100345572,0.33189505,Medium
76498602,0.47222495,Medium
120509814,0.5366474,Medium
3108096,0.31743976,Low
219402456,0.5752154,Medium
124431390,0.38423744,Medium
237597642,0.7567116,High
92707074,0.3452783,Medium
1193868,0.25303242,Low
62914284,0.57823145,Medium
38805078,0.48780596,Medium
70323180,0.42513806,Medium
115631490,0.40950835,Medium
220586244,0.3570365,Medium
127200054,0.3175758,Low
228550692,0.28388616,Low
97872372,0.4498014,Medium
4039038,0.42353702,Medium
181380522,0.55427814,Medium
2476920,0.43588918,Medium
233423022,0.4874904,Medium
8414376,0.30405307,Low
107774526,0.122151986,Low
119632446,0.42563644,Medium
261472860,0.4621814,Medium
186762804,0.68200445,High
183659880,0.40371436,Medium
196774764,0.30982184,Low
277454154,0.478007,Medium
17396628,0.27293408,Low
163111914,0.48383343,Medium
381912764,0.60192424,Medium
224653338,0.26438895,Low
108461034,0.6498108,Medium
330256946,0.5339651,Medium
65248086,0.7698152,High
204039066,0.37321392,Medium
193678056,0.46849385,Medium
187615776,0.49808133,Medium
174562050,0.55143183,Medium
109679982,0.4554813,Medium
134775732,0.50194556,Medium
123272922,0.37436193,Medium
167119548,0.5076107,Medium
277187724,0.44508246,Medium
37662246,0.43591663,Medium
124105998,0.4392806,Medium
148066020,0.5979743,Medium
169220514,0.45312712,Medium
329042066,0.34656224,Medium
161969508,0.6406911,Medium
39852672,0.52338964,Medium
257794242,0.43643886,Medium
14162172,0.51352435,Medium
60557586,0.36646184,Medium
141154344,0.32186067,Low
161770314,0.37151086,Medium
58728228,0.4061646,Medium
190450968,0.84147745,High
109533564,0.6837185,High
89646522,0.5912296,Medium
143875656,0.6952341,High
51892926,0.43814114,Medium
148364028,0.26344588,Low
140340852,0.23595224,Low
163437948,0.63487977,Medium
145808880,0.31655952,Low
180217374,0.5385644,Medium
333102866,0.53181046,Medium
23528004,0.38497478,Medium
85499790,0.24642195,Low
44973006,0.55273545,Medium
119412906,0.34854376,Medium
404892548,0.31804898,Low
159110316,0.28925246,Low
405519674,0.19110042,Low
11303886,0.26594204,Low
131858148,0.45997795,Medium
37582044,0.42092055,Medium
3156462,0.30761006,Low
188390046,0.31705388,Low
85619982,0.37457672,Medium
153358908,0.49867737,Medium
125604024,0.37980714,Medium
263254656,0.29593512,Low
186561828,0.59928125,Medium
217507764,0.4687309,Medium
373667012,0.50903296,Medium
257089410,0.62343735,Medium
101604750,0.570016,Medium
416106482,0.5587239,Medium
419114912,0.51032263,Medium
54809772,0.3211948,Low
47447538,0.38063544,Medium
88816608,0.47804153,Medium
180654696,0.50905794,Medium
15543384,0.6781163,High
135187338,0.39973894,Medium
143725044,0.46226946,Medium
192639990,0.44925338,Medium
243670404,0.42978558,Medium
31805850,0.51329786,Medium
25412460,0.3908963,Medium
387374462,0.58495694,Medium
35844084,0.43824723,Medium
219747180,0.5455147,Medium
280976034,0.3242919,Low
104095626,0.2984997,Low
34264308,0.590838,Medium
71976138,0.4001335,Medium
164252544,0.4325846,Medium
155478138,0.29856014,Low
201905316,0.55225044,Medium
32299986,0.37145564,Medium
118675866,0.3432284,Medium
109178952,0.6540476,Medium
1212006,0.5949072,Medium
152663310,0.55280757,Medium
31671540,0.18058945,Low
371428352,0.466949,Medium
16396500,0.60604393,Medium
154994880,0.406257,Medium
202391628,0.3291906,Low
222781398,0.37718356,Medium
92616606,0.39304417,Medium
282611250,0.36049804,Medium
176551608,0.58358085,Medium
57106836,0.5164304,Medium
195913620,0.58033407,Medium
287380896,0.24167328,Low
161047554,0.4847846,Medium
393765740,0.2765908,Low
105364992,0.4756266,Medium
199826694,0.35037464,Medium
243753570,0.46818033,Medium
83146530,0.41694948,Medium
122307834,0.438267,Medium
68071596,0.3571107,Medium
148363884,0.642727,Medium
145047630,0.79554904,High
140984502,0.321438,Low
207862242,0.4866159,Medium
160154892,0.41067812,Medium
85965810,0.48299396,Medium
234652746,0.6937518,High
172800720,0.25114545,Low
25955160,0.4579242,Medium
162981180,0.40630797,Medium
139493808,0.5815899,Medium
26147664,0.34354,Medium
251185206,0.46527487,Medium
100892628,0.458781,Medium
91079766,0.39554882,Medium
102494598,0.40356928,Medium
175588068,0.53390485,Medium
117227880,0.627636,Medium
86262306,0.6347606,Medium
161212038,0.3322167,Medium
54368352,0.47823918,Medium
333810092,0.40480417,Medium
339643652,0.39721248,Medium
438574052,0.45024654,Medium
290242914,0.36049354,Medium
166972116,0.3649703,Medium
27591930,0.53679657,Medium
111628314,0.17525527,Low
158806170,0.459755,Medium
88329084,0.48858696,Medium
233760546,0.36446702,Medium
252123924,0.57086337,Medium
78754674,0.5585619,Medium
189602712,0.6378659,Medium
62602044,0.4594581,Medium
66220638,0.4174705,Medium
35303796,0.4918906,Medium
159842844,0.575987,Medium
83599062,0.32740504,Low
347806022,0.27368474,Low
86137776,0.44285962,Medium
260407050,0.4430159,Medium
27438606,0.37147853,Medium
81469764,0.4988651,Medium
105749994,0.53704613,Medium
63437190,0.4646432,Medium
98792442,0.664431,High
118063314,0.3561479,Medium
165525690,0.52915895,Medium
35417052,0.37062842,Medium
178164684,0.5221555,Medium
7770666,0.6055724,Medium
90927306,0.647253,Medium
119230752,0.34871504,Medium
42933918,0.60818017,Medium
43723836,0.46300858,Medium
118161804,0.4633523,Medium
36441438,0.44571927,Medium
192274332,0.38710654,Medium
47996646,0.37892526,Medium
65514018,0.4824753,Medium
58896030,0.36065775,Medium
191435952,0.43737602,Medium
51489078,0.41838378,Medium
246703914,0.35475472,Medium
159673524,0.77004623,High
273533712,0.16474093,Low
52487658,0.56622964,Medium
396645368,0.40322122,Medium
194194302,0.48081267,Medium
119908668,0.5999931,Medium
120067026,0.44254217,Medium
159687258,0.50623816,Medium
293056314,0.43019786,Medium
4139334,0.33802438,Medium
368391530,0.47254395,Medium
13257384,0.4571869,Medium
264395112,0.5036926,Medium
128941248,0.49594963,Medium
179822052,0.5640547,Medium
84245748,0.40603122,Medium
150576672,0.44908366,Medium
181923510,0.36687845,Medium
149803842,0.43505144,Medium
89645952,0.60147566,Medium
165134904,0.31072935,Low
127009362,0.45691085,Medium
141659184,0.30851698,Low
189590814,0.4337653,Medium
202353558,0.314929,Low
407337680,0.44821945,Medium
120567702,0.27874357,Low
316104134,0.5772085,Medium
104494602,0.5528496,Medium
42470796,0.5582459,Medium
283340388,0.409274,Medium
80183100,0.5038222,Medium
26728752,0.6678739,High
173152164,0.490292,Medium
147350850,0.29048383,Low
116192166,0.4642857,Medium
72454866,0.81890154,High
150230454,0.5521057,Medium
83049582,0.6164292,Medium
88640574,0.5698235,Medium
243208302,0.47825515,Medium
85425570,0.30308756,Low
382062728,0.46506727,Medium
41144142,0.24540453,Low
126306762,0.32098812,Low
211357986,0.38044354,Medium
191004540,0.3541637,Medium
131888562,0.3219595,Low
11702694,0.46530893,Medium
29909268,0.7134857,High
240188694,0.61253124,Medium
259494900,0.44214615,Medium
189949686,0.54024214,Medium
148292280,0.34175798,Medium
53479494,0.3908771,Medium
104338794,0.38364148,Medium
51486780,0.41190502,Medium
76112346,0.6834165,High
152382414,0.21165374,Low
24601086,0.4673614,Medium
160292160,0.38913557,Medium
150539514,0.3806401,Medium
179490912,0.40612143,Medium
285812862,0.60793746,Medium
17236530,0.36345625,Medium
163841670,0.35992378,Medium
214789128,0.5436948,Medium
156478020,0.576557,Medium
90797148,0.38079074,Medium
46428330,0.29981956,Low
209190522,0.54420865,Medium
120531282,0.50856906,Medium
14147142,0.5369958,Medium
97049976,0.35742068,Medium
29167980,0.59533316,Medium
307908674,0.34189397,Medium
282582858,0.28797945,Low
106369092,0.33021617,Medium
72530760,0.8562254,High
60115668,0.39697635,Medium
170451342,0.4994727,Medium
52191114,0.24146122,Low
89693550,0.36118338,Medium
242849256,0.63595307,Medium
202547982,0.40087482,Medium
285257202,0.32975292,Low
7067946,0.42767042,Medium
69469812,0.44674522,Medium
10898268,0.3994706,Medium
82312914,0.48810178,Medium
97878288,0.70342946,High
182049666,0.6506635,Medium
443842022,0.5649762,Medium
82955508,0.42177624,Medium
248982612,0.36984804,Medium
36119778,0.6012186,Medium
300706466,0.4032539,Medium
169467204,0.30709258,Low
32498994,0.32023668,Low
288533478,0.48186725,Medium
272154348,0.45659637,Medium
155177670,0.5256062,Medium
100111254,0.8008661,High
242346720,0.3262817,Low
125654664,0.42765716,Medium
73997466,0.5172965,Medium
131793330,0.48493138,Medium
127798446,0.2652914,Low
70816602,0.33017534,Medium
258051564,0.39479673,Medium
239958702,0.20731486,Low
136258764,0.42098004,Medium
327814478,0.3743239,Medium
261714102,0.48705134,Medium
13941942,0.5164372,Medium
215350782,0.36183834,Medium
3986274,0.5415799,Medium
84939198,0.56297296,Medium
115975356,0.56461155,Medium
148886850,0.2784122,Low
136359666,0.3236096,Low
128336682,0.4839364,Medium
235139904,0.3113474,Low
56455476,0.46719366,Medium
102879444,0.2865109,Low
243392022,0.48598367,Medium
109731054,0.40792292,Medium
168890562,0.45810595,Medium
67713180,0.3566141,Medium
102867834,0.3037603,Low
149485704,0.5915361,Medium
34967370,0.61486644,Medium
156028872,0.53387415,Medium
46189272,0.50188714,Medium
105693564,0.582524,Medium
93268026,0.71412855,High
125935788,0.57432544,Medium
175001274,0.3966769,Medium
169420602,0.3433761,Medium
85604334,0.52456295,Medium
160164330,0.6912902,High
12134712,0.42278922,Medium
429120956,0.30755404,Low
145247484,0.4761037,Medium
150266616,0.46398965,Medium
50030070,0.7750828,High
22483392,0.40124667,Medium
95816748,0.37825802,Medium
68787864,0.35330206,Medium
97482774,0.41001862,Medium
100821828,0.4647126,Medium
305428046,0.5332787,Medium
47290080,0.56298715,Medium
379578428,0.4618161,Medium
59561496,0.27833173,Low
270072456,0.5084814,Medium
31249002,0.7359449,High
275594808,0.44979015,Medium
43359036,0.44962853,Medium
133737456,0.6594362,Medium
91189440,0.68944377,High
56854950,0.38993216,Medium
166319520,0.42590666,Medium
149378568,0.60884994,Medium
156133050,0.46006158,Medium
116722122,0.39734858,Medium
69978756,0.53355,Medium
160432482,0.72581875,High
140379096,0.71644145,High
44807610,0.6672069,High
158018202,0.3827114,Medium
209327562,0.47657293,Medium
178965912,0.31308758,Low
132533226,0.4567536,Medium
410309342,0.46914178,Medium
117038064,0.37691832,Medium
185156772,0.4342918,Medium
9118542,0.6100138,Medium
394964732,0.3870476,Medium
270067962,0.44163966,Medium
170320824,0.5809012,Medium
250903362,0.48190773,Medium
185248986,0.63912195,Medium
54003684,0.64088684,Medium
96539304,0.5311153,Medium
232099044,0.49421588,Medium
267701838,0.6872491,High
102880578,0.48590672,Medium
73192878,0.42905995,Medium
165695916,0.28763628,Low
153992898,0.4907966,Medium
32007030,0.3508478,Medium
259601934,0.4756589,Medium
138703878,0.34588033,Medium
159606312,0.36954546,Medium
156394692,0.2599212,Low
6991644,0.23189537,Low
36351402,0.35999447,Medium
96716748,0.7194639,High
188866116,0.48735183,Medium
39553086,0.39506173,Medium
327807662,0.6177549,Medium
283422678,0.35796604,Medium
107173842,0.37872338,Medium
384366992,0.60896224,Medium
319002902,0.27233428,Low
39061560,0.33486986,Medium
148701822,0.5628683,Medium
242906862,0.39619073,Medium
20901012,0.40182504,Medium
103171254,0.34638947,Medium
290717856,0.60963774,Medium
14559828,0.3588228,Medium
49165416,0.51017135,Medium
109894692,0.5637055,Medium
17112066,0.49862513,Medium
257015808,0.5002609,Medium
102366534,0.37712464,Medium
106076364,0.44747692,Medium
388375256,0.7547223,High
89548590,0.45274124,Medium
78186078,0.3796508,Medium
96293070,0.39543068,Medium
339669092,0.41808942,Medium
206965704,0.51811326,Medium
37676976,0.6027407,Medium
65260488,0.6033423,Medium
314310014,0.37989214,Medium
51724710,0.49642625,Medium
31094082,0.43738866,Medium
102474300,0.6025647,Medium
136386534,0.4515135,Medium
145995234,0.70167255,High
94353342,0.2866836,Low
85659822,0.6223843,Medium
92619342,0.44039977,Medium
20677956,0.38053417,Medium
163422702,0.31574923,Low
166030374,0.22052757,Low
255423372,0.30898383,Low
62677032,0.48146567,Medium
190209912,0.13733685,Low
32707026,0.3671216,Medium
165674730,0.3560493,Medium
33042534,0.2902013,Low
52334148,0.47702485,Medium
150603882,0.48217064,Medium
227609100,0.3146978,Low
103748490,0.42794567,Medium
185164584,0.4200617,Medium
241442478,0.33000612,Medium
171917964,0.43903598,Medium
161179914,0.18383873,Low
88402626,0.44459614,Medium
163924380,0.49575892,Medium
181830678,0.50580496,Medium
149841798,0.6160114,Medium
235314492,0.40624395,Medium
320709956,0.2876887,Low
71660874,0.35257277,Medium
53226024,0.6373191,Medium
82553100,0.36713517,Medium
73547772,0.38935158,Medium
91593804,0.29581764,Low
133358622,0.53465664,Medium
184649424,0.27063864,Low
36575376,0.54461443,Medium
59828742,0.35282627,Medium
440251070,0.249593,Low
41366334,0.45487046,Medium
70356708,0.3646886,Medium
97074168,0.43908307,Medium
236290176,0.34247783,Medium
80134554,0.5191396,Medium
287944404,0.45362335,Medium
35758890,0.48959494,Medium
163691994,0.5152993,Medium
35253924,0.59329903,Medium
83505408,0.4272201,Medium
182922594,0.43804404,Medium
86526966,0.6106511,Medium
350800322,0.34530678,Medium
111446160,0.45058772,Medium
21917286,0.41183898,Medium
228202296,0.45890474,Medium
224403858,0.33680376,Medium
229092300,0.4435147,Medium
19507620,0.5431627,Medium
46992030,0.46029463,Medium
42752202,0.5601158,Medium
39730848,0.11695177,Low
184106052,0.53733,Medium
232018104,0.40472052,Medium
60567270,0.52996564,Medium
87742284,0.33953497,Medium
184057710,0.37230587,Medium
341933756,0.53775394,Medium
56488182,0.6978204,High
90865806,0.60831904,Medium
423220226,0.33159083,Medium
53383524,0.54574925,Medium
132586728,0.35314772,Medium
42916098,0.4055333,Medium
86729058,0.22325413,Low
55315524,0.5749929,Medium
173744508,0.28471705,Low
331956032,0.28789112,Low
92399532,0.6288309,Medium
122916006,0.2825201,Low
232128222,0.58877414,Medium
261528174,0.30551368,Low
94630632,0.5118347,Medium
74341206,0.6330066,Medium
82093452,0.34635806,Medium
300170174,0.53754884,Medium
289266936,0.54219896,Medium
206718894,0.34694803,Medium
146761050,0.36457688,Medium
94203702,0.35563907,Medium
110124084,0.5531314,Medium
184121688,0.27706507,Low
66428070,0.28870934,Low
94870026,0.52428126,Medium
25702470,0.4380733,Medium
272071080,0.29902723,Low
176700660,0.51587206,Medium
84931158,0.79149425,High
87848592,0.266364,Low
310718756,0.3973332,Medium
175636986,0.29216436,Low
234543552,0.32732183,Low
173718264,0.34807467,Medium
72130902,0.4180225,Medium
246685674,0.35086423,Medium
223033374,0.45780048,Medium
139027380,0.5051142,Medium
105296580,0.48052156,Medium
147272892,0.41018236,Medium
85020564,0.21982054,Low
319632548,0.51660544,Medium
171413424,0.627555,Medium
229551474,0.55657125,Medium
26307744,0.264646,Low
87958416,0.5474998,Medium
39827232,0.28660163,Low
153539370,0.56282145,Medium
108642546,0.43942535,Medium
58996044,0.49004763,Medium
198271620,0.27761576,Low
61706166,0.39936602,Medium
17578188,0.43115115,Medium
397811672,0.61729264,Medium
102144024,0.13585281,Low
98833998,0.40937772,Medium
26864694,0.5557611,Medium
129339294,0.27120128,Low
76286244,0.09875436,Low
277968816,0.32305667,Low
82675188,0.23212254,Low
171028806,0.6276582,Medium
345455924,0.4075338,Medium
16981560,0.275668,Low
31699890,0.37568823,Medium
97036056,0.4663147,Medium
254597814,0.25792837,Low
314865470,0.42790073,Medium
108285594,0.34894383,Medium
113989620,0.30436417,Low
261378246,0.3792273,Medium
130222404,0.5101542,Medium
127512018,0.5259511,Medium
340722458,0.5354837,Medium
67521234,0.50121087,Medium
182808666,0.6325326,Medium
136395702,0.4265701,Medium
256416768,0.39357787,Medium
170839164,0.4891215,Medium
125822232,0.41281852,Medium
140073774,0.5967682,Medium
179682666,0.37971914,Medium
243417654,0.624568,Medium
137838240,0.64029247,Medium
166422846,0.54900515,Medium
47472846,0.4123505,Medium
192839106,0.40312004,Medium
160061958,0.7317113,High
88949382,0.53292155,Medium
90174378,0.12453394,Low
147598800,0.6841239,High
320859620,0.5124843,Medium
127282716,0.44974568,Medium
276702084,0.44979554,Medium
95731254,0.85571235,High
132420576,0.3338464,Medium
89555124,0.63789535,Medium
85991910,0.66689575,High
206691840,0.51846653,Medium
281905710,0.44438285,Medium
56943246,0.4517702,Medium
294822752,0.52183276,Medium
255205152,0.4395409,Medium
126030066,0.4575585,Medium
195235992,0.47151604,Medium
138956802,0.71751845,High
224410938,0.3356914,Medium
109623834,0.34786925,Medium
197920182,0.37484694,Medium
313702484,0.23698181,Low
3301014,0.29646733,Low
320238500,0.43328387,Medium
167296680,0.4624143,Medium
162993174,0.4608436,Medium
41772774,0.5423323,Medium
93622368,0.4625775,Medium
111609948,0.5069992,Medium
157976910,0.40183493,Medium
167647716,0.5981512,Medium
9045156,0.74107134,High
29738268,0.29005623,Low
358423430,0.5236067,Medium
166572738,0.24143489,Low
128567004,0.45602414,Medium
147029124,0.5061103,Medium
108381810,0.42554912,Medium
282278094,0.34474573,Medium
235253712,0.8079952,High
45350826,0.4031034,Medium
199227756,0.4752986,Medium
154020372,0.43009657,Medium
83947362,0.5667138,Medium
215667120,0.73680514,High
176292420,0.5237566,Medium
57944640,0.300284,Low
37789698,0.50902694,Medium
2565846,0.49307847,Medium
82675992,0.42225862,Medium
84173898,0.44861528,Medium
57373236,0.31971875,Low
70926156,0.51955336,Medium
146023734,0.53898025,Medium
253834092,0.46843162,Medium
217325136,0.4265211,Medium
144411744,0.35786527,Medium
117876636,0.36635998,Medium
162495618,0.64121926,Medium
86552418,0.4478931,Medium
130540188,0.37672397,Medium
383753948,0.45489118,Medium
9465900,0.24497956,Low
292065684,0.41177112,Medium
116594928,0.44674054,Medium
94820490,0.4273096,Medium
301900574,0.4735301,Medium
196509096,0.61956567,Medium
123619500,0.32941014,Low
150008166,0.8035744,High
180868962,0.587535,Medium
66015186,0.54288983,Medium
53293200,0.59173906,Medium
122306910,0.3264472,Low
283661148,0.46292394,Medium
117993444,0.48042077,Medium
59117022,0.22460105,Low
59621862,0.5046408,Medium
159594306,0.60815376,Medium
160978494,0.47278622,Medium
54124086,0.501507,Medium
58941978,0.48216054,Medium
144243168,0.37284538,Medium
156391920,0.39916673,Medium
181661868,0.31185964,Low
105842340,0.3840384,Medium
416690582,0.47934148,Medium
282811770,0.583405,Medium
172833006,0.52588,Medium
108571134,0.34489506,Medium
26890008,0.5897056,Medium
95669388,0.5244034,Medium
236088864,0.62776184,Medium
123308340,0.53943485,Medium
65553948,0.53597176,Medium
105349464,0.5266991,Medium
168882354,0.5410385,Medium
234789930,0.51822203,Medium
127569108,0.32128373,Low
230248794,0.6836579,High
57697416,0.4104999,Medium
206850510,0.38179353,Medium
280749690,0.51891077,Medium
98271402,0.40223408,Medium
94533432,0.42930862,Medium
150429084,0.33815798,Medium
100128600,0.13524118,Low
177923916,0.4548821,Medium
108945150,0.29682726,Low
110233740,0.6331945,Medium
163901670,0.31349397,Low
256897656,0.6144372,Medium
309582242,0.537667,Medium
47898258,0.66990864,High
158980032,0.4371355,Medium
186507198,0.34675732,Medium
152865240,0.57868224,Medium
183741234,0.47058803,Medium
164142372,0.5469546,Medium
133941786,0.21278533,Low
161515278,0.3555529,Medium
390193370,0.44317913,Medium
58984632,0.48903215,Medium
406754900,0.33754206,Medium
97954554,0.26537293,Low
239268708,0.6986253,High
89563884,0.45957562,Medium
156801222,0.3577239,Medium
128909286,0.603962,Medium
214385664,0.4667265,Medium
37898196,0.49015284,Medium
100997124,0.45756736,Medium
158051154,0.34613585,Medium
101821524,0.37855056,Medium
211950330,0.3411432,Medium
366089552,0.45201227,Medium
3105624,0.45308164,Medium
100612230,0.37775686,Medium
34531164,0.37685952,Medium
144641070,0.5144827,Medium
254376924,0.5378835,Medium
56195802,0.26938424,Low
262783266,0.6221259,Medium
243901512,0.37466592,Medium
216965958,0.52677375,Medium
69462624,0.48836383,Medium
193923384,0.5737356,Medium
163204128,0.43607485,Medium
143383998,0.5939541,Medium
153908100,0.4648431,Medium
11301414,0.4725363,Medium
219181872,0.39177412,Medium
199798428,0.61718297,Medium
220351872,0.654291,Medium
4969548,0.28760844,Low
230823756,0.41374373,Medium
87618924,0.46026078,Medium
327904304,0.7927751,High
50677416,0.58336395,Medium
22716474,0.35199237,Medium
99160806,0.4211195,Medium
76947318,0.1775441,Low
157474938,0.29627743,Low
243651846,0.394801,Medium
247030302,0.6989582,High
131272050,0.43946403,Medium
70426704,0.57574105,Medium
250837788,0.46178296,Medium
162337578,0.40592164,Medium
441971180,0.3715399,Medium
97389216,0.43088987,Medium
210059772,0.6717299,High
69470112,0.32404116,Low
286873758,0.3100266,Low
122359098,0.347424,Medium
48619230,0.5474835,Medium
254301762,0.46237725,Medium
130833276,0.36935136,Medium
42139620,0.6439142,Medium
395555816,0.29412252,Low
148932144,0.44393986,Medium
20269980,0.31641898,Low
109038180,0.3793964,Medium
158711442,0.4839027,Medium
165894354,0.4882888,Medium
141828396,0.32843497,Low
31358874,0.3139292,Low
91229652,0.45182246,Medium
111240300,0.5613077,Medium
95019108,0.18591845,Low
333074780,0.6560155,Medium
198378120,0.41961527,Medium
119128944,0.44987085,Medium
195502614,0.5122065,Medium
225235074,0.42744884,Medium
245546790,0.56801724,Medium
157068294,0.59507346,Medium
308373116,0.49961543,Medium
244207962,0.49383074,Medium
120237720,0.460959,Medium
110919888,0.5010126,Medium
42073620,0.44811553,Medium
146428746,0.31910616,Low
147848214,0.49046987,Medium
27037782,0.33756948,Medium
64841868,0.5641504,Medium
336731816,0.40252936,Medium
76734606,0.544679,Medium
159762846,0.6636181,High
255563370,0.37372616,Medium
229087866,0.34748733,Medium
34283394,0.26289105,Low
321438854,0.60702443,Medium
95330088,0.61318314,Medium
22312962,0.72615,High
193225974,0.5627896,Medium
271243284,0.34762907,Medium
246404664,0.48776445,Medium
27760116,0.60244524,Medium
146972028,0.49311396,Medium
269415810,0.29787606,Low
109888956,0.57531047,Medium
160497582,0.40209243,Medium
41361468,0.46849495,Medium
405564224,0.2535267,Low
68799498,0.53438675,Medium
185718468,0.35595685,Medium
27059532,0.60747105,Medium
377370614,0.58417314,Medium
184623390,0.611475,Medium
293428884,0.3406497,Medium
158605290,0.45668772,Medium
101593848,0.4042316,Medium
118124322,0.49673238,Medium
132574116,0.54109305,Medium
238749936,0.48293155,Medium
440896970,0.3595188,Medium
189484074,0.35795167,Medium
126617682,0.6522834,Medium
297319820,0.29530638,Low
41977842,0.5170361,Medium
22019778,0.37307242,Medium
7957170,0.46144426,Medium
39505332,0.55149585,Medium
170069298,0.5631106,Medium
247034460,0.37327465,Medium
50110476,0.60910547,Medium
90688956,0.40655786,Medium
63663708,0.5935333,Medium
120841950,0.66489124,High
37677354,0.5284131,Medium
182050224,0.4411415,Medium
96356292,0.4051434,Medium
7934502,0.53857815,Medium
297218282,0.48008797,Medium
132844404,0.37087488,Medium
152958432,0.48377258,Medium
223337598,0.43558744,Medium
103319040,0.40032402,Medium
183191076,0.3914912,Medium
277264188,0.31228027,Low
170040684,0.54803276,Medium
58488450,0.56010836,Medium
148530918,0.5699613,Medium
130540446,0.7562937,High
172302576,0.4307769,Medium
12669024,0.39577016,Medium
209345802,0.5254838,Medium
134740146,0.30718765,Low
155393880,0.69030905,High
18188694,0.20970476,Low
166612254,0.4777575,Medium
80732640,0.44218102,Medium
41024826,0.6828621,High
219841440,0.3861713,Medium
141373740,0.59935355,Medium
166247454,0.408645,Medium
171549150,0.55672663,Medium
28444332,0.6415944,Medium
19506006,0.3784905,Medium
196097394,0.46488395,Medium
169255368,0.6361704,Medium
153701034,0.5817529,Medium
146282196,0.48970422,Medium
152961360,0.4204193,Medium
250440108,0.5010318,Medium
50190072,0.27660102,Low
405050036,0.42319587,Medium
153534138,0.75166047,High
62303322,0.23065202,Low
282226842,0.5429786,Medium
175634946,0.46233794,Medium
36345342,0.27555004,Low
205767636,0.54119104,Medium
106942224,0.18305978,Low
42693108,0.37709987,Medium
160255674,0.41805574,Medium
175832298,0.33348465,Medium
151403820,0.68136424,High
101918742,0.60323995,Medium
110948442,0.6111095,Medium
133754490,0.42307162,Medium
35163642,0.3446599,Medium
90906120,0.37489927,Medium
166674954,0.42554227,Medium
167149548,0.43339893,Medium
24215424,0.46918765,Medium
391378262,0.41069347,Medium
107256414,0.293277,Low
440849348,0.38708946,Medium
26437140,0.4182941,Medium
141156726,0.6397364,Medium
189146382,0.4005835,Medium
196804866,0.44579232,Medium
64994484,0.5949527,Medium
178682808,0.61588013,Medium
329577932,0.49464813,Medium
75064278,0.19017132,Low
285729576,0.36011055,Medium
216172218,0.48116457,Medium
192714642,0.24301806,Low
110038434,0.511778,Medium
291536130,0.40415365,Medium
288965358,0.40687284,Medium
156640740,0.35965815,Medium
7650828,0.60333264,Medium
155215776,0.30753917,Low
51495768,0.36970097,Medium
264713658,0.47341207,Medium
114333246,0.5302828,Medium
188451906,0.45667142,Medium
16732086,0.3543043,Medium
66201222,0.35688385,Medium
218043918,0.5629294,Medium
203667960,0.4332498,Medium
111526236,0.31102547,Low
134750454,0.47462395,Medium
108789900,0.49712637,Medium
173228556,0.62051463,Medium
252460092,0.63209885,Medium
108497724,0.38779268,Medium
31574826,0.3648208,Medium
165635424,0.5812327,Medium
161518398,0.37781987,Medium
105895992,0.298119,Low
63859626,0.49661642,Medium
253104726,0.22068715,Low
210412938,0.38228276,Medium
254357094,0.26105875,Low
99978624,0.41198584,Medium
98129040,0.3068277,Low
209811306,0.42618352,Medium
32470608,0.4605184,Medium
162276732,0.36129624,Medium
418418234,0.3969637,Medium
58620216,0.38735324,Medium
131698062,0.53906554,Medium
206199570,0.7597743,High
77885298,0.39770615,Medium
107375304,0.667923,High
175064442,0.52801687,Medium
210907926,0.44952232,Medium
365535308,0.5518766,Medium
404294498,0.35000974,Medium
50021160,0.4618587,Medium
102873396,0.5289118,Medium
250671264,0.36180288,Medium
36023184,0.46484327,Medium
197632950,0.44951096,Medium
134068122,0.45451608,Medium
61514412,0.49257752,Medium
202362144,0.5135764,Medium
69765474,0.5515922,Medium
125058954,0.7130764,High
256175034,0.39592838,Medium
106681734,0.38730246,Medium
122051730,0.36822903,Medium
225113460,0.8328447,High
148140582,0.4353757,Medium
376079312,0.5377017,Medium
96285456,0.39322722,Medium
136059300,0.5386802,Medium
69991524,0.3722825,Medium
30480642,0.4545352,Medium
123667818,0.30776933,Low
15886692,0.7037061,High
87500376,0.42765296,Medium
157889334,0.3533297,Medium
168464382,0.53255534,Medium
417398588,0.5607988,Medium
148557858,0.3719541,Medium
204675606,0.42686242,Medium
121876308,0.41651446,Medium
204381816,0.46679482,Medium
149370840,0.63583726,Medium
134465046,0.43158168,Medium
35578074,0.71362156,High
271400946,0.45502347,Medium
177251148,0.37426144,Medium
286864470,0.5128599,Medium
94678080,0.32640147,Low
358483436,0.45319346,Medium
121007352,0.6272815,Medium
97679298,0.52462184,Medium
143345346,0.36336517,Medium
168273924,0.48829743,Medium
312464594,0.32085156,Low
52435116,0.5643189,Medium
169378992,0.5726265,Medium
176621274,0.42039275,Medium
46314780,0.37986627,Medium
35018400,0.46619,Medium
84309726,0.3100728,Low
90781986,0.3205254,Low
128438334,0.32771248,Low
258996846,0.41598025,Medium
34840572,0.42773286,Medium
168420528,0.5267104,Medium
32980998,0.5574343,Medium
60658650,0.4932377,Medium
60625860,0.6255322,Medium
53108196,0.53924435,Medium
148839420,0.6579253,Medium
163876002,0.42271042,Medium
96939360,0.56413823,Medium
397922372,0.42133483,Medium
168464796,0.3403847,Medium
96419394,0.62120396,Medium
78643422,0.33913147,Medium
36791724,0.32547626,Low
169148580,0.6065563,Medium
101961498,0.43953252,Medium
341411810,0.4455043,Medium
270120468,0.5532472,Medium
162693174,0.47873363,Medium
244114614,0.47836572,Medium
168757998,0.42929384,Medium
24215826,0.4840595,Medium
106441176,0.5454318,Medium
209034024,0.5092241,Medium
432637316,0.42841196,Medium
135328104,0.3733339,Medium
53990136,0.54134923,Medium
3030000,0.49077252,Medium
113460006,0.34553662,Medium
69108600,0.5540674,Medium
142377546,0.4217484,Medium
150466464,0.4018462,Medium
124585770,0.4764288,Medium
79102290,0.40476394,Medium
194424570,0.54393756,Medium
149252832,0.36740658,Medium
219776532,0.2687099,Low
108041508,0.38940862,Medium
129225168,0.48343635,Medium
26378460,0.35889912,Medium
111962508,0.7356065,High
169328592,0.33713084,Medium
129624096,0.44678098,Medium
118169982,0.36666587,Medium
159646644,0.36748412,Medium
241546494,0.35608748,Medium
217115190,0.5817311,Medium
227025570,0.48673996,Medium
372017924,0.3340729,Medium
333132332,0.5819124,Medium
385557326,0.3213583,Low
140032638,0.3908954,Medium
142166928,0.4136275,Medium
8973804,0.4492885,Medium
33262560,0.55478007,Medium
240993306,0.48995084,Medium
117787290,0.301779,Low
22441062,0.54585326,Medium
231718218,0.41587046,Medium
121413744,0.41046447,Medium
141626550,0.5079932,Medium
262093566,0.56244284,Medium
147311796,0.47289896,Medium
124790160,0.7801515,High
66795366,0.5176132,Medium
286105254,0.32793605,Low
91094952,0.40412068,Medium
27033168,0.4039303,Medium
145667070,0.4870979,Medium
286696668,0.43044612,Medium
162957504,0.3933302,Medium
97874442,0.536826,Medium
63341028,0.4627736,Medium
201650316,0.82759506,High
412572008,0.40230966,Medium
166204110,0.42975235,Medium
166964352,0.49648637,Medium
249304080,0.3160597,Low
49629468,0.39872104,Medium
227661006,0.39872584,Medium
156757302,0.3419821,Medium
60768234,0.58009183,Medium
265279218,0.60906214,Medium
210213510,0.8143774,High
185239188,0.5229653,Medium
360284942,0.29909435,Low
67950750,0.3887359,Medium
273565716,0.6087751,Medium
76331082,0.51232344,Medium
221788116,0.36460984,Medium
129695436,0.5397159,Medium
109609566,0.3259516,Low
182056710,0.59756005,Medium
52498062,0.57890195,Medium
81808632,0.6836278,High
26305812,0.5093749,Medium
26742972,0.6696191,High
162102006,0.3844799,Medium
273399120,0.5111366,Medium
103147386,0.3500633,Medium
172828536,0.4784741,Medium
32745708,0.7156984,High
116952042,0.35788655,Medium
112804272,0.29950416,Low
136926210,0.5913119,Medium
161966790,0.5003369,Medium
48256632,0.6249364,Medium
386130788,0.56630576,Medium
11639670,0.3831424,Medium
55137480,0.48557314,Medium
124070586,0.36720827,Medium
135447942,0.44929683,Medium
251624202,0.45629284,Medium
106595778,0.54082763,Medium
129921786,0.56532174,Medium
273009660,0.56849945,Medium
309552332,0.34585646,Medium
119433942,0.11929376,Low
111916794,0.44836184,Medium
212395890,0.29816487,Low
51611586,0.5576459,Medium
12549966,0.35968733,Medium
108282648,0.53209335,Medium
99292332,0.3773183,Medium
67193262,0.5621006,Medium
226952106,0.43120044,Medium
46472808,0.5604682,Medium
39860580,0.54406863,Medium
243964986,0.45239648,Medium
158360250,0.429815,Medium
108092814,0.47889936,Medium
249173694,0.29044935,Low
159795474,0.6133199,Medium
30836040,0.6523915,Medium
62169708,0.48763514,Medium
110403186,0.4751853,Medium
37059186,0.5904364,Medium
22818462,0.44660735,Medium
150725256,0.5156719,Medium
220827810,0.3967664,Medium
57077640,0.48296526,Medium
143581524,0.5647109,Medium
94875300,0.3635345,Medium
223493166,0.41759616,Medium
214508664,0.56584495,Medium
165774156,0.47517273,Medium
44613552,0.46934804,Medium
74622108,0.47341356,Medium
310196042,0.51426685,Medium
118577202,0.34402314,Medium
146931780,0.35432342,Medium
134201472,0.43137923,Medium
436077494,0.37952533,Medium
278743872,0.36170128,Medium
223750422,0.4339974,Medium
158963670,0.49716663,Medium
81376296,0.45248115,Medium
33859962,0.39882237,Medium
12649218,0.420191,Medium
92120214,0.6465719,Medium
122669898,0.44141546,Medium
120178602,0.44293988,Medium
236964564,0.34611318,Medium
105763860,0.59109706,Medium
132420348,0.45582414,Medium
229508520,0.48366922,Medium
53434146,0.5513914,Medium
214836192,0.3882386,Medium
40568982,0.4322048,Medium
188984268,0.4566389,Medium
171919152,0.28426376,Low
165670692,0.40977204,Medium
437900540,0.17745987,Low
21122676,0.09816403,Low
238883496,0.5701628,Medium
246705846,0.40407124,Medium
131256324,0.28961977,Low
50320500,0.48675758,Medium
243919992,0.43467408,Medium
166439346,0.26732802,Low
202662270,0.39978832,Medium
424913984,0.67441577,High
160144362,0.52767116,Medium
76337850,0.41623855,Medium
26932572,0.67854387,High
355544708,0.50191224,Medium
101805420,0.6312746,Medium
88854750,0.44360566,Medium
155331390,0.64743596,Medium
135495162,0.7718554,High
124713006,0.40552032,Medium
87925182,0.57096875,Medium
285679512,0.59924716,Medium
85989972,0.4058811,Medium
194645484,0.38843784,Medium
32732976,0.41335624,Medium
136295874,0.43365335,Medium
22928196,0.32925442,Low
225663282,0.31541538,Low
179243802,0.51810265,Medium
259755270,0.32038206,Low
70340418,0.33488584,Medium
163006866,0.5078486,Medium
119585184,0.7231255,High
220007664,0.34951404,Medium
45860718,0.47113863,Medium
201344730,0.30991945,Low
251083044,0.38121152,Medium
60662436,0.41467598,Medium
50763444,0.4208032,Medium
133774038,0.3460467,Medium
124263480,0.42751878,Medium
123325512,0.45950603,Medium
55393968,0.41977465,Medium
16979496,0.76054466,High
42472968,0.4801304,Medium
148281504,0.36264282,Medium
185924760,0.8112424,High
64977990,0.49786955,Medium
179695140,0.3678444,Medium
68975340,0.24707152,Low
281181138,0.37244347,Medium
358995056,0.43624452,Medium
176409180,0.4671332,Medium
438993788,0.43244314,Medium
106420410,0.5226268,Medium
179241084,0.34806213,Medium
20855550,0.3316123,Medium
91942284,0.30042997,Low
42920964,0.53965914,Medium
39822306,0.50832915,Medium
400154330,0.7893311,High
39842670,0.53431237,Medium
164556864,0.43088987,Medium
43755348,0.37753096,Medium
116994678,0.3580515,Medium
66770964,0.74516237,High
38734812,0.56764185,Medium
33541338,0.18502958,Low
240412140,0.22358534,Low
181847418,0.3407368,Medium
218999124,0.2607064,Low
125506230,0.46767437,Medium
200279256,0.4396367,Medium
7899324,0.430843,Medium
112375986,0.43956932,Medium
160478382,0.33399597,Medium
72441834,0.3863197,Medium
188258178,0.5059722,Medium
40852650,0.38291404,Medium
143163912,0.5502733,Medium
150200466,0.33229497,Medium
239212560,0.76166517,High
193805388,0.34261128,Medium
130798236,0.29501897,Low
227634774,0.3466967,Medium
135391968,0.3675492,Medium
133171716,0.49865323,Medium
96366642,0.34407407,Medium
117394974,0.34209156,Medium
104274228,0.43682763,Medium
29764110,0.41117236,Medium
277646598,0.7869358,High
149457726,0.55433637,Medium
294888992,0.2743908,Low
100477434,0.48532748,Medium
69750774,0.30120745,Low
270490452,0.28252965,Low
399566384,0.5385257,Medium
84230610,0.5151569,Medium
105767916,0.28969505,Low
171971520,0.22872894,Low
108552114,0.35932928,Medium
175133232,0.33115712,Medium
34440762,0.53184015,Medium
174822870,0.3044144,Low
161106288,0.2972673,Low
177074622,0.57302177,Medium
381941060,0.37140742,Medium
377841854,0.24204947,Low
434368262,0.5356775,Medium
118789200,0.5008254,Medium
160818792,0.5468612,Medium
277808142,0.58027303,Medium
178652436,0.43615702,Medium
248551578,0.36572197,Medium
231048264,0.4042733,Medium
102352554,0.43588108,Medium
421973954,0.41846454,Medium
375432536,0.4339332,Medium
14591838,0.45463142,Medium
22850580,0.3263559,Low
90130464,0.78546196,High
216660600,0.4855367,Medium
10471320,0.27934358,Low
26994318,0.584527,Medium
152420382,0.35172704,Medium
26327268,0.5315144,Medium
91420620,0.515856,Medium
361964000,0.58116275,Medium
367889612,0.50965846,Medium
258257538,0.40002015,Medium
151672236,0.46295047,Medium
100935354,0.49013698,Medium
277499478,0.33739173,Medium
136587648,0.288244,Low
47598084,0.4140175,Medium
158360964,0.5881503,Medium
130409694,0.48679492,Medium
120134832,0.5719082,Medium
344285624,0.42009574,Medium
125293146,0.46989816,Medium
389711858,0.52856636,Medium
441931238,0.42803946,Medium
37828776,0.33685467,Medium
110734386,0.430938,Medium
79819722,0.5966112,Medium
266443230,0.58893925,Medium
422566310,0.52676326,Medium
211388430,0.4639337,Medium
116950314,0.5059075,Medium
176494848,0.091666,Low
119731872,0.47785038,Medium
172262610,0.2401721,Low
105924318,0.68485504,High
180982500,0.46200275,Medium
419624564,0.5341297,Medium
103952580,0.3252153,Low
259574412,0.3247069,Low
148022622,0.6272445,Medium
114800976,0.65312237,Medium
53642406,0.43899748,Medium
242844912,0.5003855,Medium
105812286,0.5509818,Medium
30870354,0.31530076,Low
296671232,0.35204002,Medium
101059062,0.54539585,Medium
63744408,0.46193844,Medium
236534814,0.71848506,High
358480520,0.37631297,Medium
6077826,0.5315152,Medium
397327160,0.6390356,Medium
165750618,0.33539373,Medium
175795122,0.5080852,Medium
109042860,0.4526553,Medium
32192580,0.47576043,Medium
282676518,0.4542456,Medium
52403868,0.3270525,Low
353143100,0.75280255,High
181410456,0.58924,Medium
31394058,0.40438196,Medium
152430948,0.50895154,Medium
102416994,0.81492394,High
148166952,0.18848148,Low
94812768,0.4764585,Medium
87004302,0.35900635,Medium
176340528,0.52993715,Medium
46079406,0.30437165,Low
201621906,0.29764965,Low
32598138,0.47386444,Medium
62916528,0.5066952,Medium
237082404,0.32551584,Low
222395076,0.3942468,Medium
327848246,0.61397016,Medium
126444822,0.74703103,High
37887438,0.3860314,Medium
85352052,0.25356537,Low
139422060,0.4761983,Medium
170677080,0.36718923,Medium
115899306,0.32241988,Low
93318198,0.22022371,Low
281772144,0.33181038,Medium
184658520,0.37696236,Medium
310837676,0.27170515,Low
239447976,0.4306183,Medium
154750878,0.4768991,Medium
89320992,0.4731775,Medium
72323490,0.4181552,Medium
232705908,0.27241617,Low
199521834,0.38163596,Medium
109866906,0.38278067,Medium
41761836,0.43970576,Medium
122684136,0.52478105,Medium
172794816,0.4621834,Medium
159473352,0.47659904,Medium
151572534,0.41556966,Medium
152287494,0.31316003,Low
186474594,0.42560023,Medium
123715446,0.5599513,Medium
99692106,0.4112893,Medium
52244166,0.2995135,Low
22732326,0.7564135,High
406166996,0.36980385,Medium
236389794,0.31820545,Low
47865042,0.48542005,Medium
81345054,0.38584527,Medium
291715152,0.23632172,Low
223819296,0.328593,Low
319610036,0.56877565,Medium
37886430,0.7739708,High
285766812,0.39519328,Medium
54220416,0.4586733,Medium
175112280,0.512685,Medium
108141846,0.46323624,Medium
211952934,0.35698566,Medium
97796244,0.53003347,Medium
175878450,0.41997772,Medium
86113284,0.54742306,Medium
61970862,0.41667762,Medium
167577192,0.5049555,Medium
165063372,0.42043996,Medium
134674146,0.37356186,Medium
104662254,0.42562023,Medium
271526382,0.5136808,Medium
66784842,0.32852843,Low
128998506,0.50917053,Medium
348451382,0.5814753,Medium
347896298,0.5983835,Medium
219776466,0.39932662,Medium
126383112,0.47559127,Medium
93822732,0.4184385,Medium
119539848,0.6453571,Medium
269421876,0.24926497,Low
176331384,0.8103409,High
288016572,0.33026484,Medium
158990670,0.41931412,Medium
406712588,0.44225445,Medium
189574092,0.5925934,Medium
100033452,0.4258117,Medium
344272658,0.48730457,Medium
22463418,0.5526915,Medium
172400904,0.4045547,Medium
160320846,0.63351643,Medium
96635784,0.508861,Medium
118697748,0.32868543,Low
268072302,0.60387814,Medium
83116668,0.4243784,Medium
295407554,0.41782138,Medium
162352218,0.28606442,Low
37852254,0.56013465,Medium
44281686,0.35392654,Medium
131192166,0.33504155,Medium
111936018,0.56066775,Medium
204205986,0.4830449,Medium
158181030,0.51885563,Medium
430292744,0.27891418,Low
66995490,0.35548604,Medium
210635994,0.34758833,Medium
186584172,0.71851254,High
282584550,0.62060183,Medium
149392758,0.2606653,Low
227293950,0.4942538,Medium
103465524,0.32640538,Low
82416966,0.76984,High
243420798,0.44193423,Medium
97486524,0.33686277,Medium
172669374,0.60604936,Medium
51618444,0.6416634,Medium
246982620,0.38458028,Medium
9836934,0.48716325,Medium
244177830,0.51202273,Medium
61172736,0.5631081,Medium
60672522,0.4278298,Medium
35747160,0.36045364,Medium
255667236,0.7233936,High
56200626,0.53458035,Medium
167611734,0.662341,High
351947750,0.4837409,Medium
102941382,0.5051062,Medium
407981462,0.39998344,Medium
42101172,0.53707397,Medium
15976656,0.3470177,Medium
145918344,0.5450382,Medium
202400568,0.53591764,Medium
374307662,0.42967767,Medium
273022722,0.3988752,Medium
4622622,0.61785036,Medium
100043130,0.23657572,Low
52253070,0.38020536,Medium
159814242,0.34495223,Medium
169269210,0.5596744,Medium
110810724,0.34150875,Medium
87061068,0.50000066,Medium
24434394,0.41856006,Medium
111161136,0.41327167,Medium
118659450,0.64132637,Medium
110441790,0.22829178,Low
89746752,0.30693027,Low
249353268,0.43683696,Medium
113135112,0.4652669,Medium
243396774,0.42249185,Medium
117292032,0.15986313,Low
298340864,0.3496669,Medium
4526874,0.3434425,Medium
420179738,0.44506153,Medium
110670042,0.41951165,Medium
250074162,0.5948206,Medium
161779842,0.5992338,Medium
103821162,0.4605847,Medium
234448806,0.5793215,Medium
44277306,0.5204491,Medium
103439070,0.47425997,Medium
142412946,0.66222167,High
125395122,0.5030493,Medium
157669128,0.45637336,Medium
56509428,0.21349798,Low
364919042,0.386062,Medium
269971368,0.500902,Medium
257536380,0.52005565,Medium
253590360,0.26434666,Low
162364728,0.40035868,Medium
189328284,0.41248807,Medium
247075854,0.38667756,Medium
153124404,0.32072654,Low
369705956,0.6110894,Medium
29764440,0.26686284,Low
96097410,0.6143063,Medium
26464410,0.52873504,Medium
108980760,0.46613342,Medium
16623066,0.49140197,Medium
132593544,0.4618875,Medium
153301914,0.4334681,Medium
117184398,0.31804618,Low
8851308,0.63081974,Medium
270231816,0.471725,Medium
61668336,0.45516682,Medium
365609228,0.35516566,Medium
179824500,0.61802113,Medium
427828334,0.379797,Medium
318460610,0.392927,Medium
369569990,0.35766202,Medium
30833166,0.4303569,Medium
95994834,0.33683944,Medium
162730218,0.40157363,Medium
150406854,0.33658266,Medium
35431704,0.41511643,Medium
262019754,0.42403173,Medium
361336784,0.45676962,Medium
82822722,0.59661293,Medium
248215308,0.43985042,Medium
55993452,0.46351042,Medium
201563730,0.5783558,Medium
178187796,0.44126955,Medium
42634140,0.2882327,Low
75265794,0.38352087,Medium
96412206,0.66986084,High
334257146,0.4817316,Medium
56863302,0.4866843,Medium
167709744,0.33281422,Medium
399094214,0.5135728,Medium
16092990,0.3973086,Medium
217008186,0.52961826,Medium
37497480,0.34837106,Medium
419715218,0.49764815,Medium
286957758,0.41045755,Medium
397951652,0.5766194,Medium
53405562,0.36241397,Medium
210574434,0.4012652,Medium
201848964,0.46015024,Medium
166328856,0.48346806,Medium
233063118,0.5764994,Medium
40446438,0.39964867,Medium
2674482,0.31277475,Low
156678522,0.36426955,Medium
193437054,0.32623383,Low
116236008,0.29218706,Low
156516876,0.31032246,Low
157905888,0.49704155,Medium
401424878,0.39932236,Medium
74051322,0.49838257,Medium
23915268,0.3679234,Medium
71163756,0.43081763,Medium
148511082,0.33012256,Medium
315497054,0.3430578,Medium
140873262,0.47442675,Medium
12583980,0.45105723,Medium
425521598,0.35849077,Medium
145258716,0.3140601,Low
418536326,0.40677315,Medium
115530600,0.7556172,High
170405886,0.4010775,Medium
238256382,0.5773387,Medium
249628308,0.36891216,Medium
179571072,0.33985677,Medium
177131040,0.4288507,Medium
204125922,0.73991334,High
74526714,0.5696881,Medium
328966238,0.42401502,Medium
93070800,0.39468563,Medium
10319502,0.5109096,Medium
70131108,0.40411687,Medium
423708032,0.34491724,Medium
169686456,0.47252512,Medium
67198500,0.5282144,Medium
151392996,0.41176432,Medium
67751838,0.47906882,Medium
314984090,0.5461845,Medium
249645168,0.57751775,Medium
24187314,0.650876,Medium
347755448,0.5415462,Medium
282670104,0.2549842,Low
10862544,0.2841218,Low
296121128,0.54925466,Medium
277283238,0.43607938,Medium
169306476,0.3521747,Medium
92349294,0.36331776,Medium
85865232,0.4127132,Medium
7653840,0.42392802,Medium
98307678,0.50812876,Medium
149534628,0.38543695,Medium
231178002,0.4956644,Medium
69338838,0.6191814,Medium
59269170,0.6124919,Medium
289090932,0.48920822,Medium
41043672,0.48893347,Medium
245076120,0.37639564,Medium
175210092,0.44386023,Medium
214106742,0.5823131,Medium
48926544,0.5169477,Medium
197885184,0.45585304,Medium
231587034,0.59822184,Medium
209178636,0.52494127,Medium
97696230,0.67008424,High
241455408,0.32623908,Low
152900862,0.30257767,Low
102528618,0.23004426,Low
107409390,0.48325634,Medium
74190672,0.4629589,Medium
50480016,0.4521794,Medium
25008372,0.3234556,Low
171692238,0.4222303,Medium
43110198,0.33687067,Medium
232906140,0.49118876,Medium
148698420,0.4188738,Medium
22605342,0.4555399,Medium
90138936,0.4124299,Medium
282597378,0.48928413,Medium
167211330,0.378103,Medium
227016804,0.49215865,Medium
129848106,0.47372898,Medium
74911584,0.3031678,Low
391995308,0.63393,Medium
167759628,0.50932735,Medium
246641532,0.4110337,Medium
183046104,0.6662139,High
136848876,0.7627742,High
109142538,0.5009084,Medium
36220146,0.52285314,Medium
226472844,0.647414,Medium
157817796,0.6185569,Medium
352494608,0.48853755,Medium
274547772,0.299365,Low
44716074,0.6065782,Medium
10103670,0.34968475,Medium
125990682,0.45285,Medium
171042366,0.5205586,Medium
71561706,0.47011068,Medium
367237340,0.3597425,Medium
24682920,0.42226693,Medium
288243396,0.13012347,Low
149049234,0.73877054,High
39035268,0.4968675,Medium
158161878,0.54670924,Medium
38049792,0.51352835,Medium
118811454,0.13157596,Low
196124766,0.39356235,Medium
360228134,0.5982745,Medium
279163650,0.39273864,Medium
204541890,0.794712,High
66701898,0.5945091,Medium
155381214,0.5546532,Medium
187851426,0.34067595,Medium
99703140,0.5483942,Medium
168766872,0.35838565,Medium
11947740,0.3167473,Low
98446578,0.57280236,Medium
157712970,0.52890736,Medium
123027084,0.37778437,Medium
84693900,0.55660367,Medium
118420254,0.32857,Low
64719504,0.31773466,Low
14734860,0.43753508,Medium
200069448,0.53190905,Medium
102506322,0.43380272,Medium
44384586,0.3879479,Medium
134942778,0.2896734,Low
146247108,0.5564165,Medium
178188732,0.7064209,High
97580406,0.16551812,Low
325425032,0.36691254,Medium
403820936,0.3483088,Medium
114862446,0.30495873,Low
180063240,0.45929572,Medium
62200884,0.41834122,Medium
19218900,0.4930089,Medium
22202856,0.39246386,Medium
164582382,0.4209916,Medium
173901696,0.58668345,Medium
321910634,0.4388401,Medium
142228614,0.3317564,Medium
105858060,0.37225518,Medium
112879896,0.7600038,High
178043160,0.2797507,Low
175720242,0.20297222,Low
11224782,0.47055408,Medium
405032864,0.27670273,Low
97960512,0.40863532,Medium
27270246,0.4918876,Medium
31057182,0.4046529,Medium
72652926,0.29578876,Low
117467748,0.4375355,Medium
210963930,0.32793152,Low
242344992,0.6269914,Medium
158939808,0.5763394,Medium
354988688,0.5903148,Medium
303176294,0.29831216,Low
140890206,0.4374203,Medium
181279182,0.6731229,High
136522050,0.3428155,Medium
143208066,0.23120405,Low
163753566,0.26150268,Low
165248304,0.488457,Medium
63899574,0.5176294,Medium
5293998,0.17721535,Low
331958672,0.36387864,Medium
329601146,0.42570505,Medium
96148164,0.12581174,Low
205303200,0.32134008,Low
160562904,0.36299506,Medium
164889858,0.42327273,Medium
282601878,0.4360726,Medium
188031654,0.44891414,Medium
178823076,0.35476696,Medium
87724998,0.36809912,Medium
72334800,0.32319632,Low
174342102,0.49535015,Medium
149037822,0.29736957,Low
123451992,0.53581154,Medium
187869552,0.39966136,Medium
118450434,0.4022773,Medium
158375340,0.59916174,Medium
182062302,0.3568973,Medium
121380198,0.47790712,Medium
59219868,0.52906775,Medium
127709406,0.50488836,Medium
414391940,0.34883392,Medium
25585308,0.30758065,Low
36640752,0.7165039,High
181680726,0.6213347,Medium
186807810,0.6878515,High
288946914,0.41564372,Medium
389653106,0.48977306,Medium
24785088,0.39671895,Medium
34457886,0.20322776,Low
100448520,0.36254042,Medium
334316840,0.26828966,Low
167375094,0.49638027,Medium
177420870,0.4384732,Medium
235777968,0.28780356,Low
98944818,0.45627037,Medium
65095602,0.58297384,Medium
137924274,0.32572362,Low
137451096,0.43998754,Medium
218695200,0.38576975,Medium
270640758,0.7507666,High
410178746,0.48856577,Medium
57592578,0.26739627,Low
157416378,0.19362763,Low
202965684,0.32843375,Low
127274412,0.555116,Medium
62464956,0.55025405,Medium
138000606,0.39554727,Medium
29351754,0.40830153,Medium
176790948,0.34329486,Medium
43984602,0.5718369,Medium
40989288,0.6793577,High
187411752,0.49846017,Medium
172443366,0.44365174,Medium
64429098,0.60526145,Medium
229204332,0.39561203,Medium
87404562,0.33893803,Medium
335487230,0.32190928,Low
292554108,0.34616137,Medium
301382204,0.319825,Low
41428158,0.53173935,Medium
373673606,0.38094187,Medium
103211208,0.33160597,Medium
80740128,0.46892056,Medium
49420032,0.5067632,Medium
179218338,0.45491657,Medium
62488848,0.35676578,Medium
162194556,0.39986545,Medium
344308832,0.4600742,Medium
179469024,0.5996088,Medium
428416520,0.43188307,Medium
173231910,0.5473152,Medium
89686434,0.29955423,Low
89858526,0.47466734,Medium
114813288,0.43999046,Medium
355481240,0.5264709,Medium
279561630,0.4334853,Medium
47889636,0.66481346,High
179250432,0.39401162,Medium
128832906,0.28800774,Low
156488040,0.40072665,Medium
177960462,0.45538613,Medium
289027224,0.52987623,Medium
394939394,0.7815965,High
180009186,0.4840441,Medium
281260260,0.35294473,Medium
73917582,0.41071382,Medium
86952192,0.34102377,Medium
133373106,0.44543928,Medium
117211920,0.58593774,Medium
305409800,0.48993436,Medium
94171404,0.6020619,Medium
218167272,0.5182779,Medium
29626962,0.5203214,Medium
98296854,0.44017875,Medium
282687180,0.30313012,Low
86559690,0.37076852,Medium
144148698,0.38136867,Medium
270885012,0.391849,Medium
135715002,0.35460594,Medium
99941292,0.3678234,Medium
134407872,0.83206713,High
41260638,0.32003897,Low
240177744,0.32539123,Low
92969088,0.2408985,Low
193744764,0.33670852,Medium
224128980,0.6432963,Medium
127041864,0.60652864,Medium
81768948,0.33569902,Medium
145175142,0.3238544,Low
182020788,0.54501784,Medium
83896254,0.5298505,Medium
369078050,0.38177368,Medium
288193710,0.5746378,Medium
418513130,0.603034,Medium
419679746,0.57087415,Medium
23457336,0.6785264,High
107880624,0.29781133,Low
110568990,0.3754971,Medium
117381156,0.4974095,Medium
98775864,0.42132565,Medium
278217312,0.45766658,Medium
434988206,0.7410493,High
77661552,0.35871723,Medium
158371572,0.76028913,High
73206816,0.5346493,Medium
236391792,0.5131029,Medium
251352174,0.22997072,Low
429634130,0.42588484,Medium
146763336,0.3077823,Low
72147306,0.43400705,Medium
225706236,0.505401,Medium
20304882,0.50428116,Medium
73918032,0.35877624,Medium
192566178,0.52084905,Medium
241200558,0.44560686,Medium
139943934,0.27679035,Low
376072910,0.7264201,High
252516012,0.28346267,Low
73734402,0.34519356,Medium
169737996,0.47409073,Medium
64910976,0.44961536,Medium
150734544,0.49489075,Medium
103020660,0.5012391,Medium
396749210,0.36331102,Medium
212352042,0.5382631,Medium
160656162,0.31673348,Low
49984644,0.42573342,Medium
122318334,0.67920965,High
155196420,0.5147827,Medium
168173712,0.31495422,Low
81289746,0.3884481,Medium
171226092,0.30521855,Low
265093878,0.18222523,Low
56826444,0.3185907,Low
152753220,0.33925036,Medium
31829844,0.5169285,Medium
108534132,0.48956054,Medium
55039476,0.30822754,Low
174288144,0.4801636,Medium
137824998,0.31713375,Low
229853670,0.2994956,Low
274172688,0.52176714,Medium
196090962,0.7373515,High
45961032,0.29745626,Low
33544464,0.4776895,Medium
53634606,0.3540703,Medium
7657008,0.33905733,Medium
74369862,0.3787569,Medium
163542336,0.5379446,Medium
280929858,0.3887344,Medium
117531918,0.42385235,Medium
212624460,0.5676051,Medium
141737496,0.5948132,Medium
162262626,0.4903868,Medium
205351086,0.37406635,Medium
270868956,0.3115464,Low
28038948,0.5044842,Medium
289016262,0.34384364,Medium
324821858,0.488867,Medium
277778808,0.52050054,Medium
225980808,0.49919936,Medium
147873882,0.27943602,Low
58878048,0.47141984,Medium
124682808,0.532174,Medium
274570152,0.7933501,High
122995758,0.39685836,Medium
230765886,0.6727058,High
48223140,0.3905772,Medium
251030430,0.3559213,Medium
96209592,0.74258983,High
254038230,0.3335186,Medium
168261768,0.2519167,Low
327200540,0.4841341,Medium
199263954,0.35727486,Medium
196674966,0.41687113,Medium
210688140,0.57400674,Medium
156667440,0.4152995,Medium
3599982,0.45193097,Medium
120390270,0.3849618,Medium
61654530,0.40879583,Medium
65109744,0.339767,Medium
366129044,0.4481816,Medium
190233234,0.5701895,Medium
157269150,0.41050318,Medium
96371574,0.43881363,Medium
238170030,0.3464495,Medium
31101672,0.57658076,Medium
149067000,0.35241947,Medium
226862640,0.53763294,Medium
320162096,0.41389954,Medium
101825472,0.34799588,Medium
208541778,0.45615152,Medium
279600966,0.34605652,Medium
269198838,0.41372815,Medium
105124272,0.36231473,Medium
306666302,0.34813482,Medium
130480764,0.321111,Low
52134894,0.37734553,Medium
165906444,0.4940107,Medium
245509098,0.3374782,Medium
45459528,0.6254172,Medium
53327814,0.31446075,Low
104214798,0.6400595,Medium
199270254,0.38639626,Medium
42019458,0.36062258,Medium
182401818,0.44920054,Medium
125341158,0.6927811,High
147557562,0.670877,High
134718576,0.56755286,Medium
146507358,0.42486906,Medium
143700726,0.48948786,Medium
163743756,0.60824454,Medium
123693642,0.62013614,Medium
304957268,0.65654415,Medium
121179426,0.51182497,Medium
45315018,0.45666474,Medium
109885602,0.6384979,Medium
122786190,0.24202512,Low
136266036,0.5236315,Medium
356720006,0.5859787,Medium
200013090,0.27400842,Low
107426568,0.29197562,Low
163143648,0.64769113,Medium
41375748,0.5491977,Medium
153745500,0.34192637,Medium
83470812,0.38854173,Medium
36409956,0.39420277,Medium
107061276,0.24605097,Low
75710580,0.69555694,High
176699478,0.59595704,Medium
40191144,0.52599883,Medium
110850582,0.57552236,Medium
187158732,0.44877625,Medium
162667092,0.562685,Medium
81176694,0.42818797,Medium
251065458,0.46920675,Medium
131284476,0.37248626,Medium
276155112,0.4680653,Medium
97728108,0.48624325,Medium
22727742,0.2862109,Low
123314358,0.44810557,Medium
218897616,0.31466365,Low
86166876,0.3042475,Low
51842604,0.6706979,High
276066186,0.39539117,Medium
308416292,0.41592193,Medium
212182698,0.39669937,Medium
127757718,0.7366218,High
22020588,0.51346606,Medium
257154702,0.38193354,Medium
262758468,0.58988816,Medium
189404394,0.49816224,Medium
87034926,0.50332046,Medium
147351684,0.32988358,Low
170995992,0.6131531,Medium
154327512,0.23712495,Low
313209476,0.4790035,Medium
163750830,0.42257145,Medium
91084878,0.7006479,High
168415440,0.43766537,Medium
331338344,0.29630756,Low
106381356,0.7059066,High
166747254,0.4417605,Medium
206318892,0.42136323,Medium
120949728,0.60618776,Medium
270180972,0.3529783,Medium
157202910,0.5423907,Medium
406680578,0.27535483,Low
133257612,0.3068952,Low
155582136,0.6007677,Medium
232498764,0.3803784,Medium
293657408,0.37810487,Medium
113368134,0.48971635,Medium
74946492,0.5140129,Medium
249491814,0.43541104,Medium
22195110,0.66721594,High
159394338,0.32795954,Low
150996378,0.5584758,Medium
234790752,0.47167057,Medium
154182126,0.58151907,Medium
137883708,0.5888436,Medium
376635458,0.35317922,Medium
146005908,0.43180862,Medium
70482114,0.39221093,Medium
66196632,0.31974575,Low
17279376,0.535022,Medium
197409522,0.4341686,Medium
111418674,0.42892474,Medium
156579246,0.52857345,Medium
14819964,0.38952056,Medium
217767330,0.4683925,Medium
274106268,0.4388711,Medium
90333648,0.27119946,Low
21775626,0.6322153,Medium
31275888,0.399025,Medium
21711786,0.48710948,Medium
269018448,0.39532685,Medium
152648376,0.40063894,Medium
127567674,0.6396185,Medium
127952424,0.4842018,Medium
76286400,0.44658387,Medium
34914420,0.4786991,Medium
61868316,0.43955666,Medium
63274926,0.39615062,Medium
180220656,0.8049241,High
13859688,0.47084785,Medium
75827106,0.3704993,Medium
226006590,0.5950653,Medium
339578600,0.44262064,Medium
7065768,0.2862287,Low
173851374,0.50543016,Medium
124285368,0.6384152,Medium
33989412,0.51201004,Medium
49798158,0.6314506,Medium
166849254,0.40843493,Medium
58357086,0.61943495,Medium
99851808,0.2722954,Low
99216144,0.66480035,High
120489816,0.43774313,Medium
74887878,0.32100895,Low
97014378,0.3903002,Medium
107560482,0.5568962,Medium
76366848,0.85471314,High
245111940,0.47700164,Medium
20996850,0.24728705,Low
187146426,0.5586156,Medium
139546134,0.14247732,Low
125180028,0.1417535,Low
23202156,0.47080073,Medium
96171324,0.5871798,Medium
101241432,0.6070055,Medium
35340666,0.77195483,High
280930158,0.44427243,Medium
179860422,0.46685284,Medium
247431888,0.58298224,Medium
140096712,0.4285094,Medium
159842316,0.09027692,Low
151600674,0.30173573,Low
71029008,0.57470936,Medium
398473268,0.6175831,Medium
105831138,0.5271965,Medium
408494276,0.53478056,Medium
142377792,0.5637224,Medium
103136412,0.3354917,Medium
88737852,0.2802499,Low
265298280,0.33686733,Medium
20106672,0.42609724,Medium
184430514,0.28072926,Low
199860324,0.4230228,Medium
98247024,0.41484234,Medium
153289008,0.33110815,Medium
92890302,0.5735887,Medium
109376682,0.38779977,Medium
114354342,0.5336341,Medium
67833570,0.27927503,Low
7623816,0.28146315,Low
51871164,0.42341122,Medium
136104222,0.49245122,Medium
91366530,0.44902328,Medium
169966266,0.60293484,Medium
110519784,0.358622,Medium
62143986,0.6102071,Medium
247961274,0.46560934,Medium
337781270,0.37125632,Medium
52674132,0.59253347,Medium
184222338,0.3621535,Medium
157870386,0.70944184,High
71604876,0.24571921,Low
22433352,0.35457638,Medium
165126612,0.5367421,Medium
190508610,0.3413892,Medium
74907828,0.51132053,Medium
155328534,0.7444282,High
192563658,0.36997998,Medium
64543356,0.74214494,High
28036716,0.395662,Medium
27448788,0.33803272,Medium
225989712,0.37386814,Medium
137790738,0.3287439,Low
83631582,0.48724315,Medium
113615400,0.4045031,Medium
181142994,0.30080405,Low
150307392,0.3797984,Medium
81719640,0.5042107,Medium
165798684,0.5288792,Medium
408519272,0.42931768,Medium
127747602,0.6706704,High
260732700,0.34483206,Medium
102978054,0.38028798,Medium
12860556,0.3143433,Low
284825694,0.27753952,Low
155463630,0.6490384,Medium
90354330,0.3888686,Medium
127726746,0.5031181,Medium
165650520,0.23256785,Low
147872274,0.7886771,High
14165220,0.31979302,Low
101712894,0.32566774,Low
229308270,0.7753001,High
266617986,0.51569825,Medium
155226552,0.42250565,Medium
104307996,0.4055239,Medium
36110472,0.5110416,Medium
27657738,0.39744163,Medium
340150616,0.51356643,Medium
95243838,0.5475754,Medium
99100116,0.6566114,Medium
163480188,0.17789763,Low
126171660,0.30306476,Low
154031070,0.56528693,Medium
281316654,0.41567194,Medium
29484114,0.46439764,Medium
194771454,0.43957976,Medium
65624898,0.5231217,Medium
210903564,0.54140896,Medium
374282174,0.478728,Medium
190024752,0.4890849,Medium
42893328,0.43323624,Medium
273839670,0.5511932,Medium
2802432,0.4179115,Medium
33950898,0.69204444,High
238489836,0.45245495,Medium
326701814,0.25532752,Low
52125378,0.35336202,Medium
374282222,0.32280537,Low
201440766,0.41772017,Medium
100483218,0.7031943,High
169389864,0.45797905,Medium
163150248,0.3925483,Medium
202601898,0.5605031,Medium
292869720,0.38441083,Medium
310765064,0.47125456,Medium
177379350,0.76503986,High
173792910,0.30116287,Low
177390618,0.42934826,Medium
51590226,0.57375383,Medium
163480524,0.3585859,Medium
353106902,0.45826796,Medium
53003022,0.33294347,Medium
154191354,0.4357594,Medium
230883936,0.40664345,Medium
167635218,0.4230836,Medium
176731716,0.52982974,Medium
141540240,0.58349776,Medium
84794118,0.3983897,Medium
355550714,0.54926175,Medium
276998868,0.40170786,Medium
28477578,0.49616513,Medium
3187926,0.29896712,Low
180857430,0.5716609,Medium
187812270,0.46045825,Medium
268838406,0.41466072,Medium
27358524,0.31223696,Low
166556772,0.5232799,Medium
181527726,0.6032881,Medium
65650074,0.5591396,Medium
144369198,0.36676082,Medium
79733052,0.4797191,Medium
125516454,0.6175948,Medium
177987288,0.2804334,Low
66048252,0.46182704,Medium
69305712,0.61953515,Medium
238621284,0.389395,Medium
115827594,0.81077445,High
401479256,0.5012163,Medium
125733390,0.55119544,Medium
19080528,0.50898516,Medium
101812044,0.82082045,High
74996712,0.692974,High
183732204,0.44239888,Medium
89737584,0.49124473,Medium
389028392,0.42033663,Medium
436104914,0.87519485,High
24908652,0.42006212,Medium
118815114,0.46313342,Medium
66281844,0.3683327,Medium
280126950,0.3818102,Medium
153928698,0.35679412,Medium
313191326,0.34695533,Medium
270438270,0.3621616,Medium
390262820,0.29924002,Low
62286624,0.55518574,Medium
159938406,0.58933926,Medium
33314556,0.30856916,Low
355514858,0.50185156,Medium
102453420,0.27076378,Low
282191562,0.5525102,Medium
150195228,0.2939464,Low
46176360,0.5608716,Medium
15992088,0.34569812,Medium
74345124,0.37681672,Medium
44234598,0.53392166,Medium
184759302,0.41695526,Medium
145699002,0.46633214,Medium
299626088,0.44165352,Medium
39768600,0.6255319,Medium
218108130,0.5009998,Medium
238248402,0.3657338,Medium
95202078,0.08616539,Low
44620644,0.46467763,Medium
116636718,0.2513963,Low
14653584,0.27477792,Low
82933218,0.62405366,Medium
164486880,0.63442814,Medium
178969722,0.58293855,Medium
121925616,0.63361216,Medium
28313124,0.4407666,Medium
50177382,0.29218394,Low
230789880,0.5011367,Medium
94974606,0.35159987,Medium
255916014,0.46987712,Medium
179207970,0.5688043,Medium
250523586,0.548031,Medium
152882232,0.38170102,Medium
163902744,0.27036196,Low
297816566,0.47149962,Medium
138399072,0.61633366,Medium
28771722,0.2355829,Low
146170170,0.3957755,Medium
389025446,0.5237305,Medium
125317998,0.5547087,Medium
229292976,0.15135212,Low
220155750,0.57965064,Medium
179693286,0.40209362,Medium
376162508,0.35112548,Medium
86016852,0.4522624,Medium
30414042,0.6434061,Medium
203623284,0.3273517,Low
146930940,0.37032023,Medium
228345000,0.5153151,Medium
410254796,0.5424127,Medium
93224670,0.5421318,Medium
379117232,0.5592953,Medium
89038092,0.5411708,Medium
163568442,0.4691333,Medium
98280114,0.47619033,Medium
53676924,0.43729937,Medium
81070614,0.42934558,Medium
125345046,0.40859097,Medium
30827538,0.61897016,Medium
56452848,0.5034896,Medium
28183842,0.36027756,Medium
46870560,0.41926947,Medium
130228320,0.4416775,Medium
279401484,0.3232819,Low
99494634,0.4051437,Medium
141040608,0.34695756,Medium
133289346,0.3598504,Medium
241260108,0.4373731,Medium
154726764,0.26576203,Low
99263496,0.52930623,Medium
147090900,0.32452542,Low
195629412,0.8101565,High
54709806,0.5317052,Medium
154786836,0.84912056,High
157162788,0.53013694,Medium
159909060,0.7839522,High
443222096,0.37305662,Medium
40797186,0.4407049,Medium
34091904,0.5133411,Medium
132543924,0.55495626,Medium
83123400,0.6662574,High
331313036,0.35897365,Medium
141176766,0.37175155,Medium
377893772,0.34029937,Medium
257117172,0.4515871,Medium
166879320,0.6806947,High
79093506,0.4141171,Medium
59557392,0.31524622,Low
137187918,0.35245022,Medium
49689564,0.56562775,Medium
139629468,0.4224471,Medium
188233518,0.5382336,Medium
203465166,0.40389562,Medium
117477876,0.43493587,Medium
139076760,0.45077232,Medium
145052160,0.35290197,Medium
74195676,0.52569604,Medium
191234376,0.37661436,Medium
181659438,0.52997327,Medium
137150514,0.29778484,Low
25222794,0.3735952,Medium
249985920,0.36484316,Medium
54927762,0.35751674,Medium
57756630,0.38838175,Medium
227764368,0.4778152,Medium
440333996,0.44312656,Medium
41686788,0.58897805,Medium
268326912,0.65379775,Medium
192126168,0.42817247,Medium
226224354,0.42131174,Medium
151682184,0.6304812,Medium
71356176,0.33521807,Medium
297903518,0.36832228,Medium
252165462,0.29561687,Low
141229656,0.35307163,Medium
52013742,0.60588056,Medium
13139712,0.4056427,Medium
376614146,0.47986618,Medium
108671442,0.31181696,Low
140996034,0.5291521,Medium
42127542,0.30278,Low
11129820,0.24531175,Low
97539942,0.32577613,Low
86953518,0.5780102,Medium
308983040,0.25704813,Low
193502274,0.3856628,Medium
150791748,0.500879,Medium
252969498,0.3839795,Medium
106492764,0.27966717,Low
8391366,0.6391303,Medium
69193344,0.21828932,Low
139592034,0.34211904,Medium
390265070,0.42152497,Medium
101617476,0.32970607,Low
106261176,0.5922493,Medium
362037080,0.41486597,Medium
35827524,0.2865056,Low
193963872,0.5532143,Medium
36358950,0.42803937,Medium
28417170,0.56224984,Medium
152565264,0.28104952,Low
147879564,0.4855488,Medium
86857284,0.5377171,Medium
100032978,0.7322819,High
188048550,0.7058627,High
6044778,0.47402227,Medium
241742238,0.59074956,Medium
37077522,0.4850306,Medium
2830938,0.53482217,Medium
363125522,0.28386602,Low
145559784,0.3000233,Low
7669572,0.54597706,Medium
263657880,0.568459,Medium
176127462,0.6274556,Medium
297308564,0.55508775,Medium
257043618,0.40833187,Medium
38454750,0.47890082,Medium
410918744,0.29621434,Low
150724950,0.5450302,Medium
128170524,0.32249463,Low
168464970,0.40330917,Medium
191318850,0.2855566,Low
239063190,0.5395127,Medium
164274798,0.36076623,Medium
93600786,0.13058609,Low
270230268,0.64203936,Medium
245069886,0.5067848,Medium
152437470,0.6243226,Medium
36220050,0.59988946,Medium
39055134,0.6046731,Medium
79946238,0.49398753,Medium
98754474,0.35814977,Medium
64131198,0.6137969,Medium
277828758,0.4269589,Medium
92721408,0.57105476,Medium
214432752,0.2738565,Low
66171306,0.5528272,Medium
83966946,0.15672877,Low
94640916,0.46401203,Medium
322543490,0.44565818,Medium
97077756,0.70222664,High
80801040,0.53428364,Medium
84346890,0.23864241,Low
117412446,0.7736369,High
99633552,0.384258,Medium
111364692,0.42408073,Medium
92706930,0.49794367,Medium
136659456,0.45490924,Medium
4939896,0.4436009,Medium
163106364,0.3340457,Medium
131313576,0.3660536,Medium
209299776,0.46308383,Medium
124317180,0.26898113,Low
248204940,0.62373877,Medium
274561614,0.57502276,Medium
49970688,0.52513236,Medium
306662642,0.2752683,Low
391468262,0.38275743,Medium
432008708,0.47502366,Medium
50532828,0.53052646,Medium
95896962,0.26319006,Low
153167502,0.4805575,Medium
136303992,0.39890444,Medium
251007480,0.56715006,Medium
211708668,0.57075626,Medium
239897034,0.45336524,Medium
355441088,0.34663188,Medium
266504358,0.6015075,Medium
421469522,0.3187529,Low
159500724,0.5939145,Medium
123017304,0.3080381,Low
102123552,0.35583276,Medium
119825562,0.50914353,Medium
213470766,0.56369483,Medium
145798542,0.3826866,Medium
68983002,0.5299597,Medium
438429074,0.42817467,Medium
243919506,0.4453281,Medium
77550492,0.5741253,Medium
60354450,0.57941353,Medium
81182628,0.37267962,Medium
169429800,0.47224426,Medium
345566420,0.7088714,High
151812132,0.32291266,Low
29146296,0.33631206,Medium
179134434,0.38285413,Medium
306732494,0.30856353,Low
165977784,0.65971917,Medium
62484072,0.34466997,Medium
168389382,0.6260129,Medium
166820808,0.4325258,Medium
91827768,0.36031508,Medium
3686592,0.39809695,Medium
195083610,0.30433422,Low
148512078,0.5650469,Medium
29474658,0.5388228,Medium
136725822,0.5018341,Medium
231166704,0.5395556,Medium
241652136,0.594527,Medium
42810084,0.41699594,Medium
99558396,0.40391988,Medium
146043786,0.5780155,Medium
194402940,0.5979829,Medium
340724762,0.40291622,Medium
311902352,0.33351943,Medium
189101946,0.46691,Medium
304823138,0.4053509,Medium
60841416,0.5074929,Medium
61425834,0.5271017,Medium
227410440,0.4698199,Medium
166062414,0.5769533,Medium
345491258,0.69106233,High
375458900,0.2629638,Low
240241734,0.28616634,Low
352531664,0.501678,Medium
268284354,0.55694616,Medium
145592124,0.5278843,Medium
198528006,0.2936617,Low
235725444,0.31610894,Low
46194666,0.26503843,Low
51167118,0.47501665,Medium
6896670,0.5617176,Medium
38020938,0.44526398,Medium
162861480,0.41984606,Medium
53231454,0.48512596,Medium
91165722,0.4103163,Medium
434900486,0.39663154,Medium
141187626,0.2491161,Low
116382024,0.42697608,Medium
6079362,0.361632,Medium
150522444,0.58463603,Medium
197191290,0.40106526,Medium
259140486,0.2762607,Low
173793000,0.35470268,Medium
169020852,0.45369866,Medium
216970866,0.3647065,Medium
155835000,0.6177496,Medium
88381260,0.60498667,Medium
58619376,0.5139852,Medium
52489770,0.45455447,Medium
312638366,0.51477784,Medium
431416982,0.51744103,Medium
112432194,0.56169575,Medium
225775752,0.47703648,Medium
118057098,0.37186447,Medium
281066292,0.35501826,Medium
156334632,0.30436555,Low
154765656,0.49276936,Medium
48377382,0.23403661,Low
237871734,0.5279943,Medium
24147210,0.4390655,Medium
80507694,0.43683878,Medium
317891648,0.3310705,Medium
168487500,0.43437237,Medium
220868640,0.35422522,Medium
184021332,0.73300064,High
58221120,0.38371173,Medium
31978404,0.5273692,Medium
145053240,0.5810343,Medium
24864384,0.38427317,Medium
152780400,0.51921844,Medium
40786932,0.3116503,Low
421931924,0.44138354,Medium
26308680,0.6041199,Medium
40668444,0.3577721,Medium
326052644,0.29782823,Low
118886208,0.30508825,Low
191491674,0.58276194,Medium
290243196,0.5520184,Medium
65410854,0.48576626,Medium
237652398,0.516319,Medium
282950844,0.6488967,Medium
60572904,0.4770472,Medium
181078668,0.4268848,Medium
36539520,0.3231798,Low
101303232,0.48833075,Medium
33586572,0.6651084,High
209819700,0.48114967,Medium
266711988,0.44280893,Medium
107183928,0.22870463,Low
142055022,0.45060885,Medium
111261780,0.5751294,Medium
311376218,0.5036222,Medium
191781588,0.50122386,Medium
418425254,0.5124949,Medium
139598382,0.7667067,High
75772536,0.65520674,Medium
188616246,0.3678166,Medium
156139416,0.55266905,Medium
96454656,0.35538864,Medium
172419660,0.4607335,Medium
240043668,0.53909874,Medium
89523012,0.4154957,Medium
100542198,0.41289976,Medium
399009536,0.39824343,Medium
62723856,0.40922228,Medium
89743002,0.31368238,Low
106872858,0.55806977,Medium
86609412,0.3981118,Medium
105630990,0.55281657,Medium
61832016,0.56887823,Medium
97696980,0.42614985,Medium
70810734,0.5209295,Medium
43772046,0.43375957,Medium
242890704,0.45885214,Medium
256592760,0.45429254,Medium
125939280,0.2767133,Low
248719704,0.3209554,Low
109515954,0.5464624,Medium
75634290,0.7230719,High
440198300,0.45575252,Medium
354259334,0.6504565,Medium
105955866,0.5075895,Medium
237142140,0.57994723,Medium
130215540,0.3169055,Low
147389448,0.40559852,Medium
313778690,0.4522887,Medium
156535278,0.51840967,Medium
189009984,0.31155807,Low
24745026,0.37033835,Medium
132126432,0.8003102,High
163373496,0.624806,Medium
423678524,0.56536627,Medium
266922216,0.3255208,Low
58379172,0.36625,Medium
149762082,0.34388617,Medium
274031154,0.51270604,Medium
158710476,0.5208756,Medium
407311808,0.5463003,Medium
163288404,0.10948631,Low
343799906,0.35758537,Medium
5052870,0.42782292,Medium
53201478,0.60130316,Medium
42024792,0.5487136,Medium
90134328,0.45537508,Medium
252837168,0.5751614,Medium
157100208,0.43020162,Medium
190464000,0.31365755,Low
196159380,0.5477274,Medium
147341586,0.6175936,Medium
150414402,0.35752177,Medium
105768126,0.6958018,High
103082232,0.56021744,Medium
153770460,0.33646432,Medium
190284678,0.42034513,Medium
97987680,0.29788548,Low
110127498,0.22063375,Low
159059592,0.39068323,Medium
110557386,0.37957984,Medium
134800596,0.4715108,Medium
371459312,0.62722015,Medium
28152864,0.30697623,Low
41156976,0.56651276,Medium
223125180,0.4781668,Medium
101591520,0.24300088,Low
299596106,0.6353342,Medium
184590684,0.50783426,Medium
90866808,0.7027046,High
170681226,0.3165039,Low
309000950,0.5349138,Medium
39378480,0.597757,Medium
141545664,0.51636237,Medium
109856514,0.42621472,Medium
80765148,0.63150907,Medium
310739432,0.2780612,Low
267973638,0.48670262,Medium
194957574,0.5679704,Medium
166470258,0.2650581,Low
74161122,0.36430815,Medium
225630102,0.4219889,Medium
333797036,0.52633524,Medium
163641834,0.3655626,Medium
81884682,0.25297922,Low
149761686,0.5480983,Medium
69698676,0.4911352,Medium
101358312,0.4561378,Medium
146038380,0.37185445,Medium
3902532,0.36259502,Medium
26148360,0.2735738,Low
160933146,0.5539694,Medium
149768046,0.4909069,Medium
109626408,0.67138267,High
65418600,0.28364483,Low
57362406,0.40749702,Medium
280849116,0.67905945,High
94884642,0.3946441,Medium
442050440,0.4142314,Medium
161668242,0.24122497,Low
78702588,0.71442175,High
176572734,0.54805404,Medium
290547528,0.35702932,Medium
163585638,0.37162232,Medium
278431386,0.32052642,Low
110462442,0.24201539,Low
145999746,0.4094698,Medium
164149368,0.49497682,Medium
239151036,0.4157239,Medium
171560394,0.2472572,Low
49101480,0.42840612,Medium
364376192,0.6381598,Medium
125332896,0.6272543,Medium
263440806,0.60017943,Medium
401419028,0.4624298,Medium
22315704,0.41343427,Medium
158623860,0.49132144,Medium
147970668,0.39781526,Medium
57293760,0.3681708,Medium
123792894,0.39522293,Medium
81045636,0.46974033,Medium
40437240,0.49792936,Medium
22737006,0.4751145,Medium
156658308,0.47278056,Medium
124397616,0.35323438,Medium
56581626,0.31177083,Low
48891156,0.5588699,Medium
125334798,0.42025986,Medium
394848074,0.5387962,Medium
298958060,0.6576625,Medium
20880216,0.343722,Medium
26963382,0.580338,Medium
12846090,0.4852186,Medium
199453680,0.6260399,Medium
120365028,0.48994985,Medium
59204184,0.6237966,Medium
60051924,0.40019044,Medium
203647308,0.28202808,Low
44738388,0.48519993,Medium
210859662,0.32045093,Low
354367874,0.4213428,Medium
288953814,0.44018614,Medium
35709264,0.6269893,Medium
354880052,0.2830347,Low
202649094,0.5691161,Medium
40466058,0.6882307,High
146742654,0.34815186,Medium
80752644,0.63269126,Medium
272956800,0.5430164,Medium
68027958,0.47420007,Medium
114720846,0.46359584,Medium
194389860,0.44312885,Medium
283754748,0.32392672,Low
170057718,0.38610336,Medium
114865230,0.46302703,Medium
167043900,0.76196,High
366015548,0.317761,Low
278847636,0.5820164,Medium
275175996,0.33171615,Medium
182399448,0.42319635,Medium
118102944,0.46883082,Medium
336726848,0.27712113,Low
135972546,0.5534691,Medium
108861102,0.4115946,Medium
96687540,0.5256268,Medium
230007774,0.43752694,Medium
33856296,0.6010777,Medium
157867224,0.48838237,Medium
263900202,0.5563867,Medium
142887822,0.5969462,Medium
151002678,0.3700559,Medium
9060084,0.31673414,Low
220633530,0.4051856,Medium
14593578,0.6260331,Medium
23534778,0.49542838,Medium
224960016,0.60639733,Medium
372504650,0.55185246,Medium
88653594,0.28716266,Low
290188248,0.3969969,Medium
161618490,0.43956932,Medium
17588484,0.38535252,Medium
178157088,0.63117886,Medium
195314634,0.5658255,Medium
108463788,0.57357126,Medium
30413418,0.63643867,Medium
68272104,0.21022037,Low
129827802,0.5235239,Medium
21323904,0.25134084,Low
124305042,0.42890394,Medium
84932496,0.50810283,Medium
110760030,0.3094785,Low
35494650,0.3531842,Medium
430190108,0.59415096,Medium
84945510,0.36349228,Medium
201556332,0.6148161,Medium
96643698,0.6829684,High
85526454,0.66320676,High
84418680,0.58399856,Medium
57661902,0.5309604,Medium
216644316,0.43242338,Medium
106607706,0.45005155,Medium
126379056,0.48378247,Medium
220781142,0.67116886,High
104661594,0.52500725,Medium
123907932,0.6199423,Medium
65660076,0.5613936,Medium
82977360,0.47421074,Medium
189575298,0.5426196,Medium
42718740,0.5883631,Medium
29418246,0.4996806,Medium
75446364,0.42146024,Medium
179318016,0.6979936,High
117307170,0.30139992,Low
264502488,0.68833447,High
176175204,0.52018595,Medium
148311900,0.5676514,Medium
317842934,0.47201675,Medium
61342122,0.35667026,Medium
320814548,0.48611915,Medium
361461086,0.26869997,Low
65018502,0.5951152,Medium
276029904,0.41959798,Medium
320710010,0.4145727,Medium
134341224,0.61847234,Medium
90823062,0.7747449,High
291198294,0.4126222,Medium
133643244,0.40583906,Medium
24695562,0.65990883,Medium
155099640,0.5541572,Medium
29463060,0.27482978,Low
184951338,0.50392854,Medium
180310182,0.6871217,High
111991032,0.30667257,Low
289605138,0.43420005,Medium
22072476,0.5055558,Medium
161463426,0.40238217,Medium
81191376,0.30619186,Low
206435280,0.42488474,Medium
98792718,0.6189095,Medium
132227910,0.5317134,Medium
152657058,0.4017603,Medium
45230790,0.62248975,Medium
265701222,0.42572993,Medium
85328544,0.28903964,Low
172445748,0.42994112,Medium
73649310,0.48202705,Medium
328399520,0.4249568,Medium
135124524,0.64903617,Medium
411424940,0.4578801,Medium
369691016,0.39975876,Medium
407308142,0.38465723,Medium
88370022,0.6679248,High
285369516,0.42695594,Medium
86727630,0.6207919,Medium
248441088,0.5727606,Medium
83239656,0.34543207,Medium
177899820,0.3476953,Medium
141549216,0.53633493,Medium
19760346,0.48711374,Medium
27141276,0.56691045,Medium
371912234,0.52017987,Medium
100380588,0.6479428,Medium
110663574,0.4744062,Medium
15774312,0.4316123,Medium
110577768,0.40381488,Medium
249207582,0.35068712,Medium
60078786,0.62669545,Medium
234262224,0.6605961,High
172826034,0.47571963,Medium
26314494,0.4905768,Medium
381315434,0.51545036,Medium
84380916,0.49939752,Medium
49270314,0.69502103,High
280969080,0.44380713,Medium
171978210,0.5241208,Medium
106217598,0.38868263,Medium
139806054,0.4121347,Medium
283273614,0.40985897,Medium
222886812,0.2930179,Low
113064342,0.26734057,Low
390787202,0.25137323,Low
122514222,0.4012897,Medium
107516946,0.54124784,Medium
56280336,0.42404965,Medium
166312950,0.51971716,Medium
79201752,0.28551024,Low
87013902,0.391254,Medium
123325098,0.42014748,Medium
343756412,0.5874638,Medium
153706974,0.619836,Medium
157752006,0.57176054,Medium
85500108,0.67380935,High
99100686,0.39449462,Medium
107873964,0.18967205,Low
270022158,0.7089562,High
177987618,0.5061338,Medium
192769410,0.32862994,Low
71179356,0.30667153,Low
106789980,0.28870726,Low
122972340,0.37818468,Medium
83262018,0.4597225,Medium
194351862,0.41167656,Medium
328405430,0.3674509,Medium
258744780,0.4918728,Medium
125754858,0.3549266,Medium
156432858,0.35521576,Medium
379642352,0.2908585,Low
247715316,0.48919424,Medium
81347034,0.3054019,Low
62886192,0.5321836,Medium
423130562,0.4392048,Medium
53388444,0.39308062,Medium
100099404,0.5876339,Medium
193830084,0.40486366,Medium
341381084,0.3189702,Low
58067664,0.51067203,Medium
207233508,0.37257212,Medium
143645094,0.32904232,Low
155960958,0.67368907,High
107366946,0.40580633,Medium
326708240,0.5078965,Medium
59745798,0.2315068,Low
280388208,0.22162877,Low
105751608,0.516099,Medium
317336270,0.5141886,Medium
91901088,0.42676407,Medium
253366218,0.46422598,Medium
163197882,0.3456347,Medium
123627246,0.25391206,Low
260530014,0.66175944,High
109797624,0.38283503,Medium
1186980,0.49760032,Medium
229817706,0.5230073,Medium
167140590,0.5660482,Medium
379718210,0.5939116,Medium
171206166,0.56117916,Medium
89237502,0.49225476,Medium
324332636,0.3166626,Low
257410926,0.4824223,Medium
204207186,0.611945,Medium
126887550,0.46948934,Medium
56826294,0.54587793,Medium
223481394,0.40309164,Medium
61034592,0.5041276,Medium
182999862,0.4310349,Medium
139033716,0.28133902,Low
91488576,0.5322995,Medium
228073824,0.5209736,Medium
24437208,0.3902975,Medium
250392510,0.5236453,Medium
228843198,0.5712454,Medium
24035640,0.36590138,Medium
22623486,0.41855654,Medium
102076302,0.4054402,Medium
116677224,0.479669,Medium
310196438,0.34164128,Medium
50291562,0.38916633,Medium
110108448,0.42618138,Medium
106189110,0.44929245,Medium
200632740,0.5067976,Medium
25445826,0.5212666,Medium
93107820,0.67084396,High
103836498,0.37033588,Medium
75964182,0.42882422,Medium
336015722,0.41639698,Medium
168806274,0.5422578,Medium
159408666,0.44224462,Medium
15459708,0.29110652,Low
69108324,0.5891127,Medium
97686138,0.34734377,Medium
237637344,0.3951999,Medium
384849344,0.41940197,Medium
210449136,0.5315025,Medium
84594990,0.5881351,Medium
48509718,0.28117576,Low
172623690,0.6294926,Medium
164698356,0.21768396,Low
135814254,0.51628953,Medium
37591722,0.6671061,High
167628540,0.39611843,Medium
285890466,0.5647001,Medium
262326204,0.60094726,Medium
94023624,0.35891226,Medium
235288518,0.39222974,Medium
81846990,0.3889723,Medium
20285244,0.24023102,Low
234018858,0.6327709,Medium
81015228,0.2874989,Low
56500032,0.55946326,Medium
163890324,0.42217776,Medium
268671450,0.54062563,Medium
15661056,0.44240147,Medium
170358354,0.72096735,High
27076662,0.6136675,Medium
100571730,0.2759669,Low
379584212,0.5538772,Medium
307763576,0.7165917,High
2970666,0.39075077,Medium
162772086,0.59681004,Medium
5279394,0.39328867,Medium
143682360,0.5406543,Medium
122245446,0.30769995,Low
214051578,0.58868957,Medium
171401820,0.43674675,Medium
183640578,0.34679824,Medium
117200394,0.31324378,Low
103209066,0.57810557,Medium
146183742,0.44446975,Medium
279632148,0.4254318,Medium
288429654,0.5645429,Medium
122328480,0.4223046,Medium
76804308,0.38645655,Medium
383219414,0.53614044,Medium
127445424,0.42545006,Medium
172562622,0.36734104,Medium
45711624,0.29077733,Low
174498720,0.41131702,Medium
273065406,0.368248,Medium
322615988,0.4213691,Medium
97859700,0.45279253,Medium
161771178,0.5459695,Medium
248497956,0.58407325,Medium
162518370,0.61835694,Medium
158370216,0.3736081,Medium
160275888,0.33856016,Medium
150455604,0.4964194,Medium
17270364,0.36855876,Medium
417285938,0.38040254,Medium
244604220,0.35731027,Medium
72096342,0.29713202,Low
28480896,0.30099842,Low
144631518,0.85172933,High
341378156,0.3946391,Medium
33290610,0.16129841,Low
57382794,0.55076617,Medium
145248480,0.66625917,High
34150656,0.5513089,Medium
17528622,0.27419186,Low
270794850,0.41861394,Medium
383181308,0.41214475,Medium
252525768,0.3878095,Medium
143221038,0.56212074,Medium
164492748,0.24610879,Low
105528942,0.36104292,Medium
152968572,0.28253055,Low
198216246,0.47838718,Medium
48779268,0.56812453,Medium
132491880,0.5363004,Medium
330868040,0.46785426,Medium
272099658,0.30637547,Low
69253872,0.45047042,Medium
213410472,0.26082435,Low
81844290,0.37243837,Medium
57209652,0.46106315,Medium
252673134,0.4982257,Medium
257137482,0.32529753,Low
100477554,0.8572255,High
431982722,0.4616284,Medium
84114930,0.51014096,Medium
144588516,0.34546292,Medium
50526894,0.65475804,Medium
45435768,0.57198715,Medium
7178910,0.309263,Low
60171240,0.3620118,Medium
402046826,0.47228962,Medium
41155296,0.53876185,Medium
61057878,0.5856866,Medium
144084408,0.35657117,Medium
3616560,0.36977816,Medium
411367148,0.45949516,Medium
257932980,0.61510134,Medium
291177768,0.42857122,Medium
233525172,0.30712548,Low
103899090,0.52824914,Medium
84254712,0.67241377,High
160688748,0.2805085,Low
130321050,0.4681258,Medium
79151208,0.36197892,Medium
163030698,0.60023844,Medium
72683520,0.35622624,Medium
140880144,0.64996064,Medium
94022124,0.48029473,Medium
141998034,0.28875762,Low
127650810,0.63671494,Medium
90045252,0.5722275,Medium
152431260,0.32300544,Low
200160738,0.43017438,Medium
67102914,0.5348313,Medium
169306470,0.21348466,Low
16680,0.43471318,Medium
118088448,0.5893644,Medium
253476102,0.5798396,Medium
78534486,0.42064768,Medium
48780792,0.37086138,Medium
161819556,0.5238601,Medium
127654830,0.37138066,Medium
181445412,0.414649,Medium
109277622,0.5174501,Medium
128280972,0.5093522,Medium
241500108,0.57420397,Medium
262928076,0.55456537,Medium
73795170,0.46109414,Medium
30671706,0.3848041,Medium
25470864,0.46039942,Medium
120855906,0.3496744,Medium
98142672,0.5927086,Medium
163187946,0.40811035,Medium
40869666,0.36873248,Medium
119808864,0.48495358,Medium
218647212,0.28785256,Low
432636944,0.30915764,Low
195686298,0.57996225,Medium
165850290,0.80792207,High
135392760,0.23893754,Low
47080326,0.51252496,Medium
259073640,0.43635345,Medium
47997432,0.4386835,Medium
153836910,0.36151287,Medium
32669274,0.2885171,Low
73193754,0.60711795,Medium
103518798,0.3963363,Medium
71699934,0.49206454,Medium
64528002,0.30745998,Low
187643220,0.45932165,Medium
97548744,0.39059445,Medium
44013960,0.54978454,Medium
263425338,0.3550701,Medium
126523698,0.644054,Medium
204240084,0.28407615,Low
293290068,0.43519643,Medium
203896644,0.3982813,Medium
92200506,0.6270764,Medium
41993052,0.48658112,Medium
256667334,0.29230684,Low
29399700,0.67354053,High
210578766,0.65487695,Medium
78160728,0.41156346,Medium
236774994,0.43697968,Medium
168891138,0.30131805,Low
86660388,0.5476781,Medium
33218778,0.5500757,Medium
140946948,0.36278844,Medium
210602376,0.48045677,Medium
173810778,0.7245876,High
91705632,0.38659868,Medium
70323102,0.38524407,Medium
176612640,0.6759945,High
16974414,0.42998344,Medium
134231982,0.357924,Medium
99955302,0.54096717,Medium
270524832,0.4097009,Medium
270977496,0.43697944,Medium
15105492,0.40021244,Medium
23035728,0.43773088,Medium
165001920,0.43460593,Medium
153096552,0.6198063,Medium
262321818,0.51552254,Medium
281273538,0.42560077,Medium
159047568,0.8018234,High
47434044,0.4967265,Medium
436055138,0.5366349,Medium
144625980,0.37716287,Medium
161872476,0.53289926,Medium
155323272,0.4015666,Medium
262554822,0.418146,Medium
22488810,0.3957269,Medium
84624804,0.5789669,Medium
98035818,0.3676325,Medium
320265026,0.48349246,Medium
177819192,0.62660456,Medium
157111950,0.6888236,High
154413462,0.31608218,Low
167965590,0.747222,High
228932016,0.39746872,Medium
160550244,0.25712013,Low
164722452,0.59276736,Medium
40466118,0.4368375,Medium
90992436,0.24944848,Low
48382938,0.21288268,Low
134155968,0.36563134,Medium
114418092,0.535871,Medium
155173368,0.54384,Medium
180359838,0.59228086,Medium
232016922,0.4197442,Medium
144010326,0.4180931,Medium
56081268,0.31403053,Low
26343444,0.23102336,Low
22230618,0.6089861,Medium
78643134,0.29486954,Low
83785638,0.5914509,Medium
156250932,0.40086928,Medium
175285116,0.35561043,Medium
91395960,0.270094,Low
182742786,0.22954062,Low
140425602,0.22830582,Low
263093088,0.4537526,Medium
63194832,0.37657827,Medium
23350824,0.3879872,Medium
381492788,0.44431275,Medium
24112476,0.32143363,Low
285033276,0.3096862,Low
9071280,0.35819238,Medium
26752212,0.4490526,Medium
171273948,0.35376227,Medium
336690176,0.617061,Medium
47579430,0.50039285,Medium
276526614,0.4475684,Medium
71451912,0.41998985,Medium
222091866,0.35514694,Medium
71030046,0.4348015,Medium
272099052,0.4212645,Medium
100474206,0.45018575,Medium
219414204,0.5681985,Medium
125336568,0.49069288,Medium
133328430,0.21064244,Low
172504698,0.3214419,Low
282204240,0.357969,Medium
129935808,0.4474913,Medium
135504000,0.49293616,Medium
163000140,0.38029817,Medium
399669368,0.603258,Medium
58817274,0.6536488,Medium
149715120,0.42342103,Medium
73015260,0.46421817,Medium
287478858,0.53281176,Medium
167593638,0.285261,Low
205914480,0.32493728,Low
252221682,0.3477365,Medium
39885480,0.51785684,Medium
171337848,0.32078806,Low
74840946,0.34994859,Medium
18844446,0.27996308,Low
87009552,0.6589945,Medium
128436630,0.3426478,Medium
154630326,0.5515395,Medium
30419976,0.41654095,Medium
62494626,0.49116677,Medium
52598544,0.6343361,Medium
68016126,0.2979681,Low
34915242,0.24897452,Low
68723736,0.7103477,High
55621386,0.46400344,Medium
161666418,0.5276894,Medium
147543942,0.21161422,Low
97817136,0.60996675,Medium
108032064,0.56251615,Medium
129218496,0.33646023,Medium
160816590,0.520927,Medium
33690690,0.40360552,Medium
346109588,0.37138492,Medium
124483536,0.74610984,High
267016218,0.58168167,Medium
223354092,0.32911143,Low
26721990,0.37286204,Medium
27870660,0.75396764,High
3851616,0.45559695,Medium
440841032,0.628475,Medium
13519698,0.43032855,Medium
233237166,0.48079658,Medium
393848432,0.3890664,Medium
255568236,0.3454953,Medium
132515766,0.19010817,Low
18082266,0.4650223,Medium
308454704,0.48144063,Medium
124114680,0.3571671,Medium
149787840,0.5181209,Medium
125080698,0.57007843,Medium
4171512,0.13322793,Low
136326174,0.5039469,Medium
61221522,0.48857695,Medium
307838060,0.44245958,Medium
57724266,0.67657435,High
24353958,0.62935704,Medium
287289264,0.4457297,Medium
359044958,0.32874775,Low
218640378,0.41361064,Medium
85670100,0.33245078,Medium
94346958,0.45283064,Medium
176552250,0.4617587,Medium
77954682,0.10977814,Low
410309030,0.42365488,Medium
208582332,0.4630992,Medium
72124332,0.5002406,Medium
329607638,0.4596979,Medium
105554844,0.33347392,Medium
262314978,0.5003992,Medium
124899990,0.41440508,Medium
220978068,0.4399984,Medium
81003294,0.39456448,Medium
145804602,0.4786956,Medium
253611564,0.5265023,Medium
43367886,0.47156662,Medium
93603930,0.3742599,Medium
24184608,0.39627495,Medium
404461532,0.4615422,Medium
241780236,0.41256705,Medium
276065676,0.58914876,Medium
149098992,0.5642623,Medium
93318030,0.59121555,Medium
148096578,0.3333496,Medium
92178072,0.69498307,High
141806436,0.41527095,Medium
34894482,0.53131634,Medium
223096212,0.40887272,Medium
38809668,0.35898957,Medium
32473386,0.7356857,High
47339058,0.41131902,Medium
394285892,0.45651028,Medium
79819368,0.5476514,Medium
184764906,0.30506167,Low
195158808,0.38311452,Medium
120204252,0.12230843,Low
156669054,0.5173324,Medium
26176920,0.5313234,Medium
285903072,0.41871926,Medium
168288570,0.56434107,Medium
35331432,0.35540703,Medium
55285344,0.5603924,Medium
110103288,0.5576171,Medium
50917740,0.4827963,Medium
67734120,0.600217,Medium
400195904,0.42442164,Medium
81987780,0.2849839,Low
77656878,0.25622758,Low
89974422,0.7918761,High
103521306,0.57898235,Medium
55674780,0.43558702,Medium
31974354,0.44235608,Medium
105205542,0.23439074,Low
310818050,0.43780166,Medium
137839050,0.7219044,High
44010522,0.63989395,Medium
413159372,0.59371215,Medium
225050190,0.42959902,Medium
61675608,0.3512175,Medium
135678258,0.45814934,Medium
30255000,0.3220326,Low
73088352,0.30457917,Low
260614674,0.3903119,Medium
229684056,0.5875259,Medium
150849156,0.3484262,Medium
148625460,0.55697477,Medium
275750046,0.3848219,Medium
289015182,0.8102688,High
119090304,0.39958447,Medium
240692700,0.54832894,Medium
270182634,0.3366455,Medium
123023544,0.59220296,Medium
317786624,0.44083455,Medium
435494330,0.4358451,Medium
214482648,0.57397175,Medium
273017016,0.6738902,High
138660522,0.3642474,Medium
371962580,0.485833,Medium
66068766,0.47319907,Medium
293712884,0.48297113,Medium
281878284,0.27570495,Low
183858066,0.30082443,Low
204074610,0.37581497,Medium
69165426,0.3437975,Medium
17589504,0.5793325,Medium
68447118,0.42304465,Medium
410254952,0.5575529,Medium
324263306,0.36111018,Medium
234279996,0.74963915,High
209773770,0.5717034,Medium
35433822,0.34338397,Medium
108711588,0.5629377,Medium
152642640,0.36681715,Medium
165850638,0.35513335,Medium
262976442,0.32192883,Low
249342228,0.41041264,Medium
110930868,0.40363947,Medium
159489276,0.7716582,High
168441084,0.4755395,Medium
254196636,0.32989287,Low
65148792,0.39708912,Medium
286338552,0.30999342,Low
186387360,0.55635566,Medium
48427752,0.5232248,Medium
221586054,0.6872773,High
100916760,0.4145508,Medium
414332468,0.32858115,Low
49444938,0.45957068,Medium
122417118,0.38404045,Medium
67725972,0.37354317,Medium
184042506,0.41877258,Medium
157093362,0.7339684,High
102399444,0.33596537,Medium
255412428,0.49983698,Medium
151920324,0.3829316,Medium
97623918,0.36429018,Medium
92950488,0.5556377,Medium
234334272,0.56333816,Medium
44337114,0.48328468,Medium
397973378,0.3599333,Medium
126888216,0.4282741,Medium
116313288,0.30882,Low
137347602,0.39326522,Medium
33024654,0.40473214,Medium
270642690,0.51705205,Medium
132028830,0.5816393,Medium
165023610,0.31665874,Low
232177746,0.554947,Medium
300214778,0.45355996,Medium
105900744,0.2790779,Low
151601436,0.5217819,Medium
61063548,0.5927772,Medium
121043418,0.50519294,Medium
247070094,0.41975176,Medium
256901766,0.37287393,Medium
156259524,0.35807288,Medium
44794272,0.56770486,Medium
24130734,0.35470283,Medium
230404800,0.36721435,Medium
83570334,0.484658,Medium
53025912,0.55664647,Medium
23755416,0.5011351,Medium
38066202,0.72890085,High
158596884,0.4272737,Medium
64493496,0.49743426,Medium
26428200,0.3027554,Low
257332404,0.47210243,Medium
36345702,0.47364527,Medium
117439992,0.53362495,Medium
33067788,0.6569876,Medium
148028670,0.5871926,Medium
174300630,0.3059199,Low
56444490,0.3759184,Medium
372545936,0.42023337,Medium
404412974,0.36308327,Medium
152931222,0.35580704,Medium
392070032,0.5492268,Medium
126925464,0.29781008,Low
77260584,0.67797697,High
99066264,0.44242257,Medium
33254010,0.33332878,Medium
273367518,0.4995166,Medium
140860446,0.44734243,Medium
63955752,0.54653305,Medium
109450734,0.5623324,Medium
87106206,0.6586887,Medium
75919236,0.42090788,Medium
217572096,0.47206435,Medium
193663800,0.45282164,Medium
92770650,0.19626907,Low
154118610,0.3300822,Medium
265002384,0.59696245,Medium
158723082,0.8273057,High
36084756,0.52719504,Medium
74638914,0.42989117,Medium
127825224,0.351394,Medium
155179710,0.31002042,Low
84330714,0.2716187,Low
79346610,0.45250258,Medium
159812754,0.3932172,Medium
70326534,0.66288435,High
100854078,0.40380132,Medium
418479188,0.5454262,Medium
58619760,0.3960533,Medium
148483464,0.42690805,Medium
125805870,0.33695287,Medium
160844622,0.45647633,Medium
237444330,0.49549082,Medium
341992994,0.70364773,High
271895514,0.2789733,Low
175998060,0.3018566,Low
104584530,0.4894676,Medium
75615858,0.5093899,Medium
149100066,0.4194414,Medium
292013430,0.4672021,Medium
62807472,0.5408508,Medium
9806424,0.5756107,Medium
86760360,0.57561827,Medium
424293872,0.29095984,Low
10741320,0.6105458,Medium
282198108,0.43209717,Medium
144601212,0.38559073,Medium
279380496,0.32131016,Low
58607940,0.5435417,Medium
213280536,0.36106846,Medium
245309220,0.7203725,High
190712136,0.28841877,Low
415536974,0.43677413,Medium
302519090,0.40582976,Medium
83642070,0.48608127,Medium
231777534,0.49192563,Medium
61345032,0.53166443,Medium
133624884,0.59665406,Medium
137864616,0.40273154,Medium
76133196,0.492987,Medium
134011542,0.41443685,Medium
83384406,0.26967302,Low
125003220,0.6171566,Medium
253218522,0.42046154,Medium
245825634,0.40361923,Medium
277644924,0.31585932,Low
56840808,0.5174167,Medium
66052110,0.4935727,Medium
175878960,0.3867772,Medium
127456410,0.40304488,Medium
110169744,0.22543593,Low
162780042,0.47399125,Medium
38732550,0.5154132,Medium
157961196,0.24507943,Low
159771708,0.32741946,Low
406113266,0.34122205,Medium
108665022,0.33880612,Medium
178307604,0.58915097,Medium
127294026,0.49554268,Medium
204185250,0.49015325,Medium
171952524,0.35694206,Medium
96183048,0.4093297,Medium
153056958,0.33209947,Medium
81709974,0.49257597,Medium
164042622,0.4808044,Medium
394343936,0.3445415,Medium
180853560,0.55524033,Medium
34397004,0.37743577,Medium
116471418,0.30160913,Low
6355014,0.5058439,Medium
420197264,0.38437724,Medium
167613684,0.36213732,Medium
106259190,0.3960571,Medium
161780994,0.43292296,Medium
231042600,0.6234254,Medium
156467052,0.39980286,Medium
37789308,0.35375464,Medium
57860316,0.49346164,Medium
158490444,0.40121108,Medium
105544698,0.27093023,Low
145061586,0.2928944,Low
166175166,0.33972248,Medium
254447580,0.44743425,Medium
135670332,0.6954333,High
188696358,0.5105594,Medium
85748454,0.6962398,High
170543304,0.37911338,Medium
90667122,0.65360606,Medium
122401128,0.35837886,Medium
91383612,0.43563733,Medium
81113958,0.37767,Medium
134285796,0.36320797,Medium
278497998,0.33816567,Medium
148323318,0.6012509,Medium
413696930,0.47504646,Medium
241631376,0.52279294,Medium
109317468,0.5847327,Medium
281554962,0.62482256,Medium
173976210,0.49540296,Medium
98321148,0.5163512,Medium
73228470,0.2623841,Low
108921456,0.45513391,Medium
103681356,0.53477645,Medium
141133632,0.32863718,Low
258114564,0.32115617,Low
81301308,0.5411825,Medium
149281356,0.3680231,Medium
120526152,0.31052595,Low
181661058,0.28822362,Low
155217408,0.4709161,Medium
274501452,0.63075656,Medium
143140098,0.24303146,Low
109526976,0.27545932,Low
232972572,0.7300867,High
249484314,0.44054076,Medium
157458030,0.56763333,Medium
303783578,0.25478938,Low
83101806,0.26913422,Low
198244818,0.48328584,Medium
192175878,0.78213364,High
54149994,0.5849426,Medium
131100858,0.4015877,Medium
400325474,0.3456024,Medium
9938676,0.438132,Medium
173732430,0.422832,Medium
176222712,0.49156293,Medium
275665326,0.41300344,Medium
65321520,0.45798606,Medium
101078346,0.7070039,High
111063624,0.321853,Low
100342986,0.32572493,Low
146300418,0.3559906,Medium
259657188,0.3966681,Medium
15134676,0.41989547,Medium
66201054,0.2840621,Low
164124864,0.5579064,Medium
154161018,0.4991163,Medium
199797150,0.47290936,Medium
105779148,0.45281667,Medium
150690678,0.491677,Medium
183047880,0.5358343,Medium
167129634,0.38066328,Medium
28488138,0.3698605,Medium
156142494,0.58276325,Medium
338973050,0.52187306,Medium
178791114,0.4395176,Medium
208033296,0.59411633,Medium
36274530,0.44240642,Medium
76158300,0.5298731,Medium
203432340,0.44482172,Medium
58803342,0.31885174,Low
69753342,0.48924702,Medium
226381464,0.43940175,Medium
100104198,0.5988197,Medium
94649298,0.4920524,Medium
234782934,0.29746488,Low
330808814,0.4600373,Medium
244273530,0.2979339,Low
39199464,0.42963487,Medium
366191354,0.3614348,Medium
169753920,0.33883837,Medium
154102974,0.566315,Medium
330115676,0.644154,Medium
169606518,0.47004893,Medium
165691548,0.2265705,Low
307270394,0.73076206,High
336584690,0.3594951,Medium
194637630,0.28580672,Low
39743556,0.4042659,Medium
166192896,0.26230273,Low
32312520,0.62743396,Medium
140876076,0.52016735,Medium
152439600,0.27511492,Low
148006002,0.29395634,Low
154044420,0.5981772,Medium
43038186,0.58974797,Medium
404407466,0.32667586,Low
82496730,0.42726284,Medium
48928530,0.25485146,Low
29976306,0.48976782,Medium
92598246,0.4033072,Medium
185489046,0.597393,Medium
283968396,0.32734516,Low
404991050,0.37413472,Medium
163709112,0.35711214,Medium
134973264,0.7193832,High
86225250,0.7141569,High
204928248,0.57787716,Medium
174988638,0.54647774,Medium
170154180,0.4439845,Medium
284726802,0.29582942,Low
235044300,0.43334365,Medium
102825528,0.37863648,Medium
143102634,0.278192,Low
196718994,0.4576835,Medium
96585858,0.30122787,Low
8597652,0.29664847,Low
176127030,0.36415017,Medium
151424484,0.30096367,Low
187093104,0.5875458,Medium
143403558,0.38670447,Medium
68250552,0.5097876,Medium
202809960,0.5720967,Medium
36861528,0.71101415,High
120464304,0.61176497,Medium
86561148,0.25543284,Low
293058,0.5097162,Medium
245598912,0.41276985,Medium
149139552,0.47383606,Medium
38733726,0.23077372,Low
229560300,0.5301024,Medium
420243860,0.47487387,Medium
106826256,0.41498858,Medium
59118792,0.5142549,Medium
127863570,0.34598103,Medium
117407214,0.6884608,High
8200722,0.38210124,Medium
161621370,0.51921123,Medium
128757198,0.4023396,Medium
141254172,0.559371,Medium
74336400,0.30298883,Low
36469686,0.37723017,Medium
123349218,0.42576548,Medium
93837324,0.35270733,Medium
108402642,0.44729906,Medium
95076642,0.3903491,Medium
364926596,0.40308103,Medium
408455210,0.2000101,Low
302581982,0.5906308,Medium
255685734,0.5637966,Medium
40361646,0.2510427,Low
160984038,0.51190865,Medium
134778594,0.23604636,Low
112922454,0.72489166,High
35453772,0.49893737,Medium
181076376,0.41209793,Medium
211270716,0.74006337,High
84870792,0.33635145,Medium
110367354,0.40610686,Medium
60916674,0.36698914,Medium
70962516,0.34515566,Medium
172890684,0.48632962,Medium
108666156,0.42454714,Medium
249558162,0.5104388,Medium
61580406,0.5125639,Medium
414341516,0.38502425,Medium
97432872,0.47103137,Medium
195089034,0.38693106,Medium
122739024,0.5454912,Medium
207932946,0.4998707,Medium
130083738,0.81042886,High
12457776,0.29425815,Low
84330150,0.5524293,Medium
114461136,0.5202132,Medium
133293744,0.71008646,High
5905512,0.7477292,High
270687186,0.3355559,Medium
88105494,0.3616845,Medium
269549280,0.41823032,Medium
282889266,0.41578084,Medium
37323984,0.63217247,Medium
248679516,0.3364165,Medium
185897478,0.36031002,Medium
216951996,0.49226326,Medium
150780642,0.41143215,Medium
178339752,0.23399663,Low
85612464,0.27326477,Low
69889224,0.45840782,Medium
370845656,0.6047811,Medium
39181818,0.5323572,Medium
159521418,0.60136575,Medium
127506516,0.43746817,Medium
56473176,0.5848247,Medium
138580884,0.58683735,Medium
209177856,0.3679486,Medium
162221100,0.29125816,Low
2922522,0.4105108,Medium
221635980,0.46760085,Medium
169912044,0.593321,Medium
59850246,0.47770625,Medium
152566956,0.55208087,Medium
164326842,0.40676108,Medium
161119416,0.50400716,Medium
15259002,0.49523035,Medium
166800288,0.7618811,High
163443978,0.4811814,Medium
81764628,0.41912687,Medium
82032690,0.41350234,Medium
105835506,0.37498963,Medium
194567784,0.22982603,Low
90932244,0.29791197,Low
17589420,0.47112343,Medium
207196752,0.4209077,Medium
101810784,0.7440611,High
178187514,0.394138,Medium
24868938,0.35824728,Medium
215303142,0.2849792,Low
109254360,0.5553908,Medium
149688936,0.46890238,Medium
33444294,0.33801147,Medium
97704150,0.31950113,Low
181353972,0.59224993,Medium
164344662,0.5257633,Medium
152053032,0.49096602,Medium
99704424,0.3211294,Low
290492118,0.5521246,Medium
33981006,0.34379384,Medium
56056458,0.34482768,Medium
193627722,0.37874526,Medium
51244020,0.4116467,Medium
35655420,0.41863534,Medium
242890662,0.50858516,Medium
108449304,0.6030862,Medium
100309332,0.36730325,Medium
324967970,0.32447252,Low
179606634,0.41925016,Medium
202152048,0.44879237,Medium
72138144,0.4959247,Medium
195892302,0.4322264,Medium
36044562,0.6812729,High
134475870,0.53204143,Medium
159091452,0.67565936,High
290569884,0.34852374,Medium
56131200,0.25318575,Low
3725712,0.23990779,Low
34656246,0.46335557,Medium
154185738,0.12675074,Low
79441500,0.48207,Medium
12126300,0.40083656,Medium
187271148,0.33002806,Medium
58694040,0.4018611,Medium
251249058,0.5509595,Medium
95947680,0.41473085,Medium
361318988,0.42024454,Medium
179173884,0.61741346,Medium
17703138,0.38518244,Medium
238130016,0.38586134,Medium
134067414,0.46670595,Medium
226914780,0.529886,Medium
262917354,0.54453623,Medium
295425836,0.61355305,Medium
179471880,0.38533494,Medium
206010558,0.49389878,Medium
208588554,0.55342937,Medium
59003136,0.5831311,Medium
243914922,0.25716695,Low
121405542,0.28309688,Low
58990992,0.6279909,Medium
360815612,0.42942834,Medium
29971098,0.56027424,Medium
229302966,0.41821086,Medium
126140706,0.25889927,Low
251076306,0.53332764,Medium
73061160,0.37573525,Medium
141711804,0.5704995,Medium
141461340,0.43976662,Medium
165950226,0.3596127,Medium
387232238,0.6802725,High
415579694,0.43235555,Medium
256725432,0.39537716,Medium
173653410,0.7460023,High
165232770,0.5152335,Medium
223708758,0.3324693,Medium
172129320,0.31373698,Low
116295702,0.59365475,Medium
168907014,0.42445344,Medium
169417962,0.54814404,Medium
374370992,0.2691963,Low
231298680,0.44700554,Medium
243013092,0.4085124,Medium
140358516,0.40369987,Medium
314864846,0.44621357,Medium
158707464,0.40376025,Medium
85494366,0.2810168,Low
148775520,0.36175218,Medium
40844322,0.5841855,Medium
240446496,0.4294013,Medium
159923124,0.4042998,Medium
131887860,0.3887309,Medium
46459572,0.5616205,Medium
154837320,0.5848405,Medium
203331354,0.5791961,Medium
96767124,0.60979176,Medium
282963198,0.5591623,Medium
111789150,0.25745115,Low
373101722,0.47869304,Medium
108934848,0.584683,Medium
72696276,0.603368,Medium
131412018,0.7524363,High
112333386,0.43088266,Medium
170300700,0.33129403,Medium
326083448,0.7812122,High
43399404,0.42769152,Medium
185718966,0.5594768,Medium
122822652,0.41818622,Medium
119812572,0.32527542,Low
2738358,0.4315834,Medium
161386854,0.6314721,Medium
299019992,0.60877836,Medium
127597158,0.46081358,Medium
106703064,0.35782406,Medium
208534098,0.4101468,Medium
177247518,0.5239499,Medium
45815820,0.48597935,Medium
126418986,0.55050373,Medium
68830806,0.45832726,Medium
78531456,0.41154245,Medium
111241758,0.45638222,Medium
23313126,0.5301951,Medium
125971308,0.87258935,High
148522752,0.21634907,Low
1072554,0.40074503,Medium
171701154,0.49777147,Medium
113306628,0.6585184,Medium
7028472,0.3404577,Medium
152000856,0.3940296,Medium
419743982,0.5019773,Medium
114105636,0.35822886,Medium
115708560,0.58597654,Medium
81990966,0.54348123,Medium
109182012,0.22819126,Low
244257636,0.3984806,Medium
161671092,0.47145918,Medium
56505846,0.52490395,Medium
103299756,0.3029831,Low
158449128,0.545035,Medium
39136482,0.49075857,Medium
133166274,0.43901458,Medium
152843340,0.56801546,Medium
70694778,0.3345488,Medium
156036000,0.35034844,Medium
101100684,0.49770093,Medium
41751972,0.41233647,Medium
131770758,0.4947881,Medium
182366550,0.3725139,Medium
2095932,0.53974175,Medium
195666120,0.38172185,Medium
189200472,0.33358687,Medium
240793044,0.2838717,Low
85660572,0.38717353,Medium
258753900,0.18699868,Low
250012686,0.36239442,Medium
107849778,0.37946075,Medium
48776778,0.5254164,Medium
354830990,0.6640446,High
168457224,0.32057798,Low
106877994,0.3580029,Medium
33372942,0.41214645,Medium
245135022,0.4249744,Medium
50961840,0.31938022,Low
164647296,0.35656965,Medium
124015806,0.5026111,Medium
95428218,0.4772777,Medium
353221706,0.37654516,Medium
110749296,0.753598,High
66196986,0.6095736,Medium
104765898,0.32538062,Low
48398544,0.50768095,Medium
150741144,0.46817094,Medium
123673506,0.39324117,Medium
145988388,0.5352957,Medium
81299700,0.49525762,Medium
129331290,0.28478235,Low
131350560,0.43717057,Medium
258148242,0.5558023,Medium
197630082,0.70266247,High
8051610,0.6071539,Medium
128754480,0.59194946,Medium
282632958,0.35399154,Medium
230116374,0.56807756,Medium
158807382,0.3999458,Medium
162325956,0.2888255,Low
94929330,0.52614623,Medium
363674270,0.68162346,High
46591176,0.5072724,Medium
400217510,0.6920497,High
56629320,0.3153004,Low
64623948,0.5783594,Medium
91818942,0.42077607,Medium
129364242,0.5944589,Medium
171570726,0.50165397,Medium
335580548,0.2843684,Low
47506824,0.5811729,Medium
133477122,0.6597808,Medium
162495960,0.5372346,Medium
85894266,0.7123411,High
254603112,0.6302286,Medium
41863884,0.7876747,High
111504864,0.24077345,Low
157388988,0.5766605,Medium
253783608,0.23637195,Low
414312074,0.50507504,Medium
155583198,0.47311035,Medium
156186246,0.74135196,High
74288106,0.41460097,Medium
283891848,0.43518233,Medium
49276794,0.3748826,Medium
86463948,0.6258008,Medium
208393476,0.4527245,Medium
237591222,0.37440786,Medium
72488490,0.27080768,Low
99196590,0.36493662,Medium
202917708,0.76953727,High
261241218,0.4075248,Medium
105632394,0.3494318,Medium
171953046,0.42213085,Medium
104416488,0.44032595,Medium
147831618,0.538107,Medium
201645444,0.46728495,Medium
69781356,0.32229537,Low
227708418,0.42631027,Medium
164326284,0.49331167,Medium
107921118,0.103695184,Low
110559252,0.4935099,Medium
211840776,0.4494455,Medium
28046418,0.4817467,Medium
341871518,0.39962035,Medium
59494338,0.7025706,High
119733522,0.35659185,Medium
430246970,0.52378654,Medium
107859828,0.26965454,Low
379690310,0.2935653,Low
69210228,0.43282592,Medium
107487630,0.5141789,Medium
26255856,0.33492807,Medium
68430774,0.7274894,High
116267892,0.57478386,Medium
35682150,0.29817435,Low
88301922,0.48864284,Medium
276648396,0.4093198,Medium
19833768,0.72443575,High
76955742,0.53765774,Medium
414970370,0.4195388,Medium
222207456,0.52204835,Medium
115849980,0.23663159,Low
217003110,0.72236437,High
432631742,0.31960022,Low
315580748,0.4727403,Medium
148175676,0.37044236,Medium
328404890,0.43386024,Medium
85829334,0.58369553,Medium
431370122,0.3555719,Medium
152630952,0.49578613,Medium
148510968,0.53977585,Medium
171736632,0.46460918,Medium
334976210,0.44083774,Medium
160980816,0.40176523,Medium
169614414,0.38452402,Medium
82561182,0.5925433,Medium
65807574,0.58713615,Medium
109996728,0.5579842,Medium
237113004,0.46686688,Medium
255205962,0.5400396,Medium
116726118,0.32767886,Low
239150652,0.8444539,High
230195592,0.56951064,Medium
149099784,0.3113969,Low
301965890,0.5209373,Medium
250440402,0.35344195,Medium
137494506,0.2610822,Low
124993650,0.38747725,Medium
42709974,0.448461,Medium
285687234,0.58113104,Medium
161006046,0.6169057,Medium
100127112,0.5410028,Medium
81559236,0.5194538,Medium
193118376,0.46658716,Medium
277815792,0.72631884,High
236092500,0.5761649,Medium
191861622,0.4596681,Medium
52180086,0.37603688,Medium
208938168,0.33022055,Medium
82017858,0.53053254,Medium
99157512,0.22465093,Low
39756906,0.5765783,Medium
9945750,0.4385638,Medium
205217046,0.3063935,Low
179192694,0.42685398,Medium
252777966,0.39550883,Medium
297785300,0.54162115,Medium
283028838,0.35483563,Medium
287702238,0.5595583,Medium
2262036,0.56938106,Medium
120741906,0.4043726,Medium
160648236,0.30453616,Low
139363548,0.49561325,Medium
94063584,0.51620096,Medium
124632480,0.5229068,Medium
86944980,0.46486676,Medium
231275262,0.6671018,High
148463598,0.47302198,Medium
89537370,0.57596856,Medium
102497094,0.48354286,Medium
346671494,0.07381429,Low
148113366,0.38376418,Medium
190248288,0.2748342,Low
122725932,0.28089184,Low
322024382,0.42252436,Medium
242961984,0.5342352,Medium
219912048,0.38974717,Medium
324906740,0.6176019,Medium
215379636,0.57637304,Medium
118983834,0.48201007,Medium
130104930,0.5109558,Medium
151067358,0.5056974,Medium
25536666,0.6277016,Medium
245624562,0.3039936,Low
25860516,0.45391485,Medium
65169912,0.5424813,Medium
140311524,0.3343386,Medium
342462446,0.42214844,Medium
145055412,0.32492837,Low
94288170,0.560687,Medium
104279022,0.24577007,Low
241489644,0.5369696,Medium
29147820,0.4647849,Medium
248453016,0.30024728,Low
294388616,0.4469172,Medium
94002402,0.32185173,Low
117289680,0.42031896,Medium
79389756,0.5119158,Medium
151661256,0.45001513,Medium
392645888,0.5170609,Medium
87867486,0.4454226,Medium
146628288,0.34405097,Medium
95203980,0.69757396,High
194603544,0.27044445,Low
230430966,0.38843507,Medium
45422196,0.44599038,Medium
359689214,0.7183041,High
66717750,0.48090303,Medium
9499902,0.45352888,Medium
106573428,0.5255821,Medium
215017824,0.5094391,Medium
120938058,0.7191796,High
67965798,0.34666294,Medium
25720578,0.27988485,Low
89538126,0.35322723,Medium
110979198,0.43201563,Medium
174659694,0.293849,Low
343719362,0.6610006,High
129359040,0.5514389,Medium
36735528,0.37044975,Medium
41529300,0.15502436,Low
79427058,0.4491693,Medium
236863464,0.5670359,Medium
164721342,0.4129186,Medium
35822436,0.30670005,Low
37852296,0.34728357,Medium
57577644,0.524708,Medium
135322986,0.39735803,Medium
27772098,0.3032224,Low
151274568,0.10804264,Low
314983814,0.41581053,Medium
129327252,0.53638524,Medium
265010058,0.5237319,Medium
115307952,0.4056117,Medium
83226450,0.48159,Medium
164514882,0.3326295,Medium
160828038,0.47522005,Medium
149759640,0.5237701,Medium
102218430,0.16564117,Low
221358252,0.55037856,Medium
252391476,0.61077344,Medium
253834374,0.5146057,Medium
110826444,0.505838,Medium
83874612,0.36045304,Medium
419144534,0.40507933,Medium
214407306,0.52621204,Medium
278915754,0.22835937,Low
51676152,0.46396142,Medium
65069850,0.41297787,Medium
146730942,0.56276095,Medium
143258670,0.5443104,Medium
183904878,0.6645795,High
276361908,0.32960576,Low
72755760,0.27882314,Low
206714778,0.3556548,Medium
89875380,0.45383048,Medium
276398280,0.43604225,Medium
144845952,0.489415,Medium
134405406,0.5779987,Medium
11302524,0.28329664,Low
161949090,0.62316185,Medium
271901634,0.26127693,Low
135034344,0.34880814,Medium
149938620,0.24634589,Low
76501776,0.3984496,Medium
290177604,0.39717743,Medium
12073620,0.47024265,Medium
37782324,0.2083372,Low
59557230,0.32383576,Low
199119162,0.32683524,Low
3973368,0.39221823,Medium
70439532,0.43565974,Medium
143830434,0.41041145,Medium
151018698,0.5795798,Medium
407896208,0.39812565,Medium
273346758,0.46195552,Medium
132546438,0.43557698,Medium
47101818,0.51447785,Medium
135128916,0.71217185,High
180454170,0.4540661,Medium
230331714,0.7208308,High
82547634,0.4372219,Medium
35133066,0.40258032,Medium
159351804,0.33292356,Medium
190483968,0.5754874,Medium
70905930,0.46476004,Medium
35635200,0.6440037,Medium
207490746,0.56270677,Medium
103670796,0.4227351,Medium
343159892,0.46601835,Medium
165682398,0.47089386,Medium
148855152,0.31653026,Low
143526402,0.34695238,Medium
433813214,0.4625177,Medium
423739748,0.32117906,Low
16711998,0.5555213,Medium
156523320,0.3271167,Low
114302340,0.36329606,Medium
30955440,0.2649478,Low
396737342,0.5784235,Medium
126329622,0.32412595,Low
250439196,0.56434095,Medium
364869026,0.34069648,Medium
155076060,0.5472118,Medium
45211386,0.832865,High
101459490,0.3525468,Medium
254357118,0.38728762,Medium
153154092,0.6311515,Medium
174657282,0.5148204,Medium
149220018,0.5196431,Medium
110107614,0.42846707,Medium
379682234,0.3515166,Medium
234840840,0.4582198,Medium
136392636,0.40241957,Medium
101365350,0.35917294,Medium
24175158,0.84197676,High
126881094,0.70859796,High
328367990,0.41944423,Medium
442522364,0.39940733,Medium
156851052,0.5070493,Medium
184457358,0.30705035,Low
161636112,0.6601895,High
163226250,0.46279973,Medium
76669422,0.1423526,Low
151929582,0.4684438,Medium
152168160,0.31279618,Low
133816122,0.2562704,Low
441480734,0.44735968,Medium
60306066,0.53962517,Medium
94668486,0.30568138,Low
241108098,0.5754967,Medium
6697722,0.3015796,Low
142068390,0.4429007,Medium
172783548,0.70799184,High
209992056,0.5412887,Medium
90054894,0.5165735,Medium
103371396,0.523667,Medium
154157898,0.41896367,Medium
112787502,0.31237626,Low
100904754,0.49580276,Medium
143710332,0.28047526,Low
25149186,0.4116301,Medium
128111598,0.5257517,Medium
56457804,0.45731395,Medium
390259838,0.59110403,Medium
373665620,0.53909576,Medium
141836352,0.55935234,Medium
289061028,0.30086574,Low
57256752,0.24566746,Low
133295064,0.6099764,Medium
67745070,0.52034724,Medium
114809190,0.46179837,Medium
250847610,0.3905605,Medium
40147368,0.5955817,Medium
175384284,0.49652216,Medium
208844676,0.44686633,Medium
6581646,0.43820873,Medium
175626516,0.46407467,Medium
225760662,0.3762222,Medium
47998068,0.35718182,Medium
107874450,0.59127414,Medium
35716554,0.43857884,Medium
185554698,0.49564353,Medium
22092084,0.54448533,Medium
208570338,0.27480474,Low
410760194,0.58232355,Medium
126048780,0.2844642,Low
85384458,0.48018822,Medium
61773756,0.53294295,Medium
379141406,0.3791427,Medium
291565890,0.2833519,Low
87295914,0.43546328,Medium
151417512,0.5343748,Medium
37299816,0.61467856,Medium
79277724,0.54777527,Medium
233313954,0.42588425,Medium
150408942,0.24194239,Low
434393444,0.5477721,Medium
141177084,0.35874528,Medium
86171214,0.21953698,Low
101894844,0.3599476,Medium
184078194,0.33219275,Medium
163307658,0.4981516,Medium
277132362,0.58808535,Medium
55874340,0.53706616,Medium
48791016,0.7058954,High
73504854,0.33927166,Medium
337345094,0.58252716,Medium
92297934,0.36347553,Medium
204980436,0.45000452,Medium
172173462,0.57340896,Medium
150518160,0.5596291,Medium
129856122,0.4570924,Medium
45329682,0.55062586,Medium
342632042,0.608272,Medium
199551642,0.51036114,Medium
313143938,0.7538739,High
144644136,0.55220073,Medium
342560738,0.60501885,Medium
128158656,0.44857964,Medium
48352680,0.44992805,Medium
102798972,0.3672662,Medium
40541640,0.64169353,Medium
87915444,0.44004506,Medium
27713076,0.6512294,Medium
61948404,0.5834128,Medium
387285740,0.406676,Medium
208703772,0.2718141,Low
153939096,0.39433756,Medium
149599074,0.3729659,Medium
167836920,0.48333514,Medium
260865150,0.351532,Medium
25074408,0.39444646,Medium
74895924,0.48641777,Medium
85648914,0.36101934,Medium
141736710,0.38207945,Medium
101825238,0.3175286,Low
169914444,0.2962187,Low
40565628,0.5701743,Medium
430804520,0.44415745,Medium
107893638,0.37322664,Medium
153720756,0.18545784,Low
185570178,0.6177078,Medium
243000186,0.51191545,Medium
131880786,0.2842989,Low
368438270,0.5022001,Medium
139061592,0.40957952,Medium
164982972,0.49810642,Medium
264596592,0.5360427,Medium
117003432,0.5000158,Medium
12309516,0.38279665,Medium
103913082,0.40503067,Medium
150483144,0.2562885,Low
104878554,0.28489938,Low
127567038,0.35036474,Medium
118229670,0.689312,High
222941436,0.48300964,Medium
225361206,0.51932573,Medium
21189468,0.4401328,Medium
63599766,0.34926823,Medium
353712404,0.572669,Medium
123242466,0.6028566,Medium
297885110,0.5129784,Medium
152934762,0.6619658,High
189726546,0.27844843,Low
374879654,0.45933262,Medium
293068596,0.4651671,Medium
225856734,0.4245107,Medium
349118588,0.49262804,Medium
57250290,0.4347545,Medium
82473324,0.2409538,Low
158312184,0.46784842,Medium
393677708,0.26158893,Low
109129638,0.3188891,Low
166854888,0.41657296,Medium
396202724,0.4674163,Medium
32149902,0.44671932,Medium
143222304,0.3961853,Medium
345992498,0.3210501,Low
228064530,0.5432205,Medium
65313288,0.3872483,Medium
137878476,0.46310255,Medium
112298556,0.36175564,Medium
144438216,0.5343638,Medium
153081144,0.26913017,Low
176743314,0.5450526,Medium
18227082,0.764227,High
163748706,0.38202035,Medium
7292178,0.45327568,Medium
66298002,0.43610096,Medium
233613768,0.593855,Medium
61019430,0.8305978,High
71016510,0.5420152,Medium
287954046,0.49624625,Medium
200227920,0.39297903,Medium
257526336,0.29919717,Low
195499902,0.7060801,High
268802484,0.38462436,Medium
153892470,0.27590713,Low
270616698,0.55932033,Medium
116961978,0.36876258,Medium
28381854,0.55733186,Medium
213803694,0.6970289,High
60938370,0.51815253,Medium
204043992,0.28916952,Low
100817910,0.30997398,Low
21925842,0.47593352,Medium
104980068,0.08424164,Low
254826252,0.36992434,Medium
104318832,0.35705224,Medium
330142712,0.34681326,Medium
122806014,0.4185143,Medium
109274622,0.42439258,Medium
68545422,0.60201126,Medium
395460050,0.23872034,Low
143326332,0.46710345,Medium
104932782,0.38976514,Medium
129014124,0.123194225,Low
434921834,0.30337253,Low
331992440,0.4439771,Medium
43324026,0.55821466,Medium
129070170,0.22757949,Low
42607506,0.47296113,Medium
163612056,0.3217225,Low
232617912,0.45126265,Medium
39398724,0.46804497,Medium
323147294,0.3668566,Medium
155656848,0.5213679,Medium
86114322,0.6245691,Medium
433819448,0.4730787,Medium
274910058,0.8132109,High
188432610,0.5604088,Medium
150971430,0.6264705,Medium
155555790,0.752458,High
57537876,0.34731632,Medium
195946680,0.52414024,Medium
309636458,0.39812598,Medium
160825068,0.6146582,Medium
112423200,0.34528467,Medium
96961224,0.59349376,Medium
87999354,0.544983,Medium
178734204,0.46239442,Medium
265087740,0.44465902,Medium
347926256,0.41833705,Medium
54794520,0.39060688,Medium
93698010,0.3841307,Medium
257729508,0.4710558,Medium
190012488,0.465396,Medium
149590110,0.53832865,Medium
191386704,0.38465828,Medium
73031526,0.31566367,Low
173142186,0.5937421,Medium
216949494,0.8036722,High
88055628,0.4012288,Medium
94027338,0.43578914,Medium
50166414,0.5077876,Medium
161026620,0.4730298,Medium
146812242,0.27479446,Low
157151490,0.41685063,Medium
96615396,0.35920426,Medium
91421286,0.4210696,Medium
405582368,0.4356891,Medium
136800510,0.3119678,Low
55838010,0.2990289,Low
278871558,0.42040828,Medium
115340760,0.56708455,Medium
169267704,0.46232012,Medium
139678398,0.51481575,Medium
98705880,0.44885018,Medium
170677014,0.4293314,Medium
178372914,0.39807755,Medium
78023004,0.5634392,Medium
103981170,0.52347296,Medium
135118776,0.42508522,Medium
145409358,0.3073599,Low
91506018,0.30707535,Low
224207478,0.46394095,Medium
84681948,0.3378287,Medium
69462798,0.3191039,Low
59199378,0.32332778,Low
85756938,0.44171637,Medium
193523820,0.4499027,Medium
2569692,0.3221493,Low
58349532,0.40915942,Medium
170498022,0.49553385,Medium
83299128,0.47426277,Medium
170503818,0.4790002,Medium
146590758,0.27902696,Low
109971648,0.5000957,Medium
91836984,0.51712847,Medium
155457882,0.43041864,Medium
163619016,0.687296,High
73768524,0.41019142,Medium
34904334,0.30957896,Low
71584128,0.36280453,Medium
86842686,0.37066486,Medium
63076782,0.49609315,Medium
162999732,0.3360169,Medium
340190576,0.70283014,High
238588062,0.53215337,Medium
163029468,0.2993594,Low
99014880,0.49670956,Medium
174646752,0.6701275,High
62995722,0.52494556,Medium
3051324,0.45610994,Medium
344339564,0.5066719,Medium
27853032,0.54140776,Medium
53474730,0.5797669,Medium
43309488,0.55063915,Medium
385582850,0.5355765,Medium
101777778,0.37881452,Medium
176867418,0.46622172,Medium
137879820,0.70167303,High
106499544,0.54138744,Medium
250328004,0.42130715,Medium
279326520,0.61487347,Medium
143321808,0.53958637,Medium
19983828,0.5773694,Medium
172853904,0.47818094,Medium
80756058,0.60367095,Medium
221866794,0.3798812,Medium
65930892,0.30552995,Low
41154780,0.37373674,Medium
260924784,0.39809602,Medium
68656632,0.25696772,Low
73199082,0.54038334,Medium
35155326,0.6025495,Medium
31394364,0.45601016,Medium
171033768,0.4559721,Medium
24896904,0.35033134,Medium
341392520,0.6190119,Medium
216664758,0.30464086,Low
12512544,0.37813836,Medium
138548868,0.6764016,High
26823762,0.37318677,Medium
52240068,0.5817014,Medium
160369020,0.66328377,High
246344070,0.4049891,Medium
92226888,0.69998646,High
166883316,0.49540442,Medium
23040888,0.2485883,Low
152111598,0.49435005,Medium
42848268,0.5458616,Medium
40219290,0.40068248,Medium
114129870,0.4236931,Medium
189903876,0.56650674,Medium
35023812,0.5272401,Medium
283858086,0.43237022,Medium
5197890,0.46913832,Medium
250629678,0.33597592,Medium
268512528,0.7783415,High
232290072,0.50308204,Medium
73425294,0.71239513,High
42822516,0.3867666,Medium
30415752,0.35336503,Medium
328434260,0.32630357,Low
340138694,0.42065534,Medium
288507696,0.45668387,Medium
252113142,0.6747815,High
409694888,0.538455,Medium
383082662,0.50712603,Medium
236529564,0.4513659,Medium
60566868,0.58784467,Medium
412672868,0.50862455,Medium
50570580,0.37191468,Medium
44938644,0.56011903,Medium
203115834,0.5223137,Medium
121271196,0.53323364,Medium
93888318,0.61756164,Medium
122468532,0.6011493,Medium
98021436,0.26725206,Low
87375048,0.47990122,Medium
239165490,0.42024392,Medium
3880440,0.3804974,Medium
344848748,0.41129574,Medium
163401114,0.26566505,Low
74959086,0.74072933,High
12662898,0.51387316,Medium
48634674,0.44560808,Medium
123208914,0.24827147,Low
182669748,0.4009666,Medium
79836582,0.71491104,High
60066192,0.35580236,Medium
425596586,0.5926913,Medium
102237600,0.46802735,Medium
288611406,0.31164873,Low
39805008,0.4789803,Medium
147307578,0.30782914,Low
49036482,0.39821917,Medium
149204016,0.4471058,Medium
280601664,0.39189786,Medium
54641766,0.44777167,Medium
313672286,0.39596602,Medium
330779114,0.3589078,Medium
300164480,0.52669,Medium
66571416,0.3984538,Medium
46251774,0.46676856,Medium
210748884,0.61130166,Medium
132061896,0.2881952,Low
271780788,0.56315976,Medium
113510676,0.23931666,Low
287689128,0.38276097,Medium
99539058,0.6221101,Medium
209599104,0.5444814,Medium
149956584,0.2724021,Low
96310344,0.34465674,Medium
142242972,0.5640914,Medium
108681162,0.38960257,Medium
199413324,0.5728627,Medium
219845064,0.47940025,Medium
80156394,0.5384477,Medium
80426022,0.49922597,Medium
260522652,0.34421048,Medium
115301448,0.5034315,Medium
25957656,0.4390962,Medium
4730190,0.34816152,Medium
226718946,0.37591562,Medium
212039352,0.44857278,Medium
170613612,0.37107542,Medium
105716688,0.36945504,Medium
26881278,0.48051104,Medium
45646854,0.41209903,Medium
256539606,0.46915072,Medium
23055276,0.3770978,Medium
121511790,0.25766274,Low
196929852,0.5144048,Medium
150372336,0.558412,Medium
49383468,0.32207608,Low
152934606,0.36873242,Medium
384930374,0.48310298,Medium
171717096,0.2987309,Low
157716954,0.42762235,Medium
96430260,0.5673228,Medium
76967406,0.24305284,Low
200336826,0.5803174,Medium
73760454,0.71314687,High
41384190,0.44357935,Medium
57191358,0.40027386,Medium
90828996,0.45264524,Medium
145983108,0.414742,Medium
146714166,0.38633087,Medium
191696256,0.43845412,Medium
100361958,0.51015383,Medium
25018938,0.4919498,Medium
67086828,0.5179365,Medium
211663158,0.32391557,Low
129973626,0.5784101,Medium
39129096,0.30594262,Low
119860152,0.341513,Medium
106115616,0.4873924,Medium
129592956,0.55755657,Medium
134974944,0.6011681,Medium
10649478,0.31235993,Low
91152294,0.43161085,Medium
243874674,0.41856515,Medium
29498388,0.31241766,Low
111691494,0.7028463,High
39057732,0.42251188,Medium
273372846,0.30427012,Low
253831914,0.27072918,Low
156812964,0.30632123,Low
174305610,0.44191337,Medium
64427502,0.35061824,Medium
169574928,0.5089679,Medium
191826612,0.35216567,Medium
32000856,0.5073022,Medium
168980010,0.2728536,Low
125873622,0.61744326,Medium
407403938,0.59551114,Medium
109636338,0.78498125,High
167786484,0.50275916,Medium
241722738,0.40384582,Medium
386783960,0.4831631,Medium
125005260,0.6486813,Medium
142875528,0.5407026,Medium
239891166,0.46582466,Medium
141033132,0.327713,Low
160369494,0.4203134,Medium
155648850,0.29450387,Low
98757204,0.47035176,Medium
226690182,0.41436842,Medium
170972214,0.4810272,Medium
111987912,0.36374447,Medium
193671630,0.26719224,Low
103584228,0.3254682,Low
122766828,0.33064935,Medium
151664412,0.32999495,Low
346671410,0.64175045,Medium
202914924,0.5935324,Medium
190744902,0.43856078,Medium
3830322,0.45934913,Medium
97083054,0.5446971,Medium
147895050,0.39669457,Medium
229690680,0.31385434,Low
181766394,0.3957701,Medium
16086588,0.35862786,Medium
41045004,0.5199671,Medium
128359620,0.36890903,Medium
186517188,0.40043253,Medium
20474748,0.38872543,Medium
141962250,0.4441945,Medium
72193440,0.40895382,Medium
133528374,0.2561387,Low
76642902,0.53743285,Medium
162879696,0.47991335,Medium
241403988,0.4308105,Medium
134294754,0.3021607,Low
27831474,0.73695517,High
74855580,0.4618471,Medium
71550240,0.26064584,Low
152820948,0.72249305,High
293412810,0.4922513,Medium
184103964,0.45092568,Medium
68356734,0.41703355,Medium
75806496,0.22590327,Low
233534292,0.38933164,Medium
65657358,0.57798177,Medium
150532992,0.49549866,Medium
125947230,0.47270682,Medium
48408960,0.5110377,Medium
300794582,0.39195177,Medium
334947422,0.7611847,High
122357010,0.49675164,Medium
100077486,0.32909742,Low
31226016,0.3449105,Medium
59016840,0.26650095,Low
137917014,0.33702603,Medium
107647752,0.34901625,Medium
85150650,0.5225231,Medium
100651086,0.31713974,Low
290631732,0.45353535,Medium
157694844,0.42125005,Medium
134008536,0.49800375,Medium
64118982,0.54176426,Medium
176325630,0.3038027,Low
119270232,0.34706467,Medium
270000954,0.42364362,Medium
275418816,0.41333842,Medium
36429342,0.57035106,Medium
53046264,0.6744168,High
18493914,0.3742447,Medium
13169532,0.34396902,Medium
244128336,0.48859993,Medium
60053256,0.54736555,Medium
85411386,0.39590964,Medium
96480012,0.30569184,Low
136840650,0.34912476,Medium
95754876,0.41930535,Medium
144470820,0.43555418,Medium
247730952,0.18650834,Low
99190746,0.44493893,Medium
130613568,0.5837216,Medium
150575394,0.5209852,Medium
229132914,0.59249496,Medium
213240672,0.38186458,Medium
155306466,0.46313936,Medium
153392256,0.44886547,Medium
196494786,0.2419375,Low
357274562,0.38998094,Medium
424967246,0.55436265,Medium
214913784,0.61350894,Medium
238125654,0.4320716,Medium
179406804,0.32505098,Low
282710100,0.55912924,Medium
176209518,0.57035905,Medium
263895960,0.6605018,High
287981232,0.43811414,Medium
114043074,0.53481543,Medium
69410694,0.32188866,Low
79268922,0.5995551,Medium
129242796,0.41666093,Medium
41030370,0.59385633,Medium
77335512,0.2818992,Low
53146050,0.5680622,Medium
76864074,0.3255827,Low
185132898,0.5039249,Medium
144777306,0.32490507,Low
390737960,0.42494643,Medium
117304140,0.59318537,Medium
195953484,0.6020031,Medium
223669950,0.6942249,High
152461248,0.43434733,Medium
182745114,0.3538357,Medium
73323072,0.3354748,Medium
33220848,0.3237631,Low
288698118,0.4362228,Medium
49878636,0.25522017,Low
53001822,0.39681962,Medium
437391776,0.50196815,Medium
176918880,0.39734817,Medium
98689560,0.6256892,Medium
429674324,0.29254928,Low
167897484,0.36463785,Medium
29165076,0.5721263,Medium
134977332,0.26344898,Low
244870146,0.46871907,Medium
184385280,0.25289914,Low
79606626,0.54244906,Medium
155475768,0.3188418,Low
156900972,0.45056403,Medium
146458896,0.53088146,Medium
16527504,0.3963598,Medium
289146210,0.3970056,Medium
107790552,0.47527772,Medium
117927906,0.5346865,Medium
66034038,0.24752907,Low
2789766,0.4362162,Medium
4840836,0.41800937,Medium
123532938,0.4727729,Medium
180162558,0.27218586,Low
27848316,0.28431222,Low
201567234,0.48441395,Medium
198447042,0.2531046,Low
92621166,0.48403755,Medium
164304468,0.4250362,Medium
58060836,0.3494446,Medium
30800394,0.4626451,Medium
87315810,0.4480968,Medium
7978782,0.3125256,Low
307175600,0.3082407,Low
156978462,0.530065,Medium
66301956,0.5648556,Medium
181237218,0.20763229,Low
333642254,0.5143792,Medium
281846592,0.3324066,Medium
156039156,0.547295,Medium
226975068,0.5030278,Medium
436750646,0.4082192,Medium
65558310,0.28076,Low
216575418,0.34227175,Medium
47991000,0.49141583,Medium
229544556,0.42617062,Medium
292108254,0.4952679,Medium
240233916,0.47468388,Medium
6657678,0.5400035,Medium
198703866,0.33988917,Medium
25121856,0.13580321,Low
234893160,0.58370113,Medium
408474608,0.54447037,Medium
176557026,0.3388531,Medium
93775788,0.2981379,Low
156099918,0.5810582,Medium
249912960,0.5184807,Medium
151248894,0.3888612,Medium
134959902,0.33467138,Medium
259656840,0.33684215,Medium
160260414,0.38365728,Medium
127019382,0.35521555,Medium
338405894,0.33362392,Medium
210558492,0.3980347,Medium
133751934,0.44458795,Medium
133448142,0.2927088,Low
99631626,0.48987016,Medium
85795422,0.28908294,Low
283707942,0.78077084,High
145749894,0.65261555,Medium
10917162,0.5766185,Medium
290306862,0.41311622,Medium
256914348,0.43301943,Medium
223178226,0.43920976,Medium
313105196,0.47841156,Medium
157138338,0.48422018,Medium
38584188,0.23167318,Low
51998238,0.43913767,Medium
94818792,0.60194355,Medium
161057598,0.6246396,Medium
31247232,0.4551929,Medium
268727130,0.38897932,Medium
281606508,0.36634344,Medium
74318982,0.30285442,Low
392675012,0.6443803,Medium
93062754,0.34618637,Medium
300803996,0.3155387,Low
155117316,0.30108494,Low
112486734,0.30843025,Low
187796436,0.38787672,Medium
28474356,0.57996076,Medium
130012560,0.51054883,Medium
147407652,0.31083435,Low
34420860,0.475913,Medium
319654814,0.43274653,Medium
134452404,0.4846678,Medium
364368110,0.56979924,Medium
145257906,0.40449807,Medium
155904372,0.4785578,Medium
279070302,0.47324038,Medium
278573244,0.21585786,Low
139705260,0.6226987,Medium
121373514,0.5969369,Medium
72541248,0.27161813,Low
360187292,0.54042935,Medium
227113728,0.31260023,Low
90705312,0.36099374,Medium
237916986,0.32599932,Low
31793634,0.66564,High
35825940,0.4648036,Medium
341452772,0.28365466,Low
40791822,0.55962247,Medium
33841248,0.49647596,Medium
81785004,0.5531173,Medium
421421468,0.5195269,Medium
55413336,0.37139344,Medium
193632078,0.55697745,Medium
38069736,0.55176425,Medium
57760404,0.42408648,Medium
52420512,0.4859532,Medium
155327880,0.5116253,Medium
223350378,0.5367581,Medium
87951336,0.5311191,Medium
8872974,0.40719417,Medium
152725464,0.4056242,Medium
54372930,0.3649292,Medium
218531760,0.5585764,Medium
123704556,0.7239826,High
177284832,0.6894162,High
240144618,0.51089275,Medium
27688884,0.5136114,Medium
372580196,0.34910646,Medium
188222862,0.52061653,Medium
406696976,0.3823931,Medium
196898694,0.4247957,Medium
151676346,0.31637597,Low
105238902,0.61588186,Medium
175240536,0.74936503,High
216680232,0.5622992,Medium
171910446,0.42504448,Medium
164144328,0.45830333,Medium
160414554,0.2924951,Low
120794358,0.5140664,Medium
91972686,0.47545707,Medium
193820394,0.5198107,Medium
122029746,0.34530574,Medium
155685102,0.47656882,Medium
150856266,0.40699852,Medium
43723122,0.5120731,Medium
177224070,0.50269234,Medium
151645704,0.5211567,Medium
83871912,0.46611986,Medium
21546630,0.54040056,Medium
169463790,0.46673703,Medium
181441080,0.41323608,Medium
139726230,0.33993974,Medium
45338640,0.48860437,Medium
407984168,0.36250904,Medium
132178860,0.33491266,Medium
50849400,0.53194255,Medium
136448124,0.56424546,Medium
157154544,0.80129206,High
27330354,0.336246,Medium
27039402,0.2576189,Low
98193984,0.502892,Medium
109161756,0.31242457,Low
245593716,0.3589028,Medium
28627392,0.6357608,Medium
111827766,0.59519446,Medium
107328594,0.32856396,Low
422641622,0.5745285,Medium
145709592,0.32063866,Low
129459048,0.29184666,Low
60354312,0.33099803,Medium
21596646,0.19426128,Low
34534008,0.41629723,Medium
126391326,0.605745,Medium
149501736,0.505793,Medium
37644438,0.47426903,Medium
5733036,0.42775163,Medium
108370362,0.44378135,Medium
118392180,0.14812993,Low
288112098,0.3542405,Medium
36717210,0.2495445,Low
66887256,0.47484607,Medium
157938096,0.40832558,Medium
135440970,0.35873324,Medium
125848770,0.73376226,High
154423878,0.39993224,Medium
220550190,0.34474847,Medium
97901454,0.28953516,Low
103499478,0.4785193,Medium
277581648,0.3699186,Medium
207968892,0.35735244,Medium
146991852,0.27904725,Low
7257798,0.3837588,Medium
88020240,0.55068237,Medium
292565694,0.3424987,Medium
378970190,0.42761382,Medium
410256434,0.56301135,Medium
94274388,0.36691234,Medium
26986782,0.59012526,Medium
93769410,0.60617805,Medium
31676928,0.44896042,Medium
407941454,0.36922538,Medium
195396138,0.37442228,Medium
386083232,0.5493415,Medium
108916134,0.323349,Low
278250186,0.47699252,Medium
83723106,0.41343033,Medium
51360480,0.7683152,High
433800620,0.39072847,Medium
256988130,0.4732297,Medium
204404550,0.49332896,Medium
133169904,0.3973719,Medium
104611626,0.50472224,Medium
14452500,0.44815624,Medium
22612896,0.36051652,Medium
149641506,0.7486576,High
255053058,0.4715926,Medium
242214600,0.79792404,High
47478462,0.42295498,Medium
130387326,0.39719084,Medium
270528912,0.16499987,Low
93897612,0.53874916,Medium
175018314,0.5291792,Medium
432599966,0.46811733,Medium
35581752,0.44240427,Medium
163036008,0.6810368,High
130857570,0.49388716,Medium
64705884,0.6217487,Medium
38836218,0.41829035,Medium
135258078,0.60636073,Medium
8497938,0.5303101,Medium
79028064,0.5092785,Medium
164845974,0.31537563,Low
87689682,0.4893605,Medium
269059062,0.52521807,Medium
177946710,0.57591534,Medium
57681444,0.39859232,Medium
281376492,0.5673188,Medium
101572470,0.5203643,Medium
45716022,0.6031626,Medium
189893748,0.590434,Medium
245364600,0.6861212,High
165228078,0.4176343,Medium
374367896,0.31395555,Low
9807126,0.38778204,Medium
168778356,0.2545746,Low
55109340,0.50348455,Medium
15884724,0.3956872,Medium
107822334,0.35391352,Medium
156559272,0.45430937,Medium
107681952,0.2895509,Low
208325790,0.093228556,Low
84778032,0.57272273,Medium
99554034,0.22304855,Low
158001330,0.397095,Medium
61576812,0.45706075,Medium
89777136,0.3903729,Medium
47487834,0.37458098,Medium
81362880,0.37333262,Medium
237539442,0.5741067,Medium
192972876,0.5104214,Medium
97503114,0.35313106,Medium
39174978,0.3769257,Medium
149715582,0.55463755,Medium
269085480,0.46603006,Medium
168570522,0.5184599,Medium
65009880,0.20517272,Low
3634938,0.49031276,Medium
16726086,0.36024648,Medium
41772786,0.40745553,Medium
110124204,0.72504276,High
112496298,0.53651106,Medium
204373590,0.4978322,Medium
190104144,0.36660212,Medium
121216344,0.55861497,Medium
45968184,0.2101786,Low
123696822,0.58041716,Medium
53760804,0.4484784,Medium
225436050,0.5157812,Medium
53648448,0.58712834,Medium
78539832,0.38242936,Medium
234140106,0.3958115,Medium
140746602,0.47299597,Medium
75453750,0.46114624,Medium
122813610,0.3723323,Medium
59759418,0.44523734,Medium
95230806,0.35302025,Medium
160924860,0.24849851,Low
175648866,0.3096755,Low
33598632,0.41606337,Medium
274461960,0.35377505,Medium
67632000,0.6433781,Medium
34933062,0.4861397,Medium
159647814,0.3647732,Medium
125447910,0.4745738,Medium
173902416,0.41815862,Medium
109092342,0.40848354,Medium
82361406,0.29843622,Low
93032754,0.40471324,Medium
195854430,0.52171475,Medium
160265508,0.3623454,Medium
97978080,0.30724806,Low
228704418,0.46006307,Medium
113129994,0.2766308,Low
115026528,0.5419024,Medium
148777704,0.7186785,High
418467656,0.46361694,Medium
262833240,0.3686336,Medium
240121458,0.35394657,Medium
262558434,0.42660227,Medium
155383704,0.63846755,Medium
104236272,0.3727446,Medium
72650526,0.2362386,Low
101781594,0.39847046,Medium
42245472,0.24126935,Low
64989372,0.5967531,Medium
110116068,0.5762198,Medium
313653500,0.77928805,High
39397584,0.42019215,Medium
104309610,0.48265857,Medium
173901270,0.5803831,Medium
186204144,0.49346703,Medium
141106914,0.4675258,Medium
187616832,0.6495924,Medium
379641902,0.40277478,Medium
429101972,0.31191084,Low
338986712,0.25620413,Low
308427320,0.34245932,Medium
144557838,0.52471346,Medium
403789094,0.5701186,Medium
56756394,0.2744055,Low
61484010,0.35317785,Medium
149596704,0.7661895,High
177031242,0.60245997,Medium
289707642,0.4134774,Medium
69440034,0.4186839,Medium
93473340,0.4906239,Medium
150579420,0.22049317,Low
88500954,0.39808488,Medium
97492452,0.37349552,Medium
167726370,0.3897489,Medium
87384084,0.45526582,Medium
139430490,0.5412772,Medium
240722964,0.55072767,Medium
203510406,0.34817073,Medium
116810130,0.25310585,Low
46866984,0.26771867,Low
192119082,0.47200176,Medium
248322984,0.43416122,Medium
173015028,0.31570235,Low
246395562,0.3645061,Medium
165178194,0.311601,Low
30157656,0.5500573,Medium
331310528,0.4318652,Medium
222530658,0.3862213,Medium
150826224,0.42199776,Medium
33855372,0.816229,High
153358764,0.47229573,Medium
82392120,0.4763713,Medium
196718760,0.39482045,Medium
138213450,0.5246621,Medium
67331940,0.44205472,Medium
307870550,0.3543518,Medium
33228510,0.50521034,Medium
99354768,0.5285396,Medium
89986632,0.4521334,Medium
232124904,0.29612976,Low
284337450,0.60544056,Medium
390873146,0.343698,Medium
171888810,0.5715676,Medium
80771712,0.30396494,Low
17229624,0.38927376,Medium
108423444,0.61610603,Medium
151497312,0.5331378,Medium
79537698,0.34975523,Medium
155594010,0.23915608,Low
124081056,0.46354505,Medium
204099918,0.42457002,Medium
54655140,0.5606271,Medium
97086912,0.3330323,Medium
189777180,0.3415529,Medium
179532084,0.46872902,Medium
52513098,0.2843415,Low
171570564,0.32865858,Low
307227956,0.6047213,Medium
96458916,0.26497763,Low
347191256,0.4390507,Medium
245827668,0.3854062,Medium
124791480,0.57098615,Medium
363723584,0.46174204,Medium
79398072,0.39646327,Medium
307814576,0.556203,Medium
279260052,0.53133774,Medium
269189928,0.33626407,Medium
184567362,0.5734238,Medium
112629138,0.4077746,Medium
249769032,0.5573974,Medium
92924100,0.63475245,Medium
157451484,0.44807446,Medium
217264584,0.6237343,Medium
156134742,0.3544177,Medium
255398220,0.36709332,Medium
49257498,0.5754393,Medium
161956284,0.4666668,Medium
70536912,0.53140485,Medium
240858462,0.42802188,Medium
274474056,0.3836575,Medium
210051900,0.4016003,Medium
20987076,0.4832132,Medium
28470276,0.48335797,Medium
72541938,0.4353737,Medium
96187446,0.48703507,Medium
202116846,0.38595897,Medium
170112762,0.28056657,Low
108149628,0.6269054,Medium
685086,0.52739197,Medium
226051128,0.4261119,Medium
24216360,0.22887701,Low
58704138,0.5319059,Medium
13433760,0.56750554,Medium
126250452,0.52183384,Medium
86298306,0.5473647,Medium
121704894,0.3307559,Medium
200445618,0.71107537,High
192552462,0.53657705,Medium
96256902,0.45381477,Medium
7770594,0.5687103,Medium
94641894,0.59569633,Medium
58575564,0.42250463,Medium
58347618,0.254616,Low
314283152,0.38273364,Medium
111505560,0.45008922,Medium
435572582,0.3265505,Low
59906772,0.58475745,Medium
171947202,0.4740009,Medium
191817516,0.4832384,Medium
99549708,0.4913425,Medium
131930400,0.26334104,Low
227430102,0.62062496,Medium
217506480,0.5391633,Medium
69928116,0.76336384,High
57080040,0.3556951,Medium
53647608,0.26156864,Low
178298952,0.5056224,Medium
191375016,0.47313246,Medium
131649726,0.501134,Medium
118459290,0.5357639,Medium
26831172,0.6779846,High
95099568,0.34207094,Medium
218727120,0.55708486,Medium
179005146,0.50731677,Medium
386747678,0.43967497,Medium
162111870,0.57565516,Medium
170674902,0.45212042,Medium
237250716,0.29320288,Low
53826168,0.5181883,Medium
82478586,0.3633723,Medium
173570754,0.35794285,Medium
81359526,0.31247744,Low
287204766,0.5975954,Medium
261001902,0.3788547,Medium
50177784,0.49300674,Medium
60725670,0.43505794,Medium
24846168,0.35485563,Medium
67114038,0.34457275,Medium
102862602,0.47062546,Medium
298515500,0.32637975,Low
99015084,0.6791369,High
340278824,0.48480162,Medium
16429674,0.64358073,Medium
234892086,0.65148795,Medium
159844494,0.49696046,Medium
252954234,0.51542574,Medium
313683248,0.37956747,Medium
99153756,0.5753801,Medium
140878470,0.45309657,Medium
27026562,0.38159698,Medium
151667256,0.5325284,Medium
116662986,0.25990155,Low
403231316,0.38932705,Medium
101313084,0.38523346,Medium
324907910,0.3830766,Medium
72620346,0.6391587,Medium
138402522,0.3109804,Low
222424002,0.56512797,Medium
270865416,0.48368773,Medium
103239558,0.34370178,Medium
343219574,0.41563648,Medium
179284434,0.32578114,Low
54925980,0.58441484,Medium
109793010,0.323234,Low
201846738,0.35641634,Medium
94409208,0.421679,Medium
67964862,0.5061025,Medium
84945648,0.4217273,Medium
103396404,0.504982,Medium
149974530,0.48875457,Medium
46083348,0.5444852,Medium
134347014,0.25882638,Low
411364118,0.41149682,Medium
87654756,0.36646757,Medium
162507558,0.36819762,Medium
235851762,0.339815,Medium
5480742,0.47887355,Medium
318961304,0.5568403,Medium
27754002,0.41644284,Medium
264152370,0.5488125,Medium
88184370,0.48016855,Medium
161505186,0.48096076,Medium
140664324,0.37372696,Medium
166997670,0.3714576,Medium
28309062,0.33442023,Medium
85680534,0.33519828,Medium
205329768,0.39970046,Medium
123912102,0.3141716,Low
134312214,0.2680558,Low
294252206,0.288407,Low
129549750,0.4157576,Medium
138809916,0.308319,Low
199180038,0.7551911,High
183766806,0.3427149,Medium
100019304,0.38887012,Medium
279188820,0.3175541,Low
278258304,0.4283325,Medium
107004198,0.6770393,High
148585944,0.3907842,Medium
122042196,0.26001114,Low
142901916,0.4475258,Medium
137830092,0.6043349,Medium
102690252,0.30082083,Low
279391854,0.21263996,Low
241322622,0.29572198,Low
158607996,0.5129852,Medium
35089572,0.5187714,Medium
2527092,0.521437,Medium
153490458,0.36499214,Medium
238898364,0.5375583,Medium
33870948,0.26960984,Low
281898948,0.47555783,Medium
166996932,0.34691498,Medium
9167862,0.50856656,Medium
103299900,0.36360863,Medium
41661090,0.43132123,Medium
180075894,0.58778626,Medium
84900708,0.48934656,Medium
132306138,0.34384793,Medium
135383346,0.41131097,Medium
167217042,0.3253365,Low
261697794,0.48956585,Medium
156856098,0.52129596,Medium
157835832,0.573947,Medium
58720956,0.43703514,Medium
84593448,0.2928321,Low
168601170,0.16945295,Low
75888162,0.4336205,Medium
121068582,0.3342697,Medium
68626914,0.35973522,Medium
32026836,0.49181864,Medium
191815944,0.49421176,Medium
175949214,0.35701224,Medium
207400950,0.6103228,Medium
146835702,0.59762114,Medium
88369794,0.43215236,Medium
39877476,0.48366168,Medium
152931522,0.3726336,Medium
35944500,0.49827492,Medium
105837654,0.4642682,Medium
303790070,0.32955807,Low
392590178,0.64883786,Medium
284067612,0.34218696,Medium
193095852,0.3169208,Low
327843608,0.43875322,Medium
158189556,0.5739624,Medium
374291072,0.5201804,Medium
284968920,0.5941874,Medium
71050056,0.6203067,Medium
249406572,0.51260555,Medium
165920496,0.29940397,Low
103633626,0.41700843,Medium
40986210,0.3283093,Low
46321110,0.5227512,Medium
1676676,0.44370806,Medium
134064300,0.4430168,Medium
204135168,0.7298614,High
209577006,0.3728074,Medium
48922164,0.53270084,Medium
95670822,0.44407657,Medium
236702784,0.4080979,Medium
72812094,0.3437819,Medium
84967266,0.2598997,Low
215017788,0.530935,Medium
155016852,0.5339167,Medium
35200938,0.29779953,Low
60424434,0.5395434,Medium
51497838,0.5081195,Medium
199214730,0.7495017,High
283705842,0.48768708,Medium
172789668,0.26526135,Low
81151992,0.38209316,Medium
96969876,0.4616597,Medium
98752830,0.79227066,High
229794372,0.8315316,High
118171134,0.6741345,High
203836956,0.44600484,Medium
95531742,0.28572583,Low
27185334,0.2700431,Low
108259920,0.5529392,Medium
126255060,0.74746203,High
230787876,0.3304328,Medium
67160958,0.54335386,Medium
64366464,0.42843783,Medium
142324350,0.44237018,Medium
285526500,0.56095296,Medium
175634328,0.61728555,Medium
253522200,0.4227247,Medium
36495198,0.59228337,Medium
58963692,0.54155296,Medium
189206520,0.7813174,High
62797440,0.5037711,Medium
139286580,0.33155403,Medium
124279386,0.4592408,Medium
240661800,0.23386416,Low
36690660,0.47859997,Medium
200737704,0.54227364,Medium
46223310,0.5271693,Medium
117946824,0.43302622,Medium
364368512,0.34621212,Medium
212175222,0.47673598,Medium
231545154,0.3401708,Medium
109112274,0.348325,Medium
235604100,0.5195943,Medium
154778448,0.5266803,Medium
169051656,0.3642752,Medium
100555284,0.53883755,Medium
210065994,0.39734322,Medium
153136884,0.42138773,Medium
62099646,0.54908687,Medium
136350978,0.50999844,Medium
155275404,0.41556153,Medium
87637776,0.47651997,Medium
240877092,0.34157774,Medium
229189440,0.5479012,Medium
60135672,0.48656425,Medium
171473088,0.5031511,Medium
274786374,0.46483913,Medium
279160830,0.4870113,Medium
143811942,0.5575383,Medium
277580016,0.4269148,Medium
4680186,0.43563426,Medium
310249460,0.37210494,Medium
390233810,0.50457174,Medium
160836972,0.6138531,Medium
232550382,0.60917443,Medium
112647936,0.44321576,Medium
135585360,0.3463462,Medium
288079968,0.5861113,Medium
327813782,0.45795685,Medium
99795942,0.52408516,Medium
135217542,0.5557415,Medium
376663430,0.3553428,Medium
161343522,0.4062439,Medium
79102926,0.32982662,Low
258117096,0.35670823,Medium
140747388,0.5917273,Medium
103492578,0.8111196,High
8683734,0.30970636,Low
152254548,0.53250897,Medium
136240458,0.5638857,Medium
268553736,0.42623177,Medium
144020814,0.26880231,Low
284406012,0.5601548,Medium
134518602,0.72312546,High
154975344,0.64757365,Medium
60435948,0.31129712,Low
154911978,0.38550097,Medium
71008044,0.46211922,Medium
75198528,0.4185499,Medium
63110076,0.44908154,Medium
161693664,0.5310769,Medium
70098372,0.35769036,Medium
23769144,0.39842308,Medium
58970586,0.572643,Medium
224062848,0.58314705,Medium
68993934,0.47325546,Medium
129893394,0.3395513,Medium
389018510,0.25977668,Low
65961696,0.5788748,Medium
166399452,0.55400825,Medium
124682052,0.51151216,Medium
173918964,0.32746258,Low
358426442,0.39258966,Medium
47518116,0.6149152,Medium
102549282,0.4783588,Medium
110856654,0.41239956,Medium
28461678,0.35808966,Medium
171039654,0.45908326,Medium
117206826,0.24114642,Low
249923004,0.3762745,Medium
397231130,0.3109285,Low
204546864,0.6122105,Medium
33579612,0.3655435,Medium
45681864,0.3978208,Medium
3251994,0.38529015,Medium
149076378,0.33130023,Medium
200345244,0.45075944,Medium
220935570,0.3788162,Medium
199869018,0.39346826,Medium
146025654,0.8361343,High
94939044,0.32782516,Low
93806568,0.50461906,Medium
62187108,0.52485734,Medium
151519176,0.30745062,Low
141006330,0.65754426,Medium
84127764,0.4806015,Medium
102596034,0.24668516,Low
156448104,0.48319337,Medium
139263516,0.42352933,Medium
188613492,0.3164027,Low
84555006,0.3845437,Medium
16108410,0.3811732,Medium
175581882,0.57010275,Medium
183796890,0.5917247,Medium
134855880,0.47867376,Medium
57317796,0.36436233,Medium
11801424,0.35789526,Medium
188523594,0.47381616,Medium
214790286,0.31072178,Low
131616552,0.44571283,Medium
233481432,0.3976438,Medium
122043006,0.5252786,Medium
57079674,0.44032183,Medium
257381316,0.5288092,Medium
224556306,0.36230284,Medium
227224548,0.42325634,Medium
302627366,0.5695975,Medium
90136908,0.58295095,Medium
61563078,0.38722697,Medium
57381840,0.578576,Medium
92596800,0.5727347,Medium
208644960,0.587179,Medium
248887350,0.38862768,Medium
48389376,0.5853792,Medium
23185140,0.775582,High
24022542,0.45517907,Medium
285268188,0.35296112,Medium
140747832,0.6184272,Medium
101759256,0.38002905,Medium
127110582,0.40708026,Medium
265089822,0.47998476,Medium
64548504,0.598443,Medium
222113598,0.54970044,Medium
159963786,0.54277605,Medium
148216620,0.35926458,Medium
289449318,0.24853365,Low
416225192,0.31044137,Low
192810336,0.39119396,Medium
115079712,0.6013782,Medium
189743556,0.5611775,Medium
255012156,0.7985819,High
149757762,0.24256822,Low
86359632,0.45539206,Medium
146735688,0.4105171,Medium
110953860,0.15781157,Low
114225612,0.29484168,Low
175191654,0.5732361,Medium
84325212,0.46109635,Medium
92855028,0.65404415,Medium
141307416,0.4644466,Medium
62034216,0.491733,Medium
264556470,0.397271,Medium
108978408,0.49236208,Medium
219974244,0.4033776,Medium
243317736,0.42507222,Medium
46857372,0.29095432,Low
430232432,0.41188428,Medium
110068482,0.4166765,Medium
158399820,0.33276412,Medium
250435548,0.67751473,High
30976758,0.32744065,Low
89548242,0.41333312,Medium
219634728,0.5111231,Medium
98772258,0.47199976,Medium
132447708,0.33930728,Medium
153297690,0.62290007,Medium
37862598,0.70567364,High
234891138,0.32502687,Low
154664010,0.39126062,Medium
107385414,0.4264758,Medium
19851918,0.67107326,High
202165956,0.413453,Medium
146327982,0.4030918,Medium
292130994,0.31081647,Low
77238636,0.2936411,Low
4092882,0.4159556,Medium
36088398,0.38306957,Medium
127299948,0.89513373,High
123351144,0.63995665,Medium
286085538,0.21997358,Low
304264940,0.4445512,Medium
352632866,0.50477976,Medium
150908262,0.5267344,Medium
440750084,0.22815034,Low
228078168,0.5329836,Medium
98869452,0.380789,Medium
270069144,0.41039345,Medium
336731648,0.3490561,Medium
9714996,0.35670573,Medium
166865976,0.69967705,High
56095044,0.59438664,Medium
370310924,0.44378647,Medium
280514616,0.3120199,Low
105913698,0.41577458,Medium
112296642,0.50536025,Medium
86533980,0.58237046,Medium
162471174,0.43491107,Medium
161622750,0.6073341,Medium
160350258,0.45903417,Medium
246977394,0.40950018,Medium
147725010,0.34459814,Medium
72227706,0.4682353,Medium
131643918,0.42271078,Medium
7766334,0.4911784,Medium
131116788,0.5713926,Medium
139548612,0.3569915,Medium
108256314,0.5042598,Medium
166123266,0.20509562,Low
78839358,0.4369561,Medium
322564916,0.49111605,Medium
13381938,0.40885076,Medium
395521034,0.39262283,Medium
44392902,0.53933895,Medium
112991304,0.41268194,Medium
248710872,0.54643106,Medium
173367012,0.26651123,Low
115772496,0.36813572,Medium
97444344,0.31886873,Low
152268498,0.3981022,Medium
197998656,0.5268063,Medium
86378268,0.46289882,Medium
37052652,0.4478554,Medium
138022194,0.35136083,Medium
137219820,0.49045545,Medium
31718814,0.5459644,Medium
165162108,0.6069338,Medium
26742000,0.27094287,Low
221115006,0.43358406,Medium
54650832,0.3372552,Medium
202583178,0.35785437,Medium
160811682,0.26524168,Low
40278618,0.5007076,Medium
72561468,0.55140114,Medium
172826028,0.5199927,Medium
175638924,0.37138063,Medium
151132140,0.3945287,Medium
2660244,0.2858519,Low
347211686,0.34664628,Medium
268669512,0.43722343,Medium
278912814,0.55085593,Medium
108819942,0.53219324,Medium
235811226,0.52725136,Medium
102247530,0.43749255,Medium
62798058,0.4743241,Medium
131207712,0.58874595,Medium
131147100,0.34632185,Medium
261615534,0.45002034,Medium
7960158,0.39957145,Medium
134611188,0.505594,Medium
86752656,0.49381122,Medium
30152046,0.3118977,Low
136182378,0.63905305,Medium
107723856,0.35764244,Medium
104092326,0.4465909,Medium
79662906,0.5777963,Medium
319036292,0.5424158,Medium
179186586,0.6176436,Medium
154754928,0.50776064,Medium
62599788,0.5665145,Medium
13148886,0.37765002,Medium
295479596,0.5096176,Medium
73187754,0.392574,Medium
125865198,0.44157672,Medium
83605242,0.45498413,Medium
140990712,0.3698798,Medium
58012200,0.612522,Medium
153534588,0.4409875,Medium
158970768,0.39528394,Medium
150465072,0.39925525,Medium
180937956,0.6393872,Medium
352588214,0.3862565,Medium
378401432,0.4978371,Medium
142803036,0.459501,Medium
170136498,0.31800386,Low
176119944,0.37513506,Medium
292495362,0.5236589,Medium
72845670,0.43864077,Medium
115348914,0.60084176,Medium
197280624,0.3956297,Medium
169032378,0.39933422,Medium
108272952,0.5019695,Medium
134195346,0.42000574,Medium
127909482,0.69467676,High
7414854,0.3010627,Low
274745298,0.564821,Medium
68063208,0.52135783,Medium
91421484,0.29890352,Low
404438606,0.514055,Medium
94523892,0.36246422,Medium
182163390,0.2211345,Low
156018720,0.6068366,Medium
54665280,0.5625487,Medium
394341176,0.42458442,Medium
349119668,0.47447887,Medium
134190444,0.6810243,High
228609564,0.6761771,High
226750470,0.566506,Medium
292861128,0.43177414,Medium
108464070,0.5590992,Medium
264029490,0.48131335,Medium
153177558,0.44631678,Medium
108056514,0.78068,High
60354720,0.50214696,Medium
185366964,0.5578103,Medium
231011118,0.41182142,Medium
198593634,0.6522577,Medium
77586630,0.6231543,Medium
428513012,0.47338533,Medium
190837026,0.56567496,Medium
74696598,0.3981229,Medium
241600548,0.27821577,Low
122802492,0.3674964,Medium
72848016,0.44586754,Medium
340823144,0.59092134,Medium
19419432,0.33842367,Medium
138244134,0.41536826,Medium
74238834,0.327648,Low
375525074,0.6068719,Medium
285604644,0.41632003,Medium
293035212,0.3535121,Medium
238835058,0.3200163,Low
305464436,0.39462975,Medium
385006274,0.26787394,Low
25300674,0.63149256,Medium
61005048,0.4588097,Medium
95402346,0.4896186,Medium
73653138,0.51270854,Medium
391346174,0.33164263,Medium
80337990,0.50085884,Medium
404921858,0.35453025,Medium
253780068,0.5609174,Medium
201622656,0.47757676,Medium
425511356,0.2736883,Low
253836000,0.6523867,Medium
83872872,0.3600894,Medium
243105540,0.4727403,Medium
106533438,0.31241706,Low
134505294,0.31989345,Low
333102086,0.3321043,Medium
117347472,0.47760606,Medium
293430894,0.3383663,Medium
145264398,0.40376505,Medium
142961784,0.339189,Medium
102227670,0.51079965,Medium
165633186,0.65517074,Medium
170816088,0.34202155,Medium
151903116,0.5618864,Medium
37778952,0.34530753,Medium
153274818,0.49104878,Medium
330815066,0.5991181,Medium
215552856,0.46830097,Medium
37208826,0.33639535,Medium
156184824,0.2559944,Low
34823226,0.5930333,Medium
206658210,0.5045488,Medium
163598466,0.40088537,Medium
40811448,0.646345,Medium
103119252,0.27866733,Low
304957526,0.29757893,Low
130759656,0.48925957,Medium
176611620,0.5028962,Medium
183288594,0.34770033,Medium
128282634,0.42187238,Medium
81111720,0.43511555,Medium
97428558,0.50138336,Medium
133352934,0.47700846,Medium
128463120,0.74425936,High
140228640,0.6924848,High
43707096,0.7326883,High
40206252,0.54486567,Medium
74402934,0.34966946,Medium
92883846,0.4983882,Medium
273628506,0.54281867,Medium
53334390,0.44909203,Medium
291182994,0.4642155,Medium
36990438,0.3950656,Medium
23424450,0.5441842,Medium
24170136,0.47817257,Medium
23774694,0.22771654,Low
269947086,0.3631137,Medium
387846692,0.6689177,High
8021076,0.3648946,Medium
39484950,0.40497667,Medium
102703380,0.66775554,High
84759900,0.37335017,Medium
165291060,0.4750668,Medium
276693096,0.39170098,Medium
110558316,0.3934853,Medium
222794328,0.2814275,Low
260217138,0.43794516,Medium
34154034,0.5238223,Medium
269278674,0.41248718,Medium
68436210,0.39634728,Medium
132425112,0.38376287,Medium
86533632,0.72895586,High
49893834,0.5328244,Medium
66261786,0.28575978,Low
16723800,0.75827354,High
123529776,0.61407375,Medium
163459986,0.59091884,Medium
43441980,0.4276996,Medium
74295960,0.38035473,Medium
200890908,0.6116812,Medium
85139328,0.27500296,Low
221745528,0.5050311,Medium
160402782,0.3842459,Medium
78157200,0.48748553,Medium
155379246,0.44040924,Medium
30169770,0.491664,Medium
183681822,0.59317386,Medium
258273864,0.5016274,Medium
142229556,0.49130255,Medium
277484748,0.38788086,Medium
38608548,0.3807941,Medium
128265354,0.66062844,High
47488404,0.4553161,Medium
169280658,0.48435476,Medium
139434354,0.3127231,Low
272960586,0.5350445,Medium
222276960,0.359697,Medium
259597764,0.43338567,Medium
219173298,0.5346113,Medium
70908102,0.46351627,Medium
36966474,0.6309983,Medium
154903518,0.3552178,Medium
263161260,0.46775422,Medium
69654192,0.48737618,Medium
272816688,0.48465532,Medium
79303008,0.5368197,Medium
122785050,0.61260176,Medium
420208622,0.25578794,Low
163414278,0.35673097,Medium
90511266,0.4028409,Medium
163738806,0.5264297,Medium
159636096,0.47684258,Medium
158326404,0.5692647,Medium
60560520,0.41233778,Medium
104760780,0.39940557,Medium
238966944,0.2927578,Low
61291356,0.523664,Medium
4337124,0.31496063,Low
298997438,0.42979103,Medium
111054738,0.3850172,Medium
399010286,0.52843404,Medium
56203878,0.50143474,Medium
56516070,0.39888754,Medium
136159512,0.5283674,Medium
79166016,0.10968093,Low
2298006,0.41837385,Medium
49714194,0.46912006,Medium
201701340,0.37808275,Medium
83721378,0.37766686,Medium
6725226,0.3100782,Low
102491214,0.4866287,Medium
39379800,0.42682794,Medium
56884350,0.26961225,Low
439014416,0.27667624,Low
128413848,0.55727935,Medium
239785188,0.4664206,Medium
53340918,0.49114877,Medium
165008838,0.6023931,Medium
353736086,0.62115276,Medium
64716204,0.59652406,Medium
120162444,0.55709696,Medium
26841144,0.4036951,Medium
26694138,0.28856266,Low
112376124,0.46180895,Medium
69678138,0.32550278,Low
93744630,0.24935389,Low
282458880,0.5343092,Medium
270588558,0.37308788,Medium
